fire_name,normalized,municipality_id,municipality_name,region_id,confidence,notes
ΑΘΗΝΑΣ,ΑΘΗΝΑΣ,9186.0,Αθηναίων,ΑΤΤΙΚΗΣ,manual,
ΑΘΗΝΩΝ,ΑΘΗΝΩΝ,9186.0,Αθηναίων,ΑΤΤΙΚΗΣ,manual,
ΠΕΙΡΑΙΑ,ΠΕΙΡΑΙΑ,9205.0,Πειραιώς,ΑΤΤΙΚΗΣ,manual,
ΑΙΓΙΝΑΣ,ΑΙΓΙΝΑΣ,9208.0,Αίγινας,ΑΤΤΙΚΗΣ,manual,
ΕΛΕΥΣΙΝΑΣ,ΕΛΕΥΣΙΝΑΣ,9229.0,Ελευσίνας,ΑΤΤΙΚΗΣ,manual,
ΜΕΓΑΡΩΝ,ΜΕΓΑΡΩΝ,9231.0,Μεγαρέων,ΑΤΤΙΚΗΣ,manual,
ΛΑΥΡΙΟΥ,ΛΑΥΡΙΟΥ,9219.0,Λαυρεωτικής,ΑΤΤΙΚΗΣ,manual,
ΜΑΚΡΗΣ,ΜΑΚΡΗΣ,9228.0,Ασπροπύργου,ΑΤΤΙΚΗΣ,manual,
ΚΡΩΠΙΑΣ,ΚΡΩΠΙΑΣ,9218.0,Κρωπίας,ΑΤΤΙΚΗΣ,manual,
ΚΟΜΟΤΗΝΗΣ,ΚΟΜΟΤΗΝΗΣ,9021.0,Κομοτηνής,ΑΝΑΤΟΛΙΚΗΣ ΜΑΚΕΔΟΝΙΑΣ ΚΑΙ ΘΡΑΚΗΣ,manual,
ΣΑΠΠΩΝ,ΣΑΠΠΩΝ,9022.0,Μαρωνείας - Σαπών,ΑΝΑΤΟΛΙΚΗΣ ΜΑΚΕΔΟΝΙΑΣ ΚΑΙ ΘΡΑΚΗΣ,manual,
ΙΑΣΜΟΥ,ΙΑΣΜΟΥ,9020.0,Ιάσμου,ΑΝΑΤΟΛΙΚΗΣ ΜΑΚΕΔΟΝΙΑΣ ΚΑΙ ΘΡΑΚΗΣ,manual,
ΚΑΒΑΛΑΣ,ΚΑΒΑΛΑΣ,9012.0,Καβάλας,ΑΝΑΤΟΛΙΚΗΣ ΜΑΚΕΔΟΝΙΑΣ ΚΑΙ ΘΡΑΚΗΣ,manual,
ΘΑΣΟΥ,ΘΑΣΟΥ,9011.0,Θάσου,ΑΝΑΤΟΛΙΚΗΣ ΜΑΚΕΔΟΝΙΑΣ ΚΑΙ ΘΡΑΚΗΣ,manual,
ΕΛΕΥΘΕΡΟΥΠΟΛΗΣ,ΕΛΕΥΘΕΡΟΥΠΟΛΗΣ,9023.0,Αλεξάνδρειας,ΚΕΝΤΡΙΚΗΣ ΜΑΚΕΔΟΝΙΑΣ,manual,
ΧΡΥΣΟΥΠΟΛΗΣ,ΧΡΥΣΟΥΠΟΛΗΣ,9023.0,Αλεξάνδρειας,ΚΕΝΤΡΙΚΗΣ ΜΑΚΕΔΟΝΙΑΣ,manual,
ΔΡΑΜΑΣ,ΔΡΑΜΑΣ,9002.0,Δράμας,ΑΝΑΤΟΛΙΚΗΣ ΜΑΚΕΔΟΝΙΑΣ ΚΑΙ ΘΡΑΚΗΣ,manual,
ΝΕΥΡΟΚΟΠΙΟΥ,ΝΕΥΡΟΚΟΠΙΟΥ,9003.0,Κάτω Νευροκοπίου,ΑΝΑΤΟΛΙΚΗΣ ΜΑΚΕΔΟΝΙΑΣ ΚΑΙ ΘΡΑΚΗΣ,manual,
ΞΑΝΘΗΣ,ΞΑΝΘΗΣ,9017.0,Ξάνθης,ΑΝΑΤΟΛΙΚΗΣ ΜΑΚΕΔΟΝΙΑΣ ΚΑΙ ΘΡΑΚΗΣ,manual,
ΑΛΕΞΑΝΔΡΟΥΠΟΛΗΣ,ΑΛΕΞΑΝΔΡΟΥΠΟΛΗΣ,9006.0,Αλεξανδρούπολης,ΑΝΑΤΟΛΙΚΗΣ ΜΑΚΕΔΟΝΙΑΣ ΚΑΙ ΘΡΑΚΗΣ,manual,
ΟΡΕΣΤΙΑΔΑΣ,ΟΡΕΣΤΙΑΔΑΣ,9008.0,Ορεστιάδας,ΑΝΑΤΟΛΙΚΗΣ ΜΑΚΕΔΟΝΙΑΣ ΚΑΙ ΘΡΑΚΗΣ,manual,
ΔΙΔΥΜΟΤΕΙΧΟΥ,ΔΙΔΥΜΟΤΕΙΧΟΥ,9007.0,Διδυμοτείχου,ΑΝΑΤΟΛΙΚΗΣ ΜΑΚΕΔΟΝΙΑΣ ΚΑΙ ΘΡΑΚΗΣ,manual,
ΣΟΥΦΛΙΟΥ,ΣΟΥΦΛΙΟΥ,9010.0,Σουφλίου,ΑΝΑΤΟΛΙΚΗΣ ΜΑΚΕΔΟΝΙΑΣ ΚΑΙ ΘΡΑΚΗΣ,manual,
ΘΕΣΣΑΛΟΝΙΚΗΣ,ΘΕΣΣΑΛΟΝΙΚΗΣ,9031.0,Θεσσαλονίκης,ΚΕΝΤΡΙΚΗΣ ΜΑΚΕΔΟΝΙΑΣ,manual,
ΛΑΓΚΑΔΑ,ΛΑΓΚΑΔΑ,9034.0,Λαγκαδά,ΚΕΝΤΡΙΚΗΣ ΜΑΚΕΔΟΝΙΑΣ,manual,
ΣΕΡΡΩΝ,ΣΕΡΡΩΝ,9054.0,Σερρών,ΚΕΝΤΡΙΚΗΣ ΜΑΚΕΔΟΝΙΑΣ,manual,
ΝΙΓΡΙΤΑΣ,ΝΙΓΡΙΤΑΣ,9040.0,Κιλκίς,ΚΕΝΤΡΙΚΗΣ ΜΑΚΕΔΟΝΙΑΣ,manual,
ΣΙΔΗΡΟΚΑΣΤΡΟΥ,ΣΙΔΗΡΟΚΑΣΤΡΟΥ,9040.0,Κιλκίς,ΚΕΝΤΡΙΚΗΣ ΜΑΚΕΔΟΝΙΑΣ,manual,
ΡΟΔΟΛΙΒΟΥΣ,ΡΟΔΟΛΙΒΟΥΣ,9039.0,Ωραιοκάστρου,ΚΕΝΤΡΙΚΗΣ ΜΑΚΕΔΟΝΙΑΣ,manual,
ΠΟΛΥΓΥΡΟΥ,ΠΟΛΥΓΥΡΟΥ,9059.0,Πολυγύρου,ΚΕΝΤΡΙΚΗΣ ΜΑΚΕΔΟΝΙΑΣ,manual,
ΟΡΟΥΣ,ΟΡΟΥΣ,9034.0,Λαγκαδά,ΚΕΝΤΡΙΚΗΣ ΜΑΚΕΔΟΝΙΑΣ,manual,
ΜΑΡΜΑΡΑ,ΜΑΡΜΑΡΑ,9030.0,Θέρμης,ΚΕΝΤΡΙΚΗΣ ΜΑΚΕΔΟΝΙΑΣ,manual,
ΚΑΣΣΑΝΔΡΑΣ,ΚΑΣΣΑΝΔΡΑΣ,9057.0,Κασσάνδρας,ΚΕΝΤΡΙΚΗΣ ΜΑΚΕΔΟΝΙΑΣ,manual,
ΑΡΝΑΙΑΣ,ΑΡΝΑΙΑΣ,9031.0,Θεσσαλονίκης,ΚΕΝΤΡΙΚΗΣ ΜΑΚΕΔΟΝΙΑΣ,manual,
ΚΙΛΚΙΣ,ΚΙΛΚΙΣ,9040.0,Κιλκίς,ΚΕΝΤΡΙΚΗΣ ΜΑΚΕΔΟΝΙΑΣ,manual,
ΓΟΥΜΕΝΙΣΣΑΣ,ΓΟΥΜΕΝΙΣΣΑΣ,9040.0,Κιλκίς,ΚΕΝΤΡΙΚΗΣ ΜΑΚΕΔΟΝΙΑΣ,manual,
ΕΔΕΣΣΑΣ,ΕΔΕΣΣΑΣ,9043.0,Έδεσσας,ΚΕΝΤΡΙΚΗΣ ΜΑΚΕΔΟΝΙΑΣ,manual,
ΓΙΑΝΝΙΤΣΩΝ,ΓΙΑΝΝΙΤΣΩΝ,9044.0,Πέλλας,ΚΕΝΤΡΙΚΗΣ ΜΑΚΕΔΟΝΙΑΣ,manual,
ΑΡΙΔΑΙΑΣ,ΑΡΙΔΑΙΑΣ,9044.0,Πέλλας,ΚΕΝΤΡΙΚΗΣ ΜΑΚΕΔΟΝΙΑΣ,manual,
ΒΕΡΟΙΑΣ,ΒΕΡΟΙΑΣ,9024.0,Βέροιας,ΚΕΝΤΡΙΚΗΣ ΜΑΚΕΔΟΝΙΑΣ,manual,
ΝΑΟΥΣΑΣ,ΝΑΟΥΣΑΣ,9025.0,Νάουσας,ΚΕΝΤΡΙΚΗΣ ΜΑΚΕΔΟΝΙΑΣ,manual,
ΚΑΤΕΡΙΝΗΣ,ΚΑΤΕΡΙΝΗΣ,9047.0,Κατερίνης,ΚΕΝΤΡΙΚΗΣ ΜΑΚΕΔΟΝΙΑΣ,exact,
ΛΙΤΟΧΩΡΟΥ,ΛΙΤΟΧΩΡΟΥ,9046.0,Δίου - Ολύμπου,ΚΕΝΤΡΙΚΗΣ ΜΑΚΕΔΟΝΙΑΣ,manual,
ΚΟΖΑΝΗΣ,ΚΟΖΑΝΗΣ,9068.0,Εορδαίας,ΔΥΤΙΚΗΣ ΜΑΚΕΔΟΝΙΑΣ,manual,
ΠΤΟΛΕΜΑΙΔΑΣ,ΠΤΟΛΕΜΑΙΔΑΣ,9067.0,Εορδαίας,ΔΥΤΙΚΗΣ ΜΑΚΕΔΟΝΙΑΣ,manual,
ΦΛΩΡΙΝΑΣ,ΦΛΩΡΙΝΑΣ,9072.0,Φλώρινας,ΔΥΤΙΚΗΣ ΜΑΚΕΔΟΝΙΑΣ,manual,
ΚΑΣΤΟΡΙΑΣ,ΚΑΣΤΟΡΙΑΣ,9063.0,Καστοριάς,ΔΥΤΙΚΗΣ ΜΑΚΕΔΟΝΙΑΣ,manual,
ΝΕΣΤΟΡΙΟΥ,ΝΕΣΤΟΡΙΟΥ,9064.0,Νεστορίου,ΔΥΤΙΚΗΣ ΜΑΚΕΔΟΝΙΑΣ,manual,
ΓΡΕΒΕΝΩΝ,ΓΡΕΒΕΝΩΝ,9061.0,Γρεβενών,ΔΥΤΙΚΗΣ ΜΑΚΕΔΟΝΙΑΣ,exact,
ΙΩΑΝΝΙΝΩΝ,ΙΩΑΝΝΙΝΩΝ,9084.0,Ιωαννιτών,ΗΠΕΙΡΟΥ,manual,
ΜΕΤΣΟΒΟΥ,ΜΕΤΣΟΒΟΥ,9086.0,Μετσόβου,ΗΠΕΙΡΟΥ,manual,
ΔΕΛΒΙΝΑΚΙΟΥ,ΔΕΛΒΙΝΑΚΙΟΥ,9076.0,Νικολάου Σκουφά,ΗΠΕΙΡΟΥ,manual,
ΚΟΝΙΤΣΑΣ,ΚΟΝΙΤΣΑΣ,9085.0,Κόνιτσας,ΗΠΕΙΡΟΥ,manual,
ΗΓΟΥΜΕΝΙΤΣΑΣ,ΗΓΟΥΜΕΝΙΤΣΑΣ,9077.0,Ηγουμενίτσας,ΗΠΕΙΡΟΥ,manual,
ΠΑΡΑΜΥΘΙΑΣ,ΠΑΡΑΜΥΘΙΑΣ,9077.0,Ηγουμενίτσας,ΗΠΕΙΡΟΥ,manual,
ΦΙΛΙΑΤΩΝ,ΦΙΛΙΑΤΩΝ,9079.0,Φιλιατών,ΗΠΕΙΡΟΥ,exact,
ΑΡΤΑΣ,ΑΡΤΑΣ,9073.0,Αρταίων,ΗΠΕΙΡΟΥ,manual,
ΠΡΕΒΕΖΑΣ,ΠΡΕΒΕΖΑΣ,9090.0,Πρέβεζας,ΗΠΕΙΡΟΥ,exact,
ΦΙΛΛΙΠΙΑΔΑΣ,ΦΙΛΛΙΠΙΑΔΑΣ,9078.0,Σουλίου,ΗΠΕΙΡΟΥ,manual,
ΘΕΣΠΡΩΤΙΚΟΥ,ΘΕΣΠΡΩΤΙΚΟΥ,9076.0,Νικολάου Σκουφά,ΗΠΕΙΡΟΥ,manual,
ΠΑΡΓΑΣ,ΠΑΡΓΑΣ,9089.0,Πάργας,ΗΠΕΙΡΟΥ,exact,
ΑΓΙΑΣ,ΑΓΙΑΣ,9097.0,Αγιάς,ΘΕΣΣΑΛΙΑΣ,manual,
ΦΑΡΣΑΛΩΝ,ΦΑΡΣΑΛΩΝ,9103.0,Φαρσάλων,ΘΕΣΣΑΛΙΑΣ,manual,
ΛΑΡΙΣΑΣ,ΛΑΡΙΣΑΣ,9100.0,Λαρισαίων,ΘΕΣΣΑΛΙΑΣ,manual,
ΕΛΑΣΣΩΝΑΣ,ΕΛΑΣΣΩΝΑΣ,9098.0,Ελασσόνας,ΘΕΣΣΑΛΙΑΣ,manual,
ΒΟΛΟΥ,ΒΟΛΟΥ,9105.0,Βόλου,ΘΕΣΣΑΛΙΑΣ,manual,
ΑΛΜΥΡΟΥ,ΑΛΜΥΡΟΥ,9104.0,Αλμυρού,ΘΕΣΣΑΛΙΑΣ,exact,
ΣΚΟΠΕΛΟΥ,ΣΚΟΠΕΛΟΥ,9111.0,Σκοπέλου,ΘΕΣΣΑΛΙΑΣ,manual,
ΣΚΙΑΘΟΥ,ΣΚΙΑΘΟΥ,9110.0,Σκιάθου,ΘΕΣΣΑΛΙΑΣ,manual,
ΑΛΟΝΝΗΣΟΥ,ΑΛΟΝΝΗΣΟΥ,9109.0,Αλοννήσου,ΘΕΣΣΑΛΙΑΣ,manual,
ΤΡΙΚΑΛΩΝ,ΤΡΙΚΑΛΩΝ,9114.0,Τρικκαίων,ΘΕΣΣΑΛΙΑΣ,manual,
ΟΙΧΑΛΙΑΣ,ΟΙΧΑΛΙΑΣ,9256.0,Οιχαλίας,ΠΕΛΟΠΟΝΝΗΣΟΥ,exact,
ΚΑΛΑΜΠΑΚΑΣ,ΚΑΛΑΜΠΑΚΑΣ,9112.0,Καλαμπάκας,ΘΕΣΣΑΛΙΑΣ,exact,
ΚΑΡΔΙΤΣΑΣ,ΚΑΡΔΙΤΣΑΣ,9092.0,Καρδίτσας,ΘΕΣΣΑΛΙΑΣ,manual,
ΜΟΥΖΑΚΙΟΥ,ΜΟΥΖΑΚΙΟΥ,9094.0,Μουζακίου,ΘΕΣΣΑΛΙΑΣ,manual,
ΠΑΛΑΜΑ,ΠΑΛΑΜΑ,9095.0,Παλαμά,ΘΕΣΣΑΛΙΑΣ,manual,
ΧΑΛΑΝΔΡΙΤΣΑΣ,ΧΑΛΑΝΔΡΙΤΣΑΣ,,,,unknown,
ΠΑΤΡΩΝ,ΠΑΤΡΩΝ,9134.0,Πατρέων,ΔΥΤΙΚΗΣ ΕΛΛΑΔΑΣ,manual,
ΑΙΓΙΟΥ,ΑΙΓΙΟΥ,9130.0,Αιγιαλείας,ΔΥΤΙΚΗΣ ΕΛΛΑΔΑΣ,manual,
ΑΚΡΑΤΑΣ,ΑΚΡΑΤΑΣ,9130.0,Αιγιαλείας,ΔΥΤΙΚΗΣ ΕΛΛΑΔΑΣ,manual,
ΚΑΛΑΒΡΥΤΩΝ,ΚΑΛΑΒΡΥΤΩΝ,9131.0,Δυτικής Αχαΐας,ΔΥΤΙΚΗΣ ΕΛΛΑΔΑΣ,manual,
ΜΕΣΟΛΟΓΓΙΟΥ,ΜΕΣΟΛΟΓΓΙΟΥ,9127.0,Ιεράς Πόλης Μεσολογγίου,ΔΥΤΙΚΗΣ ΕΛΛΑΔΑΣ,manual,
ΑΓΡΙΝΙΟΥ,ΑΓΡΙΝΙΟΥ,9123.0,Αγρινίου,ΔΥΤΙΚΗΣ ΕΛΛΑΔΑΣ,manual,
ΝΑΥΠΑΚΤΟΥ,ΝΑΥΠΑΚΤΟΥ,9128.0,Ναυπακτίας,ΔΥΤΙΚΗΣ ΕΛΛΑΔΑΣ,manual,
ΑΜΦΙΛΟΧΙΑΣ,ΑΜΦΙΛΟΧΙΑΣ,9125.0,Αμφιλοχίας,ΔΥΤΙΚΗΣ ΕΛΛΑΔΑΣ,manual,
ΠΥΡΓΟΥ,ΠΥΡΓΟΥ,9141.0,Πύργου,ΔΥΤΙΚΗΣ ΕΛΛΑΔΑΣ,manual,
ΟΛΥΜΠΙΑΣ,ΟΛΥΜΠΙΑΣ,9137.0,Αρχαίας Ολυμπίας,ΔΥΤΙΚΗΣ ΕΛΛΑΔΑΣ,normalized,Substring match
ΚΡΕΣΤΑΙΝΩΝ,ΚΡΕΣΤΑΙΝΩΝ,9136.0,Ανδριτσαίνας - Κρεστένων,ΔΥΤΙΚΗΣ ΕΛΛΑΔΑΣ,manual,
ΑΜΑΛΙΑΔΑΣ,ΑΜΑΛΙΑΔΑΣ,9135.0,Ανδραβίδας - Κυλλήνης,ΔΥΤΙΚΗΣ ΕΛΛΑΔΑΣ,manual,
ΛΕΧΑΙΝΩΝ,ΛΕΧΑΙΝΩΝ,9128.0,Ναυπακτίας,ΔΥΤΙΚΗΣ ΕΛΛΑΔΑΣ,manual,
ΤΡΙΠΟΛΗΣ,ΤΡΙΠΟΛΗΣ,9241.0,Τρίπολης,ΠΕΛΟΠΟΝΝΗΣΟΥ,exact,
ΑΣΤΡΟΥΣ,ΑΣΤΡΟΥΣ,9135.0,Ανδραβίδας - Κυλλήνης,ΔΥΤΙΚΗΣ ΕΛΛΑΔΑΣ,manual,
ΒΥΤΙΝΑΣ,ΒΥΤΙΝΑΣ,9132.0,Ερυμάνθου,ΔΥΤΙΚΗΣ ΕΛΛΑΔΑΣ,manual,
ΜΕΓΑΛΟΠΟΛΗΣ,ΜΕΓΑΛΟΠΟΛΗΣ,9239.0,Μεγαλόπολης,ΠΕΛΟΠΟΝΝΗΣΟΥ,exact,
ΚΑΛΑΜΑΤΑΣ,ΚΑΛΑΜΑΤΑΣ,9254.0,Καλαμάτας,ΠΕΛΟΠΟΝΝΗΣΟΥ,manual,
ΜΕΛΙΓΑΛΑ,ΜΕΛΙΓΑΛΑ,9257.0,Πύλου - Νέστορος,ΠΕΛΟΠΟΝΝΗΣΟΥ,manual,
ΓΑΡΓΑΛΙΑΝΩΝ,ΓΑΡΓΑΛΙΑΝΩΝ,9239.0,Μεγαλόπολης,ΠΕΛΟΠΟΝΝΗΣΟΥ,manual,
ΚΥΠΑΡΙΣΣΙΑΣ,ΚΥΠΑΡΙΣΣΙΑΣ,9257.0,Πύλου - Νέστορος,ΠΕΛΟΠΟΝΝΗΣΟΥ,manual,
ΠΥΛΟΥ,ΠΥΛΟΥ,9257.0,Πύλου - Νέστορος,ΠΕΛΟΠΟΝΝΗΣΟΥ,manual,
ΣΠΑΡΤΗΣ,ΣΠΑΡΤΗΣ,9252.0,Σπάρτης,ΠΕΛΟΠΟΝΝΗΣΟΥ,manual,
ΓΥΘΕΙΟΥ,ΓΥΘΕΙΟΥ,9252.0,Σπάρτης,ΠΕΛΟΠΟΝΝΗΣΟΥ,manual,
ΚΥΘΗΡΩΝ,ΚΥΘΗΡΩΝ,9209.0,Κυθήρων,ΑΤΤΙΚΗΣ,exact,
ΜΟΛΑΩΝ,ΜΟΛΑΩΝ,9252.0,Σπάρτης,ΠΕΛΟΠΟΝΝΗΣΟΥ,manual,
ΝΑΥΠΛΙΟΥ,ΝΑΥΠΛΙΟΥ,9236.0,Ναυπλιέων,ΠΕΛΟΠΟΝΝΗΣΟΥ,manual,
ΚΡΑΝΙΔΙΟΥ,ΚΡΑΝΙΔΙΟΥ,9235.0,Ερμιονίδας,ΠΕΛΟΠΟΝΝΗΣΟΥ,manual,
ΤΡΟΙΖΗΝΑΣ,ΤΡΟΙΖΗΝΑΣ,9213.0,Τροιζηνίας,ΑΤΤΙΚΗΣ,manual,
ΑΡΓΟΥΣ,ΑΡΓΟΥΣ,9233.0,Άργους - Μυκηνών,ΠΕΛΟΠΟΝΝΗΣΟΥ,manual,
ΚΟΡΙΝΘΟΥ,ΚΟΡΙΝΘΟΥ,9243.0,Κορινθίων,ΠΕΛΟΠΟΝΝΗΣΟΥ,manual,
ΚΙΑΤΟΥ,ΚΙΑΤΟΥ,9242.0,Λουτρακίου - Αγ. Θεοδώρων,ΠΕΛΟΠΟΝΝΗΣΟΥ,manual,
ΕΥΡΩΣΤΙΝΗΣ,ΕΥΡΩΣΤΙΝΗΣ,9246.0,Ξυλοκάστρου - Ευρωστίνης,ΠΕΛΟΠΟΝΝΗΣΟΥ,normalized,Substring match
ΛΑΜΙΑΣ,ΛΑΜΙΑΣ,9160.0,Λαμιέων,ΣΤΕΡΕΑΣ ΕΛΛΑΔΑΣ,manual,
ΑΤΑΛΑΝΤΗΣ,ΑΤΑΛΑΝΤΗΣ,9144.0,Θηβαίων,ΣΤΕΡΕΑΣ ΕΛΛΑΔΑΣ,manual,
ΔΟΜΟΚΟΥ,ΔΟΜΟΚΟΥ,9159.0,Δομοκού,ΣΤΕΡΕΑΣ ΕΛΛΑΔΑΣ,manual,
ΑΜΦΙΚΛΕΙΑΣ,ΑΜΦΙΚΛΕΙΑΣ,9158.0,Αμφίκλειας - Ελάτειας,ΣΤΕΡΕΑΣ ΕΛΛΑΔΑΣ,normalized,Substring match
ΣΤΥΛΙΔΑΣ,ΣΤΥΛΙΔΑΣ,9164.0,Στυλίδας,ΣΤΕΡΕΑΣ ΕΛΛΑΔΑΣ,manual,
ΚΩΝΣΤΑΝΤΙΝΟΥ,ΚΩΝΣΤΑΝΤΙΝΟΥ,9284.0,Κω,ΝΟΤΙΟΥ ΑΙΓΑΙΟΥ,normalized,Substring match
ΜΑΚΡΑΚΩΜΗΣ,ΜΑΚΡΑΚΩΜΗΣ,9162.0,Μακρακώμης,ΣΤΕΡΕΑΣ ΕΛΛΑΔΑΣ,manual,
ΚΑΡΠΕΝΗΣΙΟΥ,ΚΑΡΠΕΝΗΣΙΟΥ,9157.0,Καρπενησίου,ΣΤΕΡΕΑΣ ΕΛΛΑΔΑΣ,manual,
ΦΟΥΡΝΑ,ΦΟΥΡΝΑ,9165.0,Δελφών,ΣΤΕΡΕΑΣ ΕΛΛΑΔΑΣ,manual,
ΑΜΦΙΣΣΑΣ,ΑΜΦΙΣΣΑΣ,9143.0,Διστόμου-Αράχοβας - Αντίκυρας,ΣΤΕΡΕΑΣ ΕΛΛΑΔΑΣ,manual,
ΛΙΔΩΡΙΚΙΟΥ,ΛΙΔΩΡΙΚΙΟΥ,9143.0,Διστόμου-Αράχοβας - Αντίκυρας,ΣΤΕΡΕΑΣ ΕΛΛΑΔΑΣ,manual,
ΠΟΛΥΔΡΟΣΟΥ,ΠΟΛΥΔΡΟΣΟΥ,9116.0,Θηβαίων,ΙΟΝΙΩΝ ΝΗΣΩΝ,manual,
ΙΤΕΑΣ,ΙΤΕΑΣ,9143.0,Διστόμου-Αράχοβας - Αντίκυρας,ΣΤΕΡΕΑΣ ΕΛΛΑΔΑΣ,manual,
ΛΙΒΑΔΕΙΑΣ,ΛΙΒΑΔΕΙΑΣ,9145.0,Λεβαδέων,ΣΤΕΡΕΑΣ ΕΛΛΑΔΑΣ,manual,
ΘΗΒΑΣ,ΘΗΒΑΣ,9144.0,Θηβαίων,ΣΤΕΡΕΑΣ ΕΛΛΑΔΑΣ,manual,
ΟΙΝΟΦΥΤΩΝ,ΟΙΝΟΦΥΤΩΝ,9144.0,Θηβαίων,ΣΤΕΡΕΑΣ ΕΛΛΑΔΑΣ,manual,
ΧΑΛΚΙΔΑΣ,ΧΑΛΚΙΔΑΣ,9152.0,Κύμης - Αλιβερίου,ΣΤΕΡΕΑΣ ΕΛΛΑΔΑΣ,manual,
ΚΥΜΗΣ,ΚΥΜΗΣ,9152.0,Κύμης - Αλιβερίου,ΣΤΕΡΕΑΣ ΕΛΛΑΔΑΣ,manual,
ΑΛΙΒΕΡΙΟΥ,ΑΛΙΒΕΡΙΟΥ,9152.0,Κύμης - Αλιβερίου,ΣΤΕΡΕΑΣ ΕΛΛΑΔΑΣ,manual,
ΚΑΡΥΣΤΟΥ,ΚΑΡΥΣΤΟΥ,9151.0,Καρύστου,ΣΤΕΡΕΑΣ ΕΛΛΑΔΑΣ,exact,
ΣΚΥΡΟΥ,ΣΚΥΡΟΥ,9154.0,Σκύρου,ΣΤΕΡΕΑΣ ΕΛΛΑΔΑΣ,manual,
ΙΣΤΙΑΙΑΣ,ΙΣΤΙΑΙΑΣ,9150.0,Ιστιαίας - Αιδηψού,ΣΤΕΡΕΑΣ ΕΛΛΑΔΑΣ,manual,
ΛΙΜΝΗΣ,ΛΙΜΝΗΣ,9093.0,Λίμνης Πλαστήρα,ΘΕΣΣΑΛΙΑΣ,normalized,Substring match
ΜΑΝΤΟΥΔΙΟΥ,ΜΑΝΤΟΥΔΙΟΥ,9153.0,Μαντουδίου - Λίμνης - Αγίας Άννας,ΣΤΕΡΕΑΣ ΕΛΛΑΔΑΣ,manual,
ΕΡΜΟΥΠΟΛΗΣ,ΕΡΜΟΥΠΟΛΗΣ,9300.0,Σύρου - Ερμούπολης,ΝΟΤΙΟΥ ΑΙΓΑΙΟΥ,normalized,Substring match
ΠΑΡΟΥ,ΠΑΡΟΥ,9294.0,Πάρου,ΝΟΤΙΟΥ ΑΙΓΑΙΟΥ,manual,
ΝΑΞΟΥ,ΝΑΞΟΥ,9292.0,Νάξου & Μικρών Κυκλάδων,ΝΟΤΙΟΥ ΑΙΓΑΙΟΥ,manual,
ΡΟΔΟΥ,ΡΟΔΟΥ,9296.0,Ρόδου,ΝΟΤΙΟΥ ΑΙΓΑΙΟΥ,manual,
ΛΙΝΔΟΥ,ΛΙΝΔΟΥ,9296.0,Ρόδου,ΝΟΤΙΟΥ ΑΙΓΑΙΟΥ,manual,
ΚΑΡΠΑΘΟΥ,ΚΑΡΠΑΘΟΥ,9280.0,Καρπάθου,ΝΟΤΙΟΥ ΑΙΓΑΙΟΥ,manual,
ΚΩ,ΚΩ,9284.0,Κω,ΝΟΤΙΟΥ ΑΙΓΑΙΟΥ,exact,
ΜΥΤΙΛΗΝΗΣ,ΜΥΤΙΛΗΝΗΣ,9261.0,Λέσβου,ΒΟΡΕΙΟΥ ΑΙΓΑΙΟΥ,manual,
ΚΑΛΛΟΝΗΣ,ΚΑΛΛΟΝΗΣ,9261.0,Λέσβου,ΒΟΡΕΙΟΥ ΑΙΓΑΙΟΥ,manual,
ΑΓΙΑΣΟΥ,ΑΓΙΑΣΟΥ,9307.0,Μινώα Πεδιάδας,ΚΡΗΤΗΣ,manual,
ΛΗΜΝΟΥ,ΛΗΜΝΟΥ,9263.0,Λήμνου,ΒΟΡΕΙΟΥ ΑΙΓΑΙΟΥ,manual,
ΧΙΟΥ,ΧΙΟΥ,9266.0,Χίου,ΒΟΡΕΙΟΥ ΑΙΓΑΙΟΥ,manual,
ΚΑΡΔΑΜΥΛΩΝ,ΚΑΡΔΑΜΥΛΩΝ,9261.0,Λέσβου,ΒΟΡΕΙΟΥ ΑΙΓΑΙΟΥ,manual,
ΣΑΜΟΥ,ΣΑΜΟΥ,9264.0,Σάμου,ΒΟΡΕΙΟΥ ΑΙΓΑΙΟΥ,manual,
ΚΗΡΥΚΟΥ,ΚΗΡΥΚΟΥ,9261.0,Λέσβου,ΒΟΡΕΙΟΥ ΑΙΓΑΙΟΥ,manual,
ΚΑΡΛΟΒΑΣΙΟΥ,ΚΑΡΛΟΒΑΣΙΟΥ,9261.0,Λέσβου,ΒΟΡΕΙΟΥ ΑΙΓΑΙΟΥ,manual,
ΜΟΙΡΩΝ,ΜΟΙΡΩΝ,9261.0,Λέσβου,ΒΟΡΕΙΟΥ ΑΙΓΑΙΟΥ,manual,
ΧΕΡΣΟΝΗΣΟΥ,ΧΕΡΣΟΝΗΣΟΥ,9309.0,Χερσονήσου,ΚΡΗΤΗΣ,exact,
ΗΡΑΚΛΕΙΟΥ,ΗΡΑΚΛΕΙΟΥ,9170.0,Ηρακλείου,ΑΤΤΙΚΗΣ,manual,
ΒΡΥΣΣΩΝ,ΒΡΥΣΣΩΝ,9261.0,Λέσβου,ΒΟΡΕΙΟΥ ΑΙΓΑΙΟΥ,manual,
ΧΑΝΙΩΝ,ΧΑΝΙΩΝ,9325.0,Χανίων,ΚΡΗΤΗΣ,manual,
ΚΑΝΤΑΝΟΥ,ΚΑΝΤΑΝΟΥ,9321.0,Καντάνου - Σέλινου,ΚΡΗΤΗΣ,normalized,Substring match
ΡΕΘΥΜΝΗΣ,ΡΕΘΥΜΝΗΣ,9318.0,Ρεθύμνης,ΚΡΗΤΗΣ,manual,
ΝΙΚΟΛΑΟΥ,ΝΙΚΟΛΑΟΥ,9076.0,Νικολάου Σκουφά,ΗΠΕΙΡΟΥ,normalized,Substring match
ΙΕΡΑΠΕΤΡΑΣ,ΙΕΡΑΠΕΤΡΑΣ,9311.0,Ιεράπετρας,ΚΡΗΤΗΣ,exact,
ΣΗΤΕΙΑΣ,ΣΗΤΕΙΑΣ,9313.0,Σητείας,ΚΡΗΤΗΣ,exact,
ΘΥΝΑΛΙΩΝ,ΘΥΝΑΛΙΩΝ,9261.0,Λέσβου,ΒΟΡΕΙΟΥ ΑΙΓΑΙΟΥ,manual,
ΑΡΓΥΡΑΔΩΝ,ΑΡΓΥΡΑΔΩΝ,,,,unknown,
ΚΕΡΚΥΡΑΣ,ΚΕΡΚΥΡΑΣ,9118.0,Κέρκυρας,ΙΟΝΙΩΝ ΝΗΣΩΝ,exact,
ΛΕΥΚΑΔΑΣ,ΛΕΥΚΑΔΑΣ,9121.0,Λευκάδας,ΙΟΝΙΩΝ ΝΗΣΩΝ,manual,
ΒΑΣΙΛΙΚΗΣ,ΒΑΣΙΛΙΚΗΣ,9261.0,Λέσβου,ΒΟΡΕΙΟΥ ΑΙΓΑΙΟΥ,manual,
ΑΡΓΟΣΤΟΛΙΟΥ,ΑΡΓΟΣΤΟΛΙΟΥ,9120.0,Κεφαλονιάς,ΙΟΝΙΩΝ ΝΗΣΩΝ,manual,
ΣΑΜΗΣ,ΣΑΜΗΣ,9120.0,Κεφαλονιάς,ΙΟΝΙΩΝ ΝΗΣΩΝ,manual,
ΙΘΑΚΗΣ,ΙΘΑΚΗΣ,9117.0,Ιθάκης,ΙΟΝΙΩΝ ΝΗΣΩΝ,manual,
ΛΗΞΟΥΡΙΟΥ,ΛΗΞΟΥΡΙΟΥ,9120.0,Κεφαλονιάς,ΙΟΝΙΩΝ ΝΗΣΩΝ,manual,
ΖΑΚΥΝΘΟΥ,ΖΑΚΥΝΘΟΥ,9116.0,Ζακύνθου,ΙΟΝΙΩΝ ΝΗΣΩΝ,manual,
ΠΑΡΑΝΕΣΤΙΟΥ,ΠΑΡΑΝΕΣΤΙΟΥ,9004.0,Παρανεστίου,ΑΝΑΤΟΛΙΚΗΣ ΜΑΚΕΔΟΝΙΑΣ ΚΑΙ ΘΡΑΚΗΣ,exact,
ΣΤΑΥΡΟΥΠΟΛΗΣ,ΣΤΑΥΡΟΥΠΟΛΗΣ,9290.0,Μυκόνου,ΝΟΤΙΟΥ ΑΙΓΑΙΟΥ,manual,
ΔΙΚΑΙΩΝ,ΔΙΚΑΙΩΝ,9118.0,Παξών,ΙΟΝΙΩΝ ΝΗΣΩΝ,manual,
ΜΟΥΡΙΩΝ,ΜΟΥΡΙΩΝ,9118.0,Παξών,ΙΟΝΙΩΝ ΝΗΣΩΝ,manual,
ΒΕΡΓΙΝΑΣ,ΒΕΡΓΙΝΑΣ,9044.0,Πέλλας,ΚΕΝΤΡΙΚΗΣ ΜΑΚΕΔΟΝΙΑΣ,manual,
ΑΛΕΞΑΝΔΡΕΙΑΣ,ΑΛΕΞΑΝΔΡΕΙΑΣ,9023.0,Αλεξάνδρειας,ΚΕΝΤΡΙΚΗΣ ΜΑΚΕΔΟΝΙΑΣ,exact,
ΚΟΛΙΝΔΡΟΥ,ΚΟΛΙΝΔΡΟΥ,9048.0,Πύδνας - Κολινδρού,ΚΕΝΤΡΙΚΗΣ ΜΑΚΕΔΟΝΙΑΣ,manual,
ΣΕΡΒΙΩΝ,ΣΕΡΒΙΩΝ,9069.0,Σερβίων - Βελβεντού,ΔΥΤΙΚΗΣ ΜΑΚΕΔΟΝΙΑΣ,manual,
ΟΡΕΣΤΙΚΟΥ,ΟΡΕΣΤΙΚΟΥ,9044.0,Πέλλας,ΚΕΝΤΡΙΚΗΣ ΜΑΚΕΔΟΝΙΑΣ,manual,
ΕΠΤΑΧΩΡΙΟΥ,ΕΠΤΑΧΩΡΙΟΥ,9040.0,Κιλκίς,ΚΕΝΤΡΙΚΗΣ ΜΑΚΕΔΟΝΙΑΣ,manual,
ΜΗΛΙΩΤΑΔΩΝ,ΜΗΛΙΩΤΑΔΩΝ,9024.0,Βέροιας,ΚΕΝΤΡΙΚΗΣ ΜΑΚΕΔΟΝΙΑΣ,manual,
ΒΟΥΤΣΑΡΟΥ,ΒΟΥΤΣΑΡΟΥ,9045.0,Σκύδρας,ΚΕΝΤΡΙΚΗΣ ΜΑΚΕΔΟΝΙΑΣ,manual,
ΑΡΓΑΛΑΣΤΗΣ,ΑΡΓΑΛΑΣΤΗΣ,9107.0,Νοτίου Πηλίου,ΘΕΣΣΑΛΙΑΣ,manual,
ΠΥΛΗΣ,ΠΥΛΗΣ,9113.0,Πύλης,ΘΕΣΣΑΛΙΑΣ,exact,
ΘΕΡΜΟΥ,ΘΕΡΜΟΥ,9126.0,Θέρμου,ΔΥΤΙΚΗΣ ΕΛΛΑΔΑΣ,exact,
ΑΡΕΟΠΟΛΕΩΣ,ΑΡΕΟΠΟΛΕΩΣ,9248.0,Ανατολικής Μάνης,ΠΕΛΟΠΟΝΝΗΣΟΥ,manual,
ΑΡΓΥΡΟΧΩΡΙΟΥ,ΑΡΓΥΡΟΧΩΡΙΟΥ,9248.0,Ανατολικής Μάνης,ΠΕΛΟΠΟΝΝΗΣΟΥ,manual,
ΔΕΡΒΕΝΟΧΩΡΙΩΝ,ΔΕΡΒΕΝΟΧΩΡΙΩΝ,9248.0,Ανατολικής Μάνης,ΠΕΛΟΠΟΝΝΗΣΟΥ,manual,
ΑΝΔΡΟΥ,ΑΝΔΡΟΥ,9268.0,Άνδρου,ΝΟΤΙΟΥ ΑΙΓΑΙΟΥ,exact,
ΑΠΟΛΛΩΝΑ,ΑΠΟΛΛΩΝΑ,9290.0,Μυκόνου,ΝΟΤΙΟΥ ΑΙΓΑΙΟΥ,manual,
ΑΡΜΟΛΙΩΝ,ΑΡΜΟΛΙΩΝ,9249.0,Ευρώτα,ΠΕΛΟΠΟΝΝΗΣΟΥ,manual,
ΣΠΗΛΙΟΥ,ΣΠΗΛΙΟΥ,9240.0,Νότιας Κυνουρίας,ΠΕΛΟΠΟΝΝΗΣΟΥ,manual,
ΓΑΡΑΖΟΥ,ΓΑΡΑΖΟΥ,9240.0,Νότιας Κυνουρίας,ΠΕΛΟΠΟΝΝΗΣΟΥ,manual,
ΠΕΡΑΜΑΤΟΣ,ΠΕΡΑΜΑΤΟΣ,9206.0,Περάματος,ΑΤΤΙΚΗΣ,manual,
ΦΩΤΕΙΝΗΣ,ΦΩΤΕΙΝΗΣ,9244.0,Λουτρακίου - Αγ. Θεοδώρων,ΠΕΛΟΠΟΝΝΗΣΟΥ,manual,
ΠΑΞΩΝ,ΠΑΞΩΝ,9119.0,Παξών,ΙΟΝΙΩΝ ΝΗΣΩΝ,manual,
ΕΛΑΤΙΩΝ,ΕΛΑΤΙΩΝ,9158.0,Αμφίκλειας - Ελάτειας,ΣΤΕΡΕΑΣ ΕΛΛΑΔΑΣ,manual,
ΒΙΛΛΙΩΝ,ΒΙΛΛΙΩΝ,9161.0,Λοκρών,ΣΤΕΡΕΑΣ ΕΛΛΑΔΑΣ,manual,
ΖΙΧΝΗΣ,ΖΙΧΝΗΣ,9053.0,Νέας Ζίχνης,ΚΕΝΤΡΙΚΗΣ ΜΑΚΕΔΟΝΙΑΣ,normalized,Substring match
ΜΑΚΕΔΟΝΙΔΟΣ,ΜΑΚΕΔΟΝΙΔΟΣ,9153.0,Μαντουδίου - Λίμνης - Αγίας Άννας,ΣΤΕΡΕΑΣ ΕΛΛΑΔΑΣ,manual,
ΠΕΡΙΒΟΛΙΟΥ,ΠΕΡΙΒΟΛΙΟΥ,9270.0,Θήρας,ΝΟΤΙΟΥ ΑΙΓΑΙΟΥ,manual,
ΑΣΤΡΟΧΩΡΙΟΥ,ΑΣΤΡΟΧΩΡΙΟΥ,9139.0,Πηνειού,ΔΥΤΙΚΗΣ ΕΛΛΑΔΑΣ,manual,
ΑΘΑΜΑΝΙΟΥ,ΑΘΑΜΑΝΙΟΥ,9140.0,Πηνειού,ΔΥΤΙΚΗΣ ΕΛΛΑΔΑΣ,manual,
ΛΕΩΝΙΔΙΟΥ,ΛΕΩΝΙΔΙΟΥ,9245.0,Νεμέας,ΠΕΛΟΠΟΝΝΗΣΟΥ,manual,
ΒΙΑΝΝΟΥ,ΒΙΑΝΝΟΥ,9303.0,Βιάννου,ΚΡΗΤΗΣ,exact,
ΔΕΣΚΑΤΗΣ,ΔΕΣΚΑΤΗΣ,9062.0,Δεσκάτης,ΔΥΤΙΚΗΣ ΜΑΚΕΔΟΝΙΑΣ,manual,
ΠΛΩΜΑΡΙΟΥ,ΠΛΩΜΑΡΙΟΥ,9261.0,Λέσβου,ΒΟΡΕΙΟΥ ΑΙΓΑΙΟΥ,manual,
ΜΟΝΟΦΑΤΣΙΟΥ,ΜΟΝΟΦΑΤΣΙΟΥ,9307.0,Μινώα Πεδιάδας,ΚΡΗΤΗΣ,manual,
ΚΑΜΠΑΝΟΥ,ΚΑΜΠΑΝΟΥ,9311.0,Ιεράπετρας,ΚΡΗΤΗΣ,manual,
ΕΠΙΣΚΟΠΗΣ,ΕΠΙΣΚΟΠΗΣ,,,,unknown,
ΣΑΜΟΘΡΑΚΗΣ,ΣΑΜΟΘΡΑΚΗΣ,9009.0,Σαμοθράκης,ΑΝΑΤΟΛΙΚΗΣ ΜΑΚΕΔΟΝΙΑΣ ΚΑΙ ΘΡΑΚΗΣ,exact,
ΣΟΦΑΔΩΝ,ΣΟΦΑΔΩΝ,9096.0,Σοφάδων,ΘΕΣΣΑΛΙΑΣ,manual,
ΤΗΝΟΥ,ΤΗΝΟΥ,9301.0,Τήνου,ΝΟΤΙΟΥ ΑΙΓΑΙΟΥ,exact,
ΤΖΕΡΜΙΑΔΟΥ,ΤΖΕΡΜΙΑΔΟΥ,,,,unknown,
ΚΡΑΝΙΑΣ,ΚΡΑΝΙΑΣ,,,,unknown,
ΙΚΑΡΙΑΣ,ΙΚΑΡΙΑΣ,9259.0,Ικαρίας,ΒΟΡΕΙΟΥ ΑΙΓΑΙΟΥ,manual,
ΠΟΛΥΔΕΝΔΡΙΟΥ,ΠΟΛΥΔΕΝΔΡΙΟΥ,,,,unknown,
ΜΑΡΚΟΠΟΥΛΟΥ,ΜΑΡΚΟΠΟΥΛΟΥ,9221.0,Μαρκοπούλου Μεσογαίας,ΑΤΤΙΚΗΣ,manual,
ΕΛΑΣΣΟΝΑΣ,ΕΛΑΣΣΟΝΑΣ,9098.0,Ελασσόνας,ΘΕΣΣΑΛΙΑΣ,exact,
ΤΡΟΠΑΙΩΝ,ΤΡΟΠΑΙΩΝ,,,,unknown,
Δ. ΓΛΥΦΑΔΑΣ,Δ. ΓΛΥΦΑΔΑΣ,9196.0,Γλυφάδας,ΑΤΤΙΚΗΣ,normalized,Substring match
Δ. ΒΑΡΗΣ,Δ. ΒΑΡΗΣ,,,,unknown,
Δ. ΒΟΥΛΙΑΓΜΕΝΗΣ,Δ. ΒΟΥΛΙΑΓΜΕΝΗΣ,,,,unknown,
Δ. ΣΑΛΑΜΙΝΑΣ,Δ. ΣΑΛΑΜΙΝΑΣ,9211.0,Σαλαμίνας,ΑΤΤΙΚΗΣ,normalized,Substring match
Δ. ΑΙΓΙΝΑΣ,Δ. ΑΙΓΙΝΑΣ,9208.0,Αίγινας,ΑΤΤΙΚΗΣ,normalized,Substring match
Δ. ΚΟΡΥΔΑΛΛΟΥ,Δ. ΚΟΡΥΔΑΛΛΟΥ,9203.0,Κορυδαλλού,ΑΤΤΙΚΗΣ,normalized,Substring match
Δ. ΧΑΪΔΑΡΙΟΥ,Δ. ΧΑΙΔΑΡΙΟΥ,9185.0,Χαϊδαρίου,ΑΤΤΙΚΗΣ,normalized,Substring match
Δ. ΠΕΡΑΜΑΤΟΣ,Δ. ΠΕΡΑΜΑΤΟΣ,9206.0,Περάματος,ΑΤΤΙΚΗΣ,normalized,Substring match
Δ. ΝΕΑΣ ΠΕΡΑΜΟΥ,Δ. ΝΕΑΣ ΠΕΡΑΜΟΥ,,,,unknown,
Δ. ΜΑΝΔΡΑΣ,Δ. ΜΑΝΔΡΑΣ,,,,unknown,
Δ. ΑΣΠΡΟΠΥΡΓΟΥ,Δ. ΑΣΠΡΟΠΥΡΓΟΥ,9228.0,Ασπροπύργου,ΑΤΤΙΚΗΣ,normalized,Substring match
Δ. ΜΕΓΑΡΕΩΝ,Δ. ΜΕΓΑΡΕΩΝ,9231.0,Μεγαρέων,ΑΤΤΙΚΗΣ,normalized,Substring match
Δ. ΒΙΛΙΩΝ,Δ. ΒΙΛΙΩΝ,,,,unknown,
Δ. ΚΕΡΑΤΕΑΣ,Δ. ΚΕΡΑΤΕΑΣ,,,,unknown,
Δ. ΛΑΥΡΕΩΤΙΚΗΣ,Δ. ΛΑΥΡΕΩΤΙΚΗΣ,9219.0,Λαυρεωτικής,ΑΤΤΙΚΗΣ,normalized,Substring match
Δ. ΕΛΕΥΘΕΡΟΥΠΟΛΗΣ,Δ. ΕΛΕΥΘΕΡΟΥΠΟΛΗΣ,,,,unknown,
Δ. ΕΛΕΥΘΕΡΩΝ,Δ. ΕΛΕΥΘΕΡΩΝ,,,,unknown,
Δ. ΟΡΦΑΝΟΥ,Δ. ΟΡΦΑΝΟΥ,,,,unknown,
Δ. ΧΡΥΣΟΥΠΟΛΗΣ,Δ. ΧΡΥΣΟΥΠΟΛΗΣ,,,,unknown,
Δ. ΦΕΡΩΝ,Δ. ΦΕΡΩΝ,,,,unknown,
Δ. ΤΡΑΙΑΝΟΥΠΟΛΗΣ,Δ. ΤΡΑΙΑΝΟΥΠΟΛΗΣ,,,,unknown,
Δ. ΑΛΕΞΑΝΔΡΟΥΠΟΛΗΣ,Δ. ΑΛΕΞΑΝΔΡΟΥΠΟΛΗΣ,9006.0,Αλεξανδρούπολης,ΑΝΑΤΟΛΙΚΗΣ ΜΑΚΕΔΟΝΙΑΣ ΚΑΙ ΘΡΑΚΗΣ,normalized,Substring match
Δ. ΚΥΠΡΙΝΟΥ,Δ. ΚΥΠΡΙΝΟΥ,,,,unknown,
Δ. ΤΡΙΓΩΝΟΥ,Δ. ΤΡΙΓΩΝΟΥ,,,,unknown,
Δ. ΑΠΟΛΛΩΝΙΑΣ,Δ. ΑΠΟΛΛΩΝΙΑΣ,,,,unknown,
Δ. ΑΝΘΕΜΟΥΝΤΑ,Δ. ΑΝΘΕΜΟΥΝΤΑ,,,,unknown,
Δ. ΖΕΡΒΟΧΩΡΙΩΝ,Δ. ΖΕΡΒΟΧΩΡΙΩΝ,,,,unknown,
Δ. ΑΓΙΟΝ ΟΡΟΣ,Δ. ΑΓΙΟΝ ΟΡΟΣ,,,,unknown,
Δ. ΣΙΘΩΝΙΑΣ,Δ. ΣΙΘΩΝΙΑΣ,9060.0,Σιθωνίας,ΚΕΝΤΡΙΚΗΣ ΜΑΚΕΔΟΝΙΑΣ,normalized,Substring match
Δ. ΤΟΡΩΝΗΣ,Δ. ΤΟΡΩΝΗΣ,,,,unknown,
Δ. ΠΑΛΛΗΝΗΣ,Δ. ΠΑΛΛΗΝΗΣ,9223.0,Παλλήνης,ΑΤΤΙΚΗΣ,normalized,Substring match
Δ. ΚΑΣΣΑΝΔΡΑΣ,Δ. ΚΑΣΣΑΝΔΡΑΣ,9057.0,Κασσάνδρας,ΚΕΝΤΡΙΚΗΣ ΜΑΚΕΔΟΝΙΑΣ,normalized,Substring match
Δ. ΣΤΑΓΥΡΩΝ-ΑΚΑΝΘΟΥ,Δ. ΣΤΑΓΥΡΩΝ-ΑΚΑΝΘΟΥ,,,,unknown,
Δ. ΑΡΝΑΙΑΣ,Δ. ΑΡΝΑΙΑΣ,,,,unknown,
Δ. ΠΑΝΑΓΙΑΣ,Δ. ΠΑΝΑΓΙΑΣ,9097.0,Αγιάς,ΘΕΣΣΑΛΙΑΣ,normalized,Substring match
Δ. ΓΟΥΜΕΝΙΣΣΑΣ,Δ. ΓΟΥΜΕΝΙΣΣΑΣ,,,,unknown,
Δ. ΓΙΑΝΝΙΤΣΩΝ,Δ. ΓΙΑΝΝΙΤΣΩΝ,,,,unknown,
Δ. ΑΡΙΔΑΙΑΣ,Δ. ΑΡΙΔΑΙΑΣ,,,,unknown,
Δ. ΒΕΡΓΙΝΑΣ,Δ. ΒΕΡΓΙΝΑΣ,,,,unknown,
Δ. ΜΑΚΕΔΟΝΙΔΟΣ,Δ. ΜΑΚΕΔΟΝΙΔΟΣ,,,,unknown,
Δ. ΝΑΟΥΣΗΣ,Δ. ΝΑΟΥΣΗΣ,,,,unknown,
Δ. ΚΑΜΒΟΥΝΙΩΝ,Δ. ΚΑΜΒΟΥΝΙΩΝ,,,,unknown,
Δ. ΠΤΟΛΕΜΑΪΔΑΣ,Δ. ΠΤΟΛΕΜΑΙΔΑΣ,,,,unknown,
Δ. ΘΕΟΔΩΡΟΥ ΖΙΑΚΑ,Δ. ΘΕΟΔΩΡΟΥ ΖΙΑΚΑ,,,,unknown,
Δ. ΗΡΑΚΛΕΩΤΩΝ,Δ. ΗΡΑΚΛΕΩΤΩΝ,,,,unknown,
Δ. ΓΡΕΒΕΝΩΝ,Δ. ΓΡΕΒΕΝΩΝ,9061.0,Γρεβενών,ΔΥΤΙΚΗΣ ΜΑΚΕΔΟΝΙΑΣ,normalized,Substring match
Δ. ΒΕΝΤΖΙΟΥ,Δ. ΒΕΝΤΖΙΟΥ,,,,unknown,
Δ. ΔΕΣΚΑΤΗΣ,Δ. ΔΕΣΚΑΤΗΣ,9062.0,Δεσκάτης,ΔΥΤΙΚΗΣ ΜΑΚΕΔΟΝΙΑΣ,normalized,Substring match
Κ. ΑΒΔΕΛΛΑΣ,Κ. ΑΒΔΕΛΛΑΣ,,,,unknown,
Κ. ΠΕΡΙΒΟΛΙΟΥ,Κ. ΠΕΡΙΒΟΛΙΟΥ,,,,unknown,
Κ. ΣΑΜΑΡΙΝΗΣ,Κ. ΣΑΜΑΡΙΝΗΣ,,,,unknown,
Δ. ΚΟΝΙΤΣΑΣ,Δ. ΚΟΝΙΤΣΑΣ,9085.0,Κόνιτσας,ΗΠΕΙΡΟΥ,normalized,Substring match
Κ. ΔΙΣΤΡΑΤΟΥ,Κ. ΔΙΣΤΡΑΤΟΥ,,,,unknown,
Δ. ΜΑΡΓΑΡΙΤΙΟΥ,Δ. ΜΑΡΓΑΡΙΤΙΟΥ,,,,unknown,
Δ. ΠΑΡΑΜΥΘΙΑΣ,Δ. ΠΑΡΑΜΥΘΙΑΣ,,,,unknown,
Δ. ΦΙΛΙΑΤΩΝ,Δ. ΦΙΛΙΑΤΩΝ,9079.0,Φιλιατών,ΗΠΕΙΡΟΥ,normalized,Substring match
Δ. ΛΟΥΡΟΥ,Δ. ΛΟΥΡΟΥ,,,,unknown,
Δ. ΖΑΛΟΓΓΟΥ,Δ. ΖΑΛΟΓΓΟΥ,,,,unknown,
Δ. ΠΡΕΒΕΖΗΣ,Δ. ΠΡΕΒΕΖΗΣ,,,,unknown,
Δ. ΘΕΣΠΡΩΤΙΚΟΥ,Δ. ΘΕΣΠΡΩΤΙΚΟΥ,,,,unknown,
Δ. ΦΑΝΑΡΙΟΥ,Δ. ΦΑΝΑΡΙΟΥ,,,,unknown,
Δ. ΑΝΤΙΧΑΣΙΩΝ,Δ. ΑΝΤΙΧΑΣΙΩΝ,,,,unknown,
Δ. ΠΟΤΑΜΙΑΣ,Δ. ΠΟΤΑΜΙΑΣ,,,,unknown,
Δ. ΟΛΥΜΠΟΥ,Δ. ΟΛΥΜΠΟΥ,,,,unknown,
Δ. ΠΕΛΙΝΝΑΙΩΝ,Δ. ΠΕΛΙΝΝΑΙΩΝ,,,,unknown,
Δ. ΤΡΙΚΚΑΙΩΝ,Δ. ΤΡΙΚΚΑΙΩΝ,9114.0,Τρικκαίων,ΘΕΣΣΑΛΙΑΣ,normalized,Substring match
Δ. ΠΑΡΑΛΗΘΑΙΩΝ,Δ. ΠΑΡΑΛΗΘΑΙΩΝ,,,,unknown,
Δ. ΦΑΡΚΑΔΟΝΑΣ,Δ. ΦΑΡΚΑΔΟΝΑΣ,9115.0,Φαρκαδόνας,ΘΕΣΣΑΛΙΑΣ,normalized,Substring match
Δ. ΟΙΧΑΛΙΑΣ,Δ. ΟΙΧΑΛΙΑΣ,9256.0,Οιχαλίας,ΠΕΛΟΠΟΝΝΗΣΟΥ,normalized,Substring match
Δ. ΠΥΛΗΣ,Δ. ΠΥΛΗΣ,9113.0,Πύλης,ΘΕΣΣΑΛΙΑΣ,normalized,Substring match
Δ. ΤΥΜΦΑΙΩΝ,Δ. ΤΥΜΦΑΙΩΝ,,,,unknown,
Δ. ΚΛΕΙΝΟΒΟΥ,Δ. ΚΛΕΙΝΟΒΟΥ,,,,unknown,
Δ. ΧΑΣΙΩΝ,Δ. ΧΑΣΙΩΝ,,,,unknown,
Δ. ΚΑΛΑΜΠΑΚΑΣ,Δ. ΚΑΛΑΜΠΑΚΑΣ,9112.0,Καλαμπάκας,ΘΕΣΣΑΛΙΑΣ,normalized,Substring match
Δ. ΦΑΡΡΩΝ,Δ. ΦΑΡΡΩΝ,,,,unknown,
Δ. ΤΡΙΤΑΙΑΣ,Δ. ΤΡΙΤΑΙΑΣ,,,,unknown,
Δ. ΜΕΣΣΑΤΙΔΟΣ,Δ. ΜΕΣΣΑΤΙΔΟΣ,,,,unknown,
Δ. ΛΑΡΙΣΣΟΥ,Δ. ΛΑΡΙΣΣΟΥ,,,,unknown,
Δ. ΒΡΑΧΝΑΙΙΚΩΝ,Δ. ΒΡΑΧΝΑΙΙΚΩΝ,9284.0,Κω,ΝΟΤΙΟΥ ΑΙΓΑΙΟΥ,normalized,Substring match
Δ. ΩΛΕΝΙΑΣ,Δ. ΩΛΕΝΙΑΣ,,,,unknown,
Δ. ΔΥΜΗΣ,Δ. ΔΥΜΗΣ,,,,unknown,
Δ. ΜΟΒΡΗΣ,Δ. ΜΟΒΡΗΣ,,,,unknown,
Δ. ΑΙΤΩΛΙΚΟΥ,Δ. ΑΙΤΩΛΙΚΟΥ,,,,unknown,
Δ. ΙΕΡΑΣ ΠΟΛΗΣ ΜΕΣΟΛΟΓΓΙΟΥ,Δ. ΙΕΡΑΣ ΠΟΛΗΣ ΜΕΣΟΛΟΓΓΙΟΥ,9127.0,Ιεράς Πόλης Μεσολογγίου,ΔΥΤΙΚΗΣ ΕΛΛΑΔΑΣ,normalized,Substring match
Δ. ΟΙΝΙΑΔΩΝ,Δ. ΟΙΝΙΑΔΩΝ,,,,unknown,
Δ. ΧΑΛΚΕΙΑΣ,Δ. ΧΑΛΚΕΙΑΣ,,,,unknown,
Δ. ΑΣΤΑΚΟΥ,Δ. ΑΣΤΑΚΟΥ,,,,unknown,
Δ. ΑΓΓΕΛΟΚΑΣΤΡΟΥ,Δ. ΑΓΓΕΛΟΚΑΣΤΡΟΥ,,,,unknown,
Δ. ΑΓΡΙΝΙΟΥ,Δ. ΑΓΡΙΝΙΟΥ,9123.0,Αγρινίου,ΔΥΤΙΚΗΣ ΕΛΛΑΔΑΣ,normalized,Substring match
Δ. ΣΤΡΑΤΟΥ,Δ. ΣΤΡΑΤΟΥ,,,,unknown,
Δ. ΚΟΝΤΟΒΑΖΑΙΝΗΣ,Δ. ΚΟΝΤΟΒΑΖΑΙΝΗΣ,,,,unknown,
Δ. ΓΟΡΤΥΝΟΣ,Δ. ΓΟΡΤΥΝΟΣ,,,,unknown,
Δ. ΦΑΛΑΝΘΟΥ,Δ. ΦΑΛΑΝΘΟΥ,,,,unknown,
Δ. ΜΕΓΑΛΟΠΟΛΗΣ,Δ. ΜΕΓΑΛΟΠΟΛΗΣ,9239.0,Μεγαλόπολης,ΠΕΛΟΠΟΝΝΗΣΟΥ,normalized,Substring match
Δ. ΤΡΙΚΟΛΩΝΩΝ,Δ. ΤΡΙΚΟΛΩΝΩΝ,,,,unknown,
Δ. ΤΡΟΠΑΙΩΝ,Δ. ΤΡΟΠΑΙΩΝ,,,,unknown,
Δ. ΗΡΑΙΑΣ,Δ. ΗΡΑΙΑΣ,,,,unknown,
Δ. ΔΗΜΗΤΣΑΝΑΣ,Δ. ΔΗΜΗΤΣΑΝΑΣ,,,,unknown,
Δ. ΑΕΤΟΥ,Δ. ΑΕΤΟΥ,,,,unknown,
Δ. ΣΜΥΝΟΥΣ,Δ. ΣΜΥΝΟΥΣ,,,,unknown,
Δ. ΓΥΘΕΙΟΥ,Δ. ΓΥΘΕΙΟΥ,,,,unknown,
Δ. ΣΚΑΛΑΣ,Δ. ΣΚΑΛΑΣ,,,,unknown,
Δ. ΚΥΘΗΡΩΝ,Δ. ΚΥΘΗΡΩΝ,9209.0,Κυθήρων,ΑΤΤΙΚΗΣ,normalized,Substring match
Δ. ΖΑΡΑΚΑ,Δ. ΖΑΡΑΚΑ,,,,unknown,
Δ. ΜΟΝΕΜΒΑΣΙΑΣ,Δ. ΜΟΝΕΜΒΑΣΙΑΣ,9251.0,Μονεμβασιάς,ΠΕΛΟΠΟΝΝΗΣΟΥ,normalized,Substring match
Δ. ΒΟΪΩΝ,Δ. ΒΟΙΩΝ,,,,unknown,
Δ. ΛΟΥΤΡΑΚΙΟΥ-ΠΕΡΑΧΩΡΑΣ,Δ. ΛΟΥΤΡΑΚΙΟΥ-ΠΕΡΑΧΩΡΑΣ,,,,unknown,
Δ. ΒΟΧΑΣ,Δ. ΒΟΧΑΣ,,,,unknown,
Δ. ΤΕΝΕΑΣ,Δ. ΤΕΝΕΑΣ,,,,unknown,
Δ. ΝΕΜΕΑΣ,Δ. ΝΕΜΕΑΣ,9245.0,Νεμέας,ΠΕΛΟΠΟΝΝΗΣΟΥ,normalized,Substring match
Δ. ΣΟΛΥΓΕΙΑΣ,Δ. ΣΟΛΥΓΕΙΑΣ,,,,unknown,
Δ. ΣΑΡΩΝΙΚΟΥ,Δ. ΣΑΡΩΝΙΚΟΥ,9225.0,Σαρωνικού,ΑΤΤΙΚΗΣ,normalized,Substring match
Δ. ΚΟΡΙΝΘΙΩΝ,Δ. ΚΟΡΙΝΘΙΩΝ,9243.0,Κορινθίων,ΠΕΛΟΠΟΝΝΗΣΟΥ,normalized,Substring match
Δ. ΦΡΑΓΚΙΣΤΑΣ,Δ. ΦΡΑΓΚΙΣΤΑΣ,,,,unknown,
Δ. ΚΑΡΠΕΝΗΣΙΟΥ,Δ. ΚΑΡΠΕΝΗΣΙΟΥ,9157.0,Καρπενησίου,ΣΤΕΡΕΑΣ ΕΛΛΑΔΑΣ,normalized,Substring match
Δ. ΤΟΛΟΦΩΝΟΣ,Δ. ΤΟΛΟΦΩΝΟΣ,,,,unknown,
Δ. ΑΚΡΑΙΦΝΙΑΣ,Δ. ΑΚΡΑΙΦΝΙΑΣ,,,,unknown,
Δ. ΘΗΒΑΙΩΝ,Δ. ΘΗΒΑΙΩΝ,9144.0,Θηβαίων,ΣΤΕΡΕΑΣ ΕΛΛΑΔΑΣ,normalized,Substring match
Δ. ΠΛΑΤΑΙΩΝ,Δ. ΠΛΑΤΑΙΩΝ,,,,unknown,
Δ. ΘΕΣΠΙΕΩΝ,Δ. ΘΕΣΠΙΕΩΝ,,,,unknown,
Δ. ΘΙΣΒΗΣ,Δ. ΘΙΣΒΗΣ,,,,unknown,
Δ. ΚΗΡΕΩΣ,Δ. ΚΗΡΕΩΣ,,,,unknown,
Δ. ΜΑΝΤΑΜΑΔΟΥ,Δ. ΜΑΝΤΑΜΑΔΟΥ,,,,unknown,
Δ. ΜΥΤΙΛΗΝΗΣ,Δ. ΜΥΤΙΛΗΝΗΣ,,,,unknown,
Δ. ΑΓΙΑΣ ΠΑΡΑΣΚΕΥΗΣ,Δ. ΑΓΙΑΣ ΠΑΡΑΣΚΕΥΗΣ,9167.0,Αγίας Παρασκευής,ΑΤΤΙΚΗΣ,normalized,Substring match
Δ. ΕΡΕΣΟΥ - ΑΝΤΙΣΣΗΣ,Δ. ΕΡΕΣΟΥ - ΑΝΤΙΣΣΗΣ,,,,unknown,
Δ. ΠΕΤΡΑΣ,Δ. ΠΕΤΡΑΣ,,,,unknown,
Δ. ΚΑΛΛΟΝΗΣ,Δ. ΚΑΛΛΟΝΗΣ,,,,unknown,
Δ. ΜΗΘΥΜΝΑΣ,Δ. ΜΗΘΥΜΝΑΣ,,,,unknown,
Δ. ΑΓΙΑΣΟΥ,Δ. ΑΓΙΑΣΟΥ,9097.0,Αγιάς,ΘΕΣΣΑΛΙΑΣ,normalized,Substring match
Δ. ΚΑΡΔΑΜΥΛΩΝ,Δ. ΚΑΡΔΑΜΥΛΩΝ,,,,unknown,
Δ. ΜΑΣΤΙΧΟΧΩΡΙΩΝ,Δ. ΜΑΣΤΙΧΟΧΩΡΙΩΝ,,,,unknown,
Δ. ΡΕΘΥΜΝΗΣ,Δ. ΡΕΘΥΜΝΗΣ,9318.0,Ρεθύμνης,ΚΡΗΤΗΣ,normalized,Substring match
Δ. ΝΙΚΗΦΟΡΟΥ ΦΩΚΑ,Δ. ΝΙΚΗΦΟΡΟΥ ΦΩΚΑ,,,,unknown,
Δ. ΚΟΥΛΟΥΚΩΝΑ,Δ. ΚΟΥΛΟΥΚΩΝΑ,9284.0,Κω,ΝΟΤΙΟΥ ΑΙΓΑΙΟΥ,normalized,Substring match
Δ. ΓΕΡΟΠΟΤΑΜΟΥ,Δ. ΓΕΡΟΠΟΤΑΜΟΥ,,,,unknown,
Δ. ΣΥΒΡΙΤΟΥ,Δ. ΣΥΒΡΙΤΟΥ,,,,unknown,
Δ. ΑΓΙΟΥ ΝΙΚΟΛΑΟΥ,Δ. ΑΓΙΟΥ ΝΙΚΟΛΑΟΥ,9310.0,Αγίου Νικολάου,ΚΡΗΤΗΣ,normalized,Substring match
Δ. ΟΡΟΠΕΔΙΟΥ ΛΑΣΙΘΙΟΥ,Δ. ΟΡΟΠΕΔΙΟΥ ΛΑΣΙΘΙΟΥ,9312.0,Οροπεδίου Λασιθίου,ΚΡΗΤΗΣ,normalized,Substring match
Δ. ΑΠΟΛΛΩΝΙΩΝ,Δ. ΑΠΟΛΛΩΝΙΩΝ,,,,unknown,
Δ. ΛΕΙΒΑΘΟΥΣ,Δ. ΛΕΙΒΑΘΟΥΣ,,,,unknown,
Δ. ΑΡΤΕΜΙΣΙΩΝ,Δ. ΑΡΤΕΜΙΣΙΩΝ,,,,unknown,
Δ. ΕΛΑΤΙΩΝ,Δ. ΕΛΑΤΙΩΝ,,,,unknown,
Δ. ΖΑΚΥΝΘΙΩΝ,Δ. ΖΑΚΥΝΘΙΩΝ,,,,unknown,
Δ. ΛΑΓΑΝΑ,Δ. ΛΑΓΑΝΑ,,,,unknown,
Δ. ΑΧΑΡΝΩΝ,Δ. ΑΧΑΡΝΩΝ,9215.0,Αχαρνών,ΑΤΤΙΚΗΣ,normalized,Substring match
Δ. ΒΟΥΛΑΣ,Δ. ΒΟΥΛΑΣ,,,,unknown,
Κ. ΠΑΛΑΙΑΣ ΦΩΚΑΙΑΣ,Κ. ΠΑΛΑΙΑΣ ΦΩΚΑΙΑΣ,,,,unknown,
Δ. ΚΑΛΥΒΙΩΝ ΘΟΡΙΚΟΥ,Δ. ΚΑΛΥΒΙΩΝ ΘΟΡΙΚΟΥ,,,,unknown,
Δ. ΚΡΩΠΙΑΣ,Δ. ΚΡΩΠΙΑΣ,9218.0,Κρωπίας,ΑΤΤΙΚΗΣ,normalized,Substring match
Δ. ΟΡΕΙΝΟΥ,Δ. ΟΡΕΙΝΟΥ,,,,unknown,
Δ. ΚΑΤΩ ΝΕΥΡΟΚΟΠΙΟΥ,Δ. ΚΑΤΩ ΝΕΥΡΟΚΟΠΙΟΥ,9003.0,Κάτω Νευροκοπίου,ΑΝΑΤΟΛΙΚΗΣ ΜΑΚΕΔΟΝΙΑΣ ΚΑΙ ΘΡΑΚΗΣ,normalized,Substring match
Δ. ΞΑΝΘΗΣ,Δ. ΞΑΝΘΗΣ,9017.0,Ξάνθης,ΑΝΑΤΟΛΙΚΗΣ ΜΑΚΕΔΟΝΙΑΣ ΚΑΙ ΘΡΑΚΗΣ,normalized,Substring match
Δ. ΣΤΑΥΡΟΥΠΟΛΗΣ,Δ. ΣΤΑΥΡΟΥΠΟΛΗΣ,,,,unknown,
Δ. ΑΒΔΗΡΩΝ,Δ. ΑΒΔΗΡΩΝ,9015.0,Αβδήρων,ΑΝΑΤΟΛΙΚΗΣ ΜΑΚΕΔΟΝΙΑΣ ΚΑΙ ΘΡΑΚΗΣ,normalized,Substring match
Δ. ΩΡΑΙΟΚΑΣΤΡΟΥ,Δ. ΩΡΑΙΟΚΑΣΤΡΟΥ,9039.0,Ωραιοκάστρου,ΚΕΝΤΡΙΚΗΣ ΜΑΚΕΔΟΝΙΑΣ,normalized,Substring match
Δ. ΚΑΛΛΙΘΕΑΣ,Δ. ΚΑΛΛΙΘΕΑΣ,9198.0,Καλλιθέας,ΑΤΤΙΚΗΣ,normalized,Substring match
Δ. ΑΓΙΟΥ ΓΕΩΡΓΙΟΥ,Δ. ΑΓΙΟΥ ΓΕΩΡΓΙΟΥ,,,,unknown,
Δ. ΛΑΓΚΑΔΑ,Δ. ΛΑΓΚΑΔΑ,9034.0,Λαγκαδά,ΚΕΝΤΡΙΚΗΣ ΜΑΚΕΔΟΝΙΑΣ,normalized,Substring match
Δ. ΑΣΣΗΡΟΥ,Δ. ΑΣΣΗΡΟΥ,,,,unknown,
Δ. ΛΑΧΑΝΑ,Δ. ΛΑΧΑΝΑ,,,,unknown,
Δ. ΑΓΙΟΥ ΑΘΑΝΑΣΙΟΥ,Δ. ΑΓΙΟΥ ΑΘΑΝΑΣΙΟΥ,,,,unknown,
Δ. ΑΞΙΟΥΠΟΛΗΣ,Δ. ΑΞΙΟΥΠΟΛΗΣ,,,,unknown,
Δ. ΤΣΟΤΙΛΙΟΥ,Δ. ΤΣΟΤΙΛΙΟΥ,9182.0,Ιλίου,ΑΤΤΙΚΗΣ,normalized,Substring match
Δ. ΝΕΑΠΟΛΗΣ,Δ. ΝΕΑΠΟΛΗΣ,,,,unknown,
Δ. ΔΗΜΗΤΡΙΟΥ ΥΨΗΛΑΝΤΗ,Δ. ΔΗΜΗΤΡΙΟΥ ΥΨΗΛΑΝΤΗ,,,,unknown,
Δ. ΠΡΕΣΠΩΝ,Δ. ΠΡΕΣΠΩΝ,9071.0,Πρεσπών,ΔΥΤΙΚΗΣ ΜΑΚΕΔΟΝΙΑΣ,normalized,Substring match
Δ. ΑΜΥΝΤΑΙΟΥ,Δ. ΑΜΥΝΤΑΙΟΥ,9070.0,Αμυνταίου,ΔΥΤΙΚΗΣ ΜΑΚΕΔΟΝΙΑΣ,normalized,Substring match
Δ. ΠΕΡΑΣΜΑΤΟΣ,Δ. ΠΕΡΑΣΜΑΤΟΣ,,,,unknown,
Δ. ΓΟΡΓΙΑΝΗΣ,Δ. ΓΟΡΓΙΑΝΗΣ,,,,unknown,
Κ. ΑΕΤΟΜΗΛΙΤΣΗΣ,Κ. ΑΕΤΟΜΗΛΙΤΣΗΣ,,,,unknown,
Δ. ΜΑΣΤΟΡΟΧΩΡΙΩΝ,Δ. ΜΑΣΤΟΡΟΧΩΡΙΩΝ,,,,unknown,
Δ. ΣΑΓΙΑΔΑΣ,Δ. ΣΑΓΙΑΔΑΣ,,,,unknown,
Δ. ΗΓΟΥΜΕΝΙΤΣΑΣ,Δ. ΗΓΟΥΜΕΝΙΤΣΑΣ,9077.0,Ηγουμενίτσας,ΗΠΕΙΡΟΥ,normalized,Substring match
Δ. ΦΙΛΙΠΠΙΑΔΟΣ,Δ. ΦΙΛΙΠΠΙΑΔΟΣ,,,,unknown,
Δ. ΑΝΩΓΕΙΟΥ,Δ. ΑΝΩΓΕΙΟΥ,,,,unknown,
Κ. ΒΕΡΔΙΚΟΥΣΗΣ,Κ. ΒΕΡΔΙΚΟΥΣΗΣ,,,,unknown,
Δ. ΑΛΟΝΝΗΣΟΥ,Δ. ΑΛΟΝΝΗΣΟΥ,9109.0,Αλοννήσου,ΘΕΣΣΑΛΙΑΣ,normalized,Substring match
Δ. ΠΑΛΗΟΚΑΣΤΡΟΥ,Δ. ΠΑΛΗΟΚΑΣΤΡΟΥ,,,,unknown,
Δ. ΦΑΛΩΡΕΙΑΣ,Δ. ΦΑΛΩΡΕΙΑΣ,,,,unknown,
Δ. ΠΑΤΡΕΩΝ,Δ. ΠΑΤΡΕΩΝ,9134.0,Πατρέων,ΔΥΤΙΚΗΣ ΕΛΛΑΔΑΣ,normalized,Substring match
Δ. ΡΙΟΥ,Δ. ΡΙΟΥ,,,,unknown,
Δ. ΜΑΚΡΥΝΕΙΑΣ,Δ. ΜΑΚΡΥΝΕΙΑΣ,,,,unknown,
Δ. ΠΑΡΑΒΟΛΑΣ,Δ. ΠΑΡΑΒΟΛΑΣ,,,,unknown,
Δ. ΙΝΑΧΟΥ,Δ. ΙΝΑΧΟΥ,,,,unknown,
Δ. ΠΑΝΑΙΤΩΛΙΚΟΥ,Δ. ΠΑΝΑΙΤΩΛΙΚΟΥ,,,,unknown,
Δ. ΘΕΡΜΟΥ,Δ. ΘΕΡΜΟΥ,9126.0,Θέρμου,ΔΥΤΙΚΗΣ ΕΛΛΑΔΑΣ,normalized,Substring match
Δ. ΑΛΥΖΙΑΣ,Δ. ΑΛΥΖΙΑΣ,,,,unknown,
Δ. ΠΥΡΓΟΥ,Δ. ΠΥΡΓΟΥ,9141.0,Πύργου,ΔΥΤΙΚΗΣ ΕΛΛΑΔΑΣ,normalized,Substring match
Δ. ΣΚΙΛΛΟΥΝΤΟΣ,Δ. ΣΚΙΛΛΟΥΝΤΟΣ,,,,unknown,
Δ. ΩΛΕΝΗΣ,Δ. ΩΛΕΝΗΣ,,,,unknown,
Δ. ΦΟΛΟΗΣ,Δ. ΦΟΛΟΗΣ,,,,unknown,
Δ. ΑΡΧΑΙΑΣ ΟΛΥΜΠΙΑΣ,Δ. ΑΡΧΑΙΑΣ ΟΛΥΜΠΙΑΣ,9137.0,Αρχαίας Ολυμπίας,ΔΥΤΙΚΗΣ ΕΛΛΑΔΑΣ,normalized,Substring match
Δ. ΛΑΣΙΩΝΟΣ,Δ. ΛΑΣΙΩΝΟΣ,,,,unknown,
Δ. ΑΝΔΡΙΤΣΑΙΝΗΣ,Δ. ΑΝΔΡΙΤΣΑΙΝΗΣ,,,,unknown,
Δ. ΑΛΙΦΕΙΡΑΣ,Δ. ΑΛΙΦΕΙΡΑΣ,,,,unknown,
Δ. ΖΑΧΑΡΩΣ,Δ. ΖΑΧΑΡΩΣ,9138.0,Ζαχάρως,ΔΥΤΙΚΗΣ ΕΛΛΑΔΑΣ,normalized,Substring match
Δ. ΛΕΧΑΙΝΩΝ,Δ. ΛΕΧΑΙΝΩΝ,,,,unknown,
Δ. ΒΟΥΠΡΑΣΙΑΣ,Δ. ΒΟΥΠΡΑΣΙΑΣ,,,,unknown,
Κ. ΚΑΡΥΩΝ,Κ. ΚΑΡΥΩΝ,,,,unknown,
Δ. ΚΡΟΚΕΩΝ,Δ. ΚΡΟΚΕΩΝ,,,,unknown,
Δ. ΦΑΡΙΔΟΣ,Δ. ΦΑΡΙΔΟΣ,,,,unknown,
Δ. ΕΛΟΥΣ,Δ. ΕΛΟΥΣ,,,,unknown,
Δ. ΜΟΛΑΩΝ,Δ. ΜΟΛΑΩΝ,,,,unknown,
Δ. ΜΥΚΗΝΑΙΩΝ,Δ. ΜΥΚΗΝΑΙΩΝ,,,,unknown,
Δ. ΑΓΙΩΝ ΘΕΟΔΩΡΩΝ,Δ. ΑΓΙΩΝ ΘΕΟΔΩΡΩΝ,,,,unknown,
Δ. ΣΠΕΡΧΕΙΑΔΟΣ,Δ. ΣΠΕΡΧΕΙΑΔΟΣ,,,,unknown,
Δ. ΜΑΚΡΑΚΩΜΗΣ,Δ. ΜΑΚΡΑΚΩΜΗΣ,9284.0,Κω,ΝΟΤΙΟΥ ΑΙΓΑΙΟΥ,normalized,Substring match
Δ. ΠΡΟΥΣΣΟΥ,Δ. ΠΡΟΥΣΣΟΥ,,,,unknown,
Δ. ΓΡΑΒΙΑΣ,Δ. ΓΡΑΒΙΑΣ,,,,unknown,
Δ. ΔΕΣΦΙΝΗΣ,Δ. ΔΕΣΦΙΝΗΣ,,,,unknown,
Δ. ΓΑΛΑΞΙΔΙΟΥ,Δ. ΓΑΛΑΞΙΔΙΟΥ,,,,unknown,
Δ. ΔΕΛΦΩΝ,Δ. ΔΕΛΦΩΝ,9165.0,Δελφών,ΣΤΕΡΕΑΣ ΕΛΛΑΔΑΣ,normalized,Substring match
Δ. ΟΡΧΟΜΕΝΟΥ,Δ. ΟΡΧΟΜΕΝΟΥ,9146.0,Ορχομενού,ΣΤΕΡΕΑΣ ΕΛΛΑΔΑΣ,normalized,Substring match
Δ. ΒΑΓΙΩΝ,Δ. ΒΑΓΙΩΝ,,,,unknown,
Δ. ΑΡΤΕΜΙΣΙΟΥ,Δ. ΑΡΤΕΜΙΣΙΟΥ,,,,unknown,
Δ. ΜΗΛΟΥ,Δ. ΜΗΛΟΥ,9287.0,Μήλου,ΝΟΤΙΟΥ ΑΙΓΑΙΟΥ,normalized,Substring match
Δ. ΠΑΡΟΥ,Δ. ΠΑΡΟΥ,9294.0,Πάρου,ΝΟΤΙΟΥ ΑΙΓΑΙΟΥ,normalized,Substring match
Δ. ΓΕΡΑΣ,Δ. ΓΕΡΑΣ,,,,unknown,
Δ. ΚΑΜΠΟΧΩΡΩΝ,Δ. ΚΑΜΠΟΧΩΡΩΝ,,,,unknown,
Δ. ΟΜΗΡΟΥΠΟΛΗΣ,Δ. ΟΜΗΡΟΥΠΟΛΗΣ,,,,unknown,
Δ. ΒΑΘΕΟΣ,Δ. ΒΑΘΕΟΣ,,,,unknown,
Δ. ΝΕΑΣ ΚΥΔΩΝΙΑΣ,Δ. ΝΕΑΣ ΚΥΔΩΝΙΑΣ,,,,unknown,
Δ. ΜΟΥΣΟΥΡΩΝ,Δ. ΜΟΥΣΟΥΡΩΝ,,,,unknown,
Δ. ΑΚΡΩΤΗΡΙΟΥ,Δ. ΑΚΡΩΤΗΡΙΟΥ,,,,unknown,
Δ. ΑΡΚΑΔΙΟΥ,Δ. ΑΡΚΑΔΙΟΥ,,,,unknown,
Δ. ΛΑΜΠΗΣ,Δ. ΛΑΜΠΗΣ,,,,unknown,
Δ. ΦΟΙΝΙΚΑ,Δ. ΦΟΙΝΙΚΑ,,,,unknown,
Δ. ΚΟΥΡΗΤΩΝ,Δ. ΚΟΥΡΗΤΩΝ,,,,unknown,
Δ. ΛΑΠΠΑΙΩΝ,Δ. ΛΑΠΠΑΙΩΝ,,,,unknown,
Δ. ΘΙΝΑΛΙΟΥ,Δ. ΘΙΝΑΛΙΟΥ,,,,unknown,
Δ. ΠΑΡΕΛΙΩΝ,Δ. ΠΑΡΕΛΙΩΝ,,,,unknown,
Δ. ΠΑΛΑΙΟΚΑΣΤΡΙΤΩΝ,Δ. ΠΑΛΑΙΟΚΑΣΤΡΙΤΩΝ,,,,unknown,
Δ. ΛΕΥΚΑΔΟΣ,Δ. ΛΕΥΚΑΔΟΣ,,,,unknown,
Δ. ΚΑΡΥΑΣ,Δ. ΚΑΡΥΑΣ,,,,unknown,
Κ. ΚΑΛΑΜΟΥ,Κ. ΚΑΛΑΜΟΥ,,,,unknown,
Δ. ΕΛΕΙΟΥ - ΠΡΟΝΩΝ,Δ. ΕΛΕΙΟΥ - ΠΡΟΝΩΝ,,,,unknown,
Δ. ΑΡΓΟΣΤΟΛΙΟΥ,Δ. ΑΡΓΟΣΤΟΛΙΟΥ,,,,unknown,
Δ. ΙΘΑΚΗΣ,Δ. ΙΘΑΚΗΣ,9117.0,Ιθάκης,ΙΟΝΙΩΝ ΝΗΣΩΝ,normalized,Substring match
Δ. ΠΑΛΙΚΗΣ,Δ. ΠΑΛΙΚΗΣ,,,,unknown,
Δ. ΑΛΥΚΩΝ,Δ. ΑΛΥΚΩΝ,9284.0,Κω,ΝΟΤΙΟΥ ΑΙΓΑΙΟΥ,normalized,Substring match
Δ. ΚΑΙΣΑΡΙΑΝΗΣ,Δ. ΚΑΙΣΑΡΙΑΝΗΣ,9192.0,Καισαριανής,ΑΤΤΙΚΗΣ,normalized,Substring match
Δ. ΔΙΟΝΥΣΟΥ,Δ. ΔΙΟΝΥΣΟΥ,9217.0,Διονύσου,ΑΤΤΙΚΗΣ,normalized,Substring match
Δ. ΩΡΩΠΟΥ,Δ. ΩΡΩΠΟΥ,9227.0,Ωρωπού,ΑΤΤΙΚΗΣ,normalized,Substring match
Δ. ΒΑΡΗΣ - ΒΟΥΛΑΣ - ΒΟΥΛΙΑΓΜΕΝΗΣ,Δ. ΒΑΡΗΣ - ΒΟΥΛΑΣ - ΒΟΥΛΙΑΓΜΕΝΗΣ,9216.0,Βάρης - Βούλας - Βουλιαγμένης,ΑΤΤΙΚΗΣ,normalized,Substring match
Δ. ΚΗΦΙΣΙΑΣ,Δ. ΚΗΦΙΣΙΑΣ,9171.0,Κηφισιάς,ΑΤΤΙΚΗΣ,normalized,Substring match
Δ. ΦΥΛΗΣ,Δ. ΦΥΛΗΣ,9232.0,Φυλής,ΑΤΤΙΚΗΣ,normalized,Substring match
Δ. ΜΑΝΔΡΑΣ - ΕΙΔΥΛΛΙΑΣ,Δ. ΜΑΝΔΡΑΣ - ΕΙΔΥΛΛΙΑΣ,9230.0,Μάνδρας - Ειδυλλίας,ΑΤΤΙΚΗΣ,normalized,Substring match
Δ. ΕΛΕΥΣΙΝΑΣ,Δ. ΕΛΕΥΣΙΝΑΣ,9229.0,Ελευσίνας,ΑΤΤΙΚΗΣ,normalized,Substring match
Δ. ΜΑΡΑΘΩΝΟΣ,Δ. ΜΑΡΑΘΩΝΟΣ,9220.0,Μαραθώνος,ΑΤΤΙΚΗΣ,normalized,Substring match
Δ. ΣΠΑΤΩΝ - ΑΡΤΕΜΙΔΟΣ,Δ. ΣΠΑΤΩΝ - ΑΡΤΕΜΙΔΟΣ,9226.0,Σπάτων - Αρτέμιδος,ΑΤΤΙΚΗΣ,normalized,Substring match
Δ. ΚΟΜΟΤΗΝΗΣ,Δ. ΚΟΜΟΤΗΝΗΣ,9021.0,Κομοτηνής,ΑΝΑΤΟΛΙΚΗΣ ΜΑΚΕΔΟΝΙΑΣ ΚΑΙ ΘΡΑΚΗΣ,normalized,Substring match
Δ. ΜΑΡΩΝΕΙΑΣ - ΣΑΠΩΝ,Δ. ΜΑΡΩΝΕΙΑΣ - ΣΑΠΩΝ,9022.0,Μαρωνείας - Σαπών,ΑΝΑΤΟΛΙΚΗΣ ΜΑΚΕΔΟΝΙΑΣ ΚΑΙ ΘΡΑΚΗΣ,normalized,Substring match
Δ. ΚΑΒΑΛΑΣ,Δ. ΚΑΒΑΛΑΣ,9012.0,Καβάλας,ΑΝΑΤΟΛΙΚΗΣ ΜΑΚΕΔΟΝΙΑΣ ΚΑΙ ΘΡΑΚΗΣ,normalized,Substring match
Δ. ΘΑΣΟΥ,Δ. ΘΑΣΟΥ,9011.0,Θάσου,ΑΝΑΤΟΛΙΚΗΣ ΜΑΚΕΔΟΝΙΑΣ ΚΑΙ ΘΡΑΚΗΣ,normalized,Substring match
Δ. ΠΑΓΓΑΙΟΥ,Δ. ΠΑΓΓΑΙΟΥ,9014.0,Παγγαίου,ΑΝΑΤΟΛΙΚΗΣ ΜΑΚΕΔΟΝΙΑΣ ΚΑΙ ΘΡΑΚΗΣ,normalized,Substring match
Δ. ΝΕΣΤΟΥ,Δ. ΝΕΣΤΟΥ,9013.0,Νέστου,ΑΝΑΤΟΛΙΚΗΣ ΜΑΚΕΔΟΝΙΑΣ ΚΑΙ ΘΡΑΚΗΣ,normalized,Substring match
Δ. ΔΡΑΜΑΣ,Δ. ΔΡΑΜΑΣ,9002.0,Δράμας,ΑΝΑΤΟΛΙΚΗΣ ΜΑΚΕΔΟΝΙΑΣ ΚΑΙ ΘΡΑΚΗΣ,normalized,Substring match
Δ. ΠΡΟΣΟΤΣΑΝΗΣ,Δ. ΠΡΟΣΟΤΣΑΝΗΣ,9005.0,Προσοτσάνης,ΑΝΑΤΟΛΙΚΗΣ ΜΑΚΕΔΟΝΙΑΣ ΚΑΙ ΘΡΑΚΗΣ,normalized,Substring match
Δ. ΠΑΡΑΝΕΣΤΙΟΥ,Δ. ΠΑΡΑΝΕΣΤΙΟΥ,9004.0,Παρανεστίου,ΑΝΑΤΟΛΙΚΗΣ ΜΑΚΕΔΟΝΙΑΣ ΚΑΙ ΘΡΑΚΗΣ,normalized,Substring match
Δ. ΜΥΚΗΣ,Δ. ΜΥΚΗΣ,9016.0,Μύκης,ΑΝΑΤΟΛΙΚΗΣ ΜΑΚΕΔΟΝΙΑΣ ΚΑΙ ΘΡΑΚΗΣ,normalized,Substring match
Δ. ΤΟΠΕΙΡΟΥ,Δ. ΤΟΠΕΙΡΟΥ,9018.0,Τοπείρου,ΑΝΑΤΟΛΙΚΗΣ ΜΑΚΕΔΟΝΙΑΣ ΚΑΙ ΘΡΑΚΗΣ,normalized,Substring match
Δ. ΣΟΥΦΛΙΟΥ,Δ. ΣΟΥΦΛΙΟΥ,9010.0,Σουφλίου,ΑΝΑΤΟΛΙΚΗΣ ΜΑΚΕΔΟΝΙΑΣ ΚΑΙ ΘΡΑΚΗΣ,normalized,Substring match
Δ. ΟΡΕΣΤΙΑΔΑΣ,Δ. ΟΡΕΣΤΙΑΔΑΣ,9008.0,Ορεστιάδας,ΑΝΑΤΟΛΙΚΗΣ ΜΑΚΕΔΟΝΙΑΣ ΚΑΙ ΘΡΑΚΗΣ,normalized,Substring match
Δ. ΘΕΣΣΑΛΟΝΙΚΗΣ,Δ. ΘΕΣΣΑΛΟΝΙΚΗΣ,9031.0,Θεσσαλονίκης,ΚΕΝΤΡΙΚΗΣ ΜΑΚΕΔΟΝΙΑΣ,normalized,Substring match
Δ. ΠΥΛΑΙΑΣ-ΧΟΡΤΙΑΤΗ,Δ. ΠΥΛΑΙΑΣ-ΧΟΡΤΙΑΤΗ,,,,unknown,
Δ. ΒΟΛΒΗΣ,Δ. ΒΟΛΒΗΣ,9027.0,Βόλβης,ΚΕΝΤΡΙΚΗΣ ΜΑΚΕΔΟΝΙΑΣ,normalized,Substring match
Δ. ΘΕΡΜΗΣ,Δ. ΘΕΡΜΗΣ,9030.0,Θέρμης,ΚΕΝΤΡΙΚΗΣ ΜΑΚΕΔΟΝΙΑΣ,normalized,Substring match
Δ. ΧΑΛΚΗΔΟΝΟΣ,Δ. ΧΑΛΚΗΔΟΝΟΣ,9038.0,Χαλκηδόνος,ΚΕΝΤΡΙΚΗΣ ΜΑΚΕΔΟΝΙΑΣ,normalized,Substring match
Δ. ΣΕΡΡΩΝ,Δ. ΣΕΡΡΩΝ,9054.0,Σερρών,ΚΕΝΤΡΙΚΗΣ ΜΑΚΕΔΟΝΙΑΣ,normalized,Substring match
Δ. ΒΙΣΑΛΤΙΑΣ,Δ. ΒΙΣΑΛΤΙΑΣ,9050.0,Βισαλτίας,ΚΕΝΤΡΙΚΗΣ ΜΑΚΕΔΟΝΙΑΣ,normalized,Substring match
Δ. ΣΙΝΤΙΚΗΣ,Δ. ΣΙΝΤΙΚΗΣ,9055.0,Σιντικής,ΚΕΝΤΡΙΚΗΣ ΜΑΚΕΔΟΝΙΑΣ,normalized,Substring match
Δ. ΑΜΦΙΠΟΛΗΣ,Δ. ΑΜΦΙΠΟΛΗΣ,9049.0,Αμφίπολης,ΚΕΝΤΡΙΚΗΣ ΜΑΚΕΔΟΝΙΑΣ,normalized,Substring match
Δ. ΠΟΛΥΓΥΡΟΥ,Δ. ΠΟΛΥΓΥΡΟΥ,9059.0,Πολυγύρου,ΚΕΝΤΡΙΚΗΣ ΜΑΚΕΔΟΝΙΑΣ,normalized,Substring match
Δ. ΝΕΑΣ ΠΡΟΠΟΝΤΙΔΑΣ,Δ. ΝΕΑΣ ΠΡΟΠΟΝΤΙΔΑΣ,9058.0,Νέας Προποντίδας,ΚΕΝΤΡΙΚΗΣ ΜΑΚΕΔΟΝΙΑΣ,normalized,Substring match
Δ. ΑΡΙΣΤΟΤΕΛΗ,Δ. ΑΡΙΣΤΟΤΕΛΗ,9056.0,Αριστοτέλη,ΚΕΝΤΡΙΚΗΣ ΜΑΚΕΔΟΝΙΑΣ,normalized,Substring match
Δ. ΚΙΛΚΙΣ,Δ. ΚΙΛΚΙΣ,9040.0,Κιλκίς,ΚΕΝΤΡΙΚΗΣ ΜΑΚΕΔΟΝΙΑΣ,normalized,Substring match
Δ. ΠΑΙΟΝΙΑΣ,Δ. ΠΑΙΟΝΙΑΣ,9041.0,Παιονίας,ΚΕΝΤΡΙΚΗΣ ΜΑΚΕΔΟΝΙΑΣ,normalized,Substring match
Δ. ΣΚΥΔΡΑΣ,Δ. ΣΚΥΔΡΑΣ,9214.0,Ύδρας,ΑΤΤΙΚΗΣ,normalized,Substring match
Δ. ΕΔΕΣΣΑΣ,Δ. ΕΔΕΣΣΑΣ,9043.0,Έδεσσας,ΚΕΝΤΡΙΚΗΣ ΜΑΚΕΔΟΝΙΑΣ,normalized,Substring match
Δ. ΠΕΛΛΑΣ,Δ. ΠΕΛΛΑΣ,9044.0,Πέλλας,ΚΕΝΤΡΙΚΗΣ ΜΑΚΕΔΟΝΙΑΣ,normalized,Substring match
Δ. ΑΛΜΩΠΙΑΣ,Δ. ΑΛΜΩΠΙΑΣ,9042.0,Αλμωπίας,ΚΕΝΤΡΙΚΗΣ ΜΑΚΕΔΟΝΙΑΣ,normalized,Substring match
Δ. ΒΕΡΟΙΑΣ,Δ. ΒΕΡΟΙΑΣ,9024.0,Βέροιας,ΚΕΝΤΡΙΚΗΣ ΜΑΚΕΔΟΝΙΑΣ,normalized,Substring match
Δ. ΝΑΟΥΣΑΣ,Δ. ΝΑΟΥΣΑΣ,9025.0,Νάουσας,ΚΕΝΤΡΙΚΗΣ ΜΑΚΕΔΟΝΙΑΣ,normalized,Substring match
Δ. ΚΑΤΕΡΙΝΗΣ,Δ. ΚΑΤΕΡΙΝΗΣ,9047.0,Κατερίνης,ΚΕΝΤΡΙΚΗΣ ΜΑΚΕΔΟΝΙΑΣ,normalized,Substring match
Δ. ΠΥΔΝΑΣ-ΚΟΛΙΝΔΡΟΥ,Δ. ΠΥΔΝΑΣ-ΚΟΛΙΝΔΡΟΥ,,,,unknown,
Δ. ΚΟΖΑΝΗΣ,Δ. ΚΟΖΑΝΗΣ,9068.0,Κοζάνης,ΔΥΤΙΚΗΣ ΜΑΚΕΔΟΝΙΑΣ,normalized,Substring match
Δ. ΒΟΪΟΥ,Δ. ΒΟΙΟΥ,9066.0,Βοϊου,ΔΥΤΙΚΗΣ ΜΑΚΕΔΟΝΙΑΣ,normalized,Substring match
Δ. ΣΕΡΒΙΩΝ - ΒΕΛΒΕΝΤΟΥ,Δ. ΣΕΡΒΙΩΝ - ΒΕΛΒΕΝΤΟΥ,9069.0,Σερβίων - Βελβεντού,ΔΥΤΙΚΗΣ ΜΑΚΕΔΟΝΙΑΣ,normalized,Substring match
Δ. ΕΟΡΔΑΙΑΣ,Δ. ΕΟΡΔΑΙΑΣ,9067.0,Εορδαίας,ΔΥΤΙΚΗΣ ΜΑΚΕΔΟΝΙΑΣ,normalized,Substring match
Δ. ΦΛΩΡΙΝΑΣ,Δ. ΦΛΩΡΙΝΑΣ,9072.0,Φλώρινας,ΔΥΤΙΚΗΣ ΜΑΚΕΔΟΝΙΑΣ,normalized,Substring match
Δ. ΚΑΣΤΟΡΙΑΣ,Δ. ΚΑΣΤΟΡΙΑΣ,9063.0,Καστοριάς,ΔΥΤΙΚΗΣ ΜΑΚΕΔΟΝΙΑΣ,normalized,Substring match
Δ. ΝΕΣΤΟΡΙΟΥ,Δ. ΝΕΣΤΟΡΙΟΥ,9064.0,Νεστορίου,ΔΥΤΙΚΗΣ ΜΑΚΕΔΟΝΙΑΣ,normalized,Substring match
Δ. ΟΡΕΣΤΙΔΟΣ,Δ. ΟΡΕΣΤΙΔΟΣ,9065.0,Ορεστίδος,ΔΥΤΙΚΗΣ ΜΑΚΕΔΟΝΙΑΣ,normalized,Substring match
Δ. ΔΩΔΩΝΗΣ,Δ. ΔΩΔΩΝΗΣ,9081.0,Δωδώνης,ΗΠΕΙΡΟΥ,normalized,Substring match
Δ. ΙΩΑΝΝΙΤΩΝ,Δ. ΙΩΑΝΝΙΤΩΝ,9084.0,Ιωαννιτών,ΗΠΕΙΡΟΥ,normalized,Substring match
Δ. ΖΑΓΟΡΙΟΥ,Δ. ΖΑΓΟΡΙΟΥ,9082.0,Ζαγορίου,ΗΠΕΙΡΟΥ,normalized,Substring match
Δ. ΒΟΡΕΙΩΝ ΤΖΟΥΜΕΡΚΩΝ,Δ. ΒΟΡΕΙΩΝ ΤΖΟΥΜΕΡΚΩΝ,9080.0,Βορείων Τζουμέρκων,ΗΠΕΙΡΟΥ,normalized,Substring match
Δ. ΜΕΤΣΟΒΟΥ,Δ. ΜΕΤΣΟΒΟΥ,9086.0,Μετσόβου,ΗΠΕΙΡΟΥ,normalized,Substring match
Δ. ΖΙΤΣΑΣ,Δ. ΖΙΤΣΑΣ,9083.0,Ζίτσας,ΗΠΕΙΡΟΥ,normalized,Substring match
Δ. ΠΩΓΩΝΙΟΥ,Δ. ΠΩΓΩΝΙΟΥ,9087.0,Πωγωνίου,ΗΠΕΙΡΟΥ,normalized,Substring match
Δ. ΣΟΥΛΙΟΥ,Δ. ΣΟΥΛΙΟΥ,9078.0,Σουλίου,ΗΠΕΙΡΟΥ,normalized,Substring match
Δ. ΑΡΤΑΙΩΝ,Δ. ΑΡΤΑΙΩΝ,9073.0,Αρταίων,ΗΠΕΙΡΟΥ,normalized,Substring match
Δ. ΝΙΚΟΛΑΟΥ ΣΚΟΥΦΑ,Δ. ΝΙΚΟΛΑΟΥ ΣΚΟΥΦΑ,9076.0,Νικολάου Σκουφά,ΗΠΕΙΡΟΥ,normalized,Substring match
Δ. ΚΕΝΤΡΙΚΩΝ ΤΖΟΥΜΕΡΚΩΝ,Δ. ΚΕΝΤΡΙΚΩΝ ΤΖΟΥΜΕΡΚΩΝ,9075.0,Κεντρικών Τζουμέρκων,ΗΠΕΙΡΟΥ,normalized,Substring match
Δ. ΓΕΩΡΓΙΟΥ ΚΑΡΑΙΣΚΑΚΗ,Δ. ΓΕΩΡΓΙΟΥ ΚΑΡΑΙΣΚΑΚΗ,9074.0,Γεωργίου Καραϊσκάκη,ΗΠΕΙΡΟΥ,normalized,Substring match
Δ. ΠΡΕΒΕΖΑΣ,Δ. ΠΡΕΒΕΖΑΣ,9090.0,Πρέβεζας,ΗΠΕΙΡΟΥ,normalized,Substring match
Δ. ΖΗΡΟΥ,Δ. ΖΗΡΟΥ,9088.0,Ζηρού,ΗΠΕΙΡΟΥ,normalized,Substring match
Δ. ΠΑΡΓΑΣ,Δ. ΠΑΡΓΑΣ,9089.0,Πάργας,ΗΠΕΙΡΟΥ,normalized,Substring match
Δ. ΑΓΙΑΣ,Δ. ΑΓΙΑΣ,9097.0,Αγιάς,ΘΕΣΣΑΛΙΑΣ,normalized,Substring match
Δ. ΦΑΡΣΑΛΩΝ,Δ. ΦΑΡΣΑΛΩΝ,9103.0,Φαρσάλων,ΘΕΣΣΑΛΙΑΣ,normalized,Substring match
Δ. ΚΙΛΕΛΕΡ,Δ. ΚΙΛΕΛΕΡ,9099.0,Κιλελέρ,ΘΕΣΣΑΛΙΑΣ,normalized,Substring match
Δ. ΛΑΡΙΣΑΙΩΝ,Δ. ΛΑΡΙΣΑΙΩΝ,9100.0,Λαρισαίων,ΘΕΣΣΑΛΙΑΣ,normalized,Substring match
Δ. ΤΥΡΝΑΒΟΥ,Δ. ΤΥΡΝΑΒΟΥ,9102.0,Τυρνάβου,ΘΕΣΣΑΛΙΑΣ,normalized,Substring match
Δ. ΤΕΜΠΩΝ,Δ. ΤΕΜΠΩΝ,9101.0,Τεμπών,ΘΕΣΣΑΛΙΑΣ,normalized,Substring match
Δ. ΕΛΑΣΣΟΝΑΣ,Δ. ΕΛΑΣΣΟΝΑΣ,9098.0,Ελασσόνας,ΘΕΣΣΑΛΙΑΣ,normalized,Substring match
Δ.ΒΟΛΟΥ,Δ.ΒΟΛΟΥ,9105.0,Βόλου,ΘΕΣΣΑΛΙΑΣ,normalized,Substring match
Δ. ΑΛΜΥΡΟΥ,Δ. ΑΛΜΥΡΟΥ,9104.0,Αλμυρού,ΘΕΣΣΑΛΙΑΣ,normalized,Substring match
Δ. ΣΚΟΠΕΛΟΥ,Δ. ΣΚΟΠΕΛΟΥ,9111.0,Σκοπέλου,ΘΕΣΣΑΛΙΑΣ,normalized,Substring match
Δ. ΝΟΤΙΟΥ ΠΗΛΙΟΥ,Δ. ΝΟΤΙΟΥ ΠΗΛΙΟΥ,9107.0,Νοτίου Πηλίου,ΘΕΣΣΑΛΙΑΣ,normalized,Substring match
Δ. ΡΗΓΑ ΦΕΡΑΙΟΥ,Δ. ΡΗΓΑ ΦΕΡΑΙΟΥ,,,,unknown,
Δ. ΚΑΡΔΙΤΣΑΣ,Δ. ΚΑΡΔΙΤΣΑΣ,9092.0,Καρδίτσας,ΘΕΣΣΑΛΙΑΣ,normalized,Substring match
Δ. ΛΙΜΝΗ ΠΛΑΣΤΗΡΑ,Δ. ΛΙΜΝΗ ΠΛΑΣΤΗΡΑ,,,,unknown,
Δ. ΣΟΦΑΔΩΝ,Δ. ΣΟΦΑΔΩΝ,9096.0,Σοφάδων,ΘΕΣΣΑΛΙΑΣ,normalized,Substring match
Δ. ΜΟΥΖΑΚΙΟΥ,Δ. ΜΟΥΖΑΚΙΟΥ,9094.0,Μουζακίου,ΘΕΣΣΑΛΙΑΣ,normalized,Substring match
Δ. ΑΡΓΙΘΕΑΣ,Δ. ΑΡΓΙΘΕΑΣ,9091.0,Αργιθέας,ΘΕΣΣΑΛΙΑΣ,normalized,Substring match
Δ. ΠΑΛΑΜΑ,Δ. ΠΑΛΑΜΑ,9095.0,Παλαμά,ΘΕΣΣΑΛΙΑΣ,normalized,Substring match
Δ. ΕΡΥΜΑΝΘΟΥ,Δ. ΕΡΥΜΑΝΘΟΥ,9132.0,Ερυμάνθου,ΔΥΤΙΚΗΣ ΕΛΛΑΔΑΣ,normalized,Substring match
Δ. ΔΥΤΙΚΗΣ ΑΧΑΪΑΣ,Δ. ΔΥΤΙΚΗΣ ΑΧΑΙΑΣ,9131.0,Δυτικής Αχαΐας,ΔΥΤΙΚΗΣ ΕΛΛΑΔΑΣ,normalized,Substring match
Δ. ΑΙΓΙΑΛΕΙΑΣ,Δ. ΑΙΓΙΑΛΕΙΑΣ,9130.0,Αιγιαλείας,ΔΥΤΙΚΗΣ ΕΛΛΑΔΑΣ,normalized,Substring match
Δ. ΚΑΛΑΒΡΥΤΩΝ,Δ. ΚΑΛΑΒΡΥΤΩΝ,9133.0,Καλαβρύτων,ΔΥΤΙΚΗΣ ΕΛΛΑΔΑΣ,normalized,Substring match
Δ. ΝΑΥΠΑΚΤΙΑΣ,Δ. ΝΑΥΠΑΚΤΙΑΣ,9128.0,Ναυπακτίας,ΔΥΤΙΚΗΣ ΕΛΛΑΔΑΣ,normalized,Substring match
Δ. ΞΗΡΟΜΕΡΟΥ,Δ. ΞΗΡΟΜΕΡΟΥ,9129.0,Ξηρομέρου,ΔΥΤΙΚΗΣ ΕΛΛΑΔΑΣ,normalized,Substring match
Δ. ΑΜΦΙΛΟΧΙΑΣ,Δ. ΑΜΦΙΛΟΧΙΑΣ,9125.0,Αμφιλοχίας,ΔΥΤΙΚΗΣ ΕΛΛΑΔΑΣ,normalized,Substring match
Δ. ΑΚΤΙΟΥ - ΒΟΝΙΤΣΑΣ,Δ. ΑΚΤΙΟΥ - ΒΟΝΙΤΣΑΣ,9124.0,Άκτιου - Βόνιτσας,ΔΥΤΙΚΗΣ ΕΛΛΑΔΑΣ,normalized,Substring match
Δ. ΑΝΔΡΙΤΣΑΙΝΑΣ - ΚΡΕΣΤΕΝΩΝ,Δ. ΑΝΔΡΙΤΣΑΙΝΑΣ - ΚΡΕΣΤΕΝΩΝ,9136.0,Ανδρίτσαινας - Κρεστένων,ΔΥΤΙΚΗΣ ΕΛΛΑΔΑΣ,normalized,Substring match
Δ. ΗΛΙΔΑΣ,Δ. ΗΛΙΔΑΣ,9139.0,Ήλιδας,ΔΥΤΙΚΗΣ ΕΛΛΑΔΑΣ,normalized,Substring match
Δ. ΠΗΝΕΙΟΥ,Δ. ΠΗΝΕΙΟΥ,9140.0,Πηνειού,ΔΥΤΙΚΗΣ ΕΛΛΑΔΑΣ,normalized,Substring match
Δ. ΑΝΔΡΑΒΙΔΑΣ - ΚΥΛΛΗΝΗΣ,Δ. ΑΝΔΡΑΒΙΔΑΣ - ΚΥΛΛΗΝΗΣ,9135.0,Ανδραβίδας - Κυλλήνης,ΔΥΤΙΚΗΣ ΕΛΛΑΔΑΣ,normalized,Substring match
Δ. ΤΡΙΠΟΛΗΣ,Δ. ΤΡΙΠΟΛΗΣ,9241.0,Τρίπολης,ΠΕΛΟΠΟΝΝΗΣΟΥ,normalized,Substring match
Δ. ΒΟΡΕΙΑΣ ΚΥΝΟΥΡΙΑΣ,Δ. ΒΟΡΕΙΑΣ ΚΥΝΟΥΡΙΑΣ,9237.0,Βόρειας Κυνουρίας,ΠΕΛΟΠΟΝΝΗΣΟΥ,normalized,Substring match
Δ. ΓΟΡΤΥΝΙΑΣ,Δ. ΓΟΡΤΥΝΙΑΣ,9238.0,Γορτυνίας,ΠΕΛΟΠΟΝΝΗΣΟΥ,normalized,Substring match
Δ. ΝΟΤΙΑΣ ΚΥΝΟΥΡΙΑΣ,Δ. ΝΟΤΙΑΣ ΚΥΝΟΥΡΙΑΣ,9240.0,Νότιας Κυνουρίας,ΠΕΛΟΠΟΝΝΗΣΟΥ,normalized,Substring match
Δ. ΔΥΤΙΚΗΣ ΜΑΝΗΣ,Δ. ΔΥΤΙΚΗΣ ΜΑΝΗΣ,9253.0,Δυτικής Μάνης,ΠΕΛΟΠΟΝΝΗΣΟΥ,normalized,Substring match
Δ. ΠΥΛΟΥ-ΝΕΣΤΟΡΟΣ,Δ. ΠΥΛΟΥ-ΝΕΣΤΟΡΟΣ,,,,unknown,
Δ. ΜΕΣΣΗΝΗΣ,Δ. ΜΕΣΣΗΝΗΣ,9255.0,Μεσσήνης,ΠΕΛΟΠΟΝΝΗΣΟΥ,normalized,Substring match
Δ. ΚΑΛΑΜΑΤΑΣ,Δ. ΚΑΛΑΜΑΤΑΣ,9254.0,Καλαμάτας,ΠΕΛΟΠΟΝΝΗΣΟΥ,normalized,Substring match
Δ. ΤΡΙΦΥΛΛΙΑΣ,Δ. ΤΡΙΦΥΛΛΙΑΣ,,,,unknown,
Δ. ΣΠΑΡΤΗΣ,Δ. ΣΠΑΡΤΗΣ,9252.0,Σπάρτης,ΠΕΛΟΠΟΝΝΗΣΟΥ,normalized,Substring match
Δ. ΕΥΡΩΤΑ,Δ. ΕΥΡΩΤΑ,9250.0,Ευρώτα,ΠΕΛΟΠΟΝΝΗΣΟΥ,normalized,Substring match
Δ. ΑΝΑΤΟΛΙΚΗΣ ΜΑΝΗΣ,Δ. ΑΝΑΤΟΛΙΚΗΣ ΜΑΝΗΣ,9248.0,Ανατολικής Μάνης,ΠΕΛΟΠΟΝΝΗΣΟΥ,normalized,Substring match
Δ. ΕΛΑΦΟΝΗΣΟΥ,Δ. ΕΛΑΦΟΝΗΣΟΥ,9249.0,Ελαφονήσου,ΠΕΛΟΠΟΝΝΗΣΟΥ,normalized,Substring match
Δ. ΝΑΥΠΛΙΕΩΝ,Δ. ΝΑΥΠΛΙΕΩΝ,9236.0,Ναυπλιέων,ΠΕΛΟΠΟΝΝΗΣΟΥ,normalized,Substring match
Δ. ΕΠΙΔΑΥΡΟΥ,Δ. ΕΠΙΔΑΥΡΟΥ,9234.0,Επιδαύρου,ΠΕΛΟΠΟΝΝΗΣΟΥ,normalized,Substring match
Δ. ΕΡΜΙΟΝΙΔΑΣ,Δ. ΕΡΜΙΟΝΙΔΑΣ,9235.0,Ερμιονίδας,ΠΕΛΟΠΟΝΝΗΣΟΥ,normalized,Substring match
Δ. ΥΔΡΑΣ,Δ. ΥΔΡΑΣ,9214.0,Ύδρας,ΑΤΤΙΚΗΣ,normalized,Substring match
Δ. ΠΟΡΟΥ,Δ. ΠΟΡΟΥ,9210.0,Πόρου,ΑΤΤΙΚΗΣ,normalized,Substring match
Δ. ΤΡΟΙΖΗΝΙΑΣ,Δ. ΤΡΟΙΖΗΝΙΑΣ,9213.0,Τροιζηνίας,ΑΤΤΙΚΗΣ,normalized,Substring match
Δ. ΑΡΓΟΥΣ - ΜΥΚΗΝΩΝ,Δ. ΑΡΓΟΥΣ - ΜΥΚΗΝΩΝ,9233.0,Άργους - Μυκηνών,ΠΕΛΟΠΟΝΝΗΣΟΥ,normalized,Substring match
Δ. ΒΕΛΟΥ-ΒΟΧΑΣ,Δ. ΒΕΛΟΥ-ΒΟΧΑΣ,,,,unknown,
Δ. ΛΟΥΤΡΑΚΙΟΥ-ΑΓΙΩΝ ΘΕΟΔΩΡΩ,Δ. ΛΟΥΤΡΑΚΙΟΥ-ΑΓΙΩΝ ΘΕΟΔΩΡΩ,,,,unknown,
Δ. ΣΙΚΥΩΝΙΩΝ,Δ. ΣΙΚΥΩΝΙΩΝ,9247.0,Σικυωνίων,ΠΕΛΟΠΟΝΝΗΣΟΥ,normalized,Substring match
Δ. ΞΥΛΟΚΑΣΤΡΟΥ-ΕΥΡΩΣΤΙΝΗΣ,Δ. ΞΥΛΟΚΑΣΤΡΟΥ-ΕΥΡΩΣΤΙΝΗΣ,,,,unknown,
Δ. ΛΑΜΙΕΩΝ,Δ. ΛΑΜΙΕΩΝ,9160.0,Λαμιέων,ΣΤΕΡΕΑΣ ΕΛΛΑΔΑΣ,normalized,Substring match
Δ. ΛΟΚΡΩΝ,Δ. ΛΟΚΡΩΝ,9161.0,Λοκρών,ΣΤΕΡΕΑΣ ΕΛΛΑΔΑΣ,normalized,Substring match
Δ. ΑΜΦΙΚΛΕΙΑΣ-ΕΛΑΤΕΙΑΣ,Δ. ΑΜΦΙΚΛΕΙΑΣ-ΕΛΑΤΕΙΑΣ,,,,unknown,
Δ. ΔΟΜΟΚΟΥ,Δ. ΔΟΜΟΚΟΥ,9159.0,Δομοκού,ΣΤΕΡΕΑΣ ΕΛΛΑΔΑΣ,normalized,Substring match
Δ. ΣΤΥΛΙΔΑΣ,Δ. ΣΤΥΛΙΔΑΣ,9164.0,Στυλίδας,ΣΤΕΡΕΑΣ ΕΛΛΑΔΑΣ,normalized,Substring match
Δ. ΜΩΛΟΥ,Δ. ΜΩΛΟΥ,,,,unknown,
Δ. ΑΓΡΑΦΩΝ,Δ. ΑΓΡΑΦΩΝ,9156.0,Αγράφων,ΣΤΕΡΕΑΣ ΕΛΛΑΔΑΣ,normalized,Substring match
Δ. ΔΩΡΙΔΟΑΣ,Δ. ΔΩΡΙΔΟΑΣ,,,,unknown,
Δ. ΑΛΙΑΡΤΟΥ,Δ. ΑΛΙΑΡΤΟΥ,9142.0,Αλιάρτου,ΣΤΕΡΕΑΣ ΕΛΛΑΔΑΣ,normalized,Substring match
Δ. ΛΕΒΑΔΕΩΝ,Δ. ΛΕΒΑΔΕΩΝ,9145.0,Λεβαδέων,ΣΤΕΡΕΑΣ ΕΛΛΑΔΑΣ,normalized,Substring match
Δ. ΔΙΣΤΟΜΟΥ - ΑΡΑΧΟΒΑΣ - ΑΝΤΙΚΥΡΑΣ,Δ. ΔΙΣΤΟΜΟΥ - ΑΡΑΧΟΒΑΣ - ΑΝΤΙΚΥΡΑΣ,,,,unknown,
Δ. ΤΑΝΑΓΡΑΣ,Δ. ΤΑΝΑΓΡΑΣ,9147.0,Τανάγρας,ΣΤΕΡΕΑΣ ΕΛΛΑΔΑΣ,normalized,Substring match
Δ. ΕΡΕΤΡΙΑΣ,Δ. ΕΡΕΤΡΙΑΣ,9149.0,Ερέτριας,ΣΤΕΡΕΑΣ ΕΛΛΑΔΑΣ,normalized,Substring match
Δ. ΔΙΡΦΥΩΝ - ΜΕΣΣΑΠΙΩΝ,Δ. ΔΙΡΦΥΩΝ - ΜΕΣΣΑΠΙΩΝ,9148.0,Διρφύων - Μεσσαπίων,ΣΤΕΡΕΑΣ ΕΛΛΑΔΑΣ,normalized,Substring match
Δ. ΧΑΛΚΙΔΕΩΝ,Δ. ΧΑΛΚΙΔΕΩΝ,9155.0,Χαλκιδέων,ΣΤΕΡΕΑΣ ΕΛΛΑΔΑΣ,normalized,Substring match
Δ. ΚΥΜΗΣ - ΑΛΙΒΕΡΙΟΥ,Δ. ΚΥΜΗΣ - ΑΛΙΒΕΡΙΟΥ,9152.0,Κύμης - Αλιβερίου,ΣΤΕΡΕΑΣ ΕΛΛΑΔΑΣ,normalized,Substring match
Δ. ΚΑΡΥΣΤΟΥ,Δ. ΚΑΡΥΣΤΟΥ,9151.0,Καρύστου,ΣΤΕΡΕΑΣ ΕΛΛΑΔΑΣ,normalized,Substring match
Δ. ΣΚΥΡΟΥ,Δ. ΣΚΥΡΟΥ,9154.0,Σκύρου,ΣΤΕΡΕΑΣ ΕΛΛΑΔΑΣ,normalized,Substring match
Δ. ΙΣΤΙΑΙΑΣ - ΑΙΔΗΨΟΥ,Δ. ΙΣΤΙΑΙΑΣ - ΑΙΔΗΨΟΥ,9150.0,Ιστιαίας - Αιδηψού,ΣΤΕΡΕΑΣ ΕΛΛΑΔΑΣ,normalized,Substring match
Δ. ΜΑΝΤΟΥΔΙΟΥ - ΛΙΜΝΗΣ - ΑΓΙΑΣ ΑΝΝΑΣ,Δ. ΜΑΝΤΟΥΔΙΟΥ - ΛΙΜΝΗΣ - ΑΓΙΑΣ ΑΝΝΑΣ,9097.0,Αγιάς,ΘΕΣΣΑΛΙΑΣ,normalized,Substring match
Δ. ΙΗΤΩΝ,Δ. ΙΗΤΩΝ,9271.0,Ιητών,ΝΟΤΙΟΥ ΑΙΓΑΙΟΥ,normalized,Substring match
Δ. ΝΑΞΟΥ &ΜΙΚΡΩΝ ΚΥΚΛΑΔΩΝ,Δ. ΝΑΞΟΥ &ΜΙΚΡΩΝ ΚΥΚΛΑΔΩΝ,,,,unknown,
Δ. ΡΟΔΟΥ,Δ. ΡΟΔΟΥ,9296.0,Ρόδου,ΝΟΤΙΟΥ ΑΙΓΑΙΟΥ,normalized,Substring match
Δ. ΚΑΡΠΑΘΟΥ,Δ. ΚΑΡΠΑΘΟΥ,9280.0,Καρπάθου,ΝΟΤΙΟΥ ΑΙΓΑΙΟΥ,normalized,Substring match
Δ. ΚΩ,Δ. ΚΩ,9284.0,Κω,ΝΟΤΙΟΥ ΑΙΓΑΙΟΥ,normalized,Substring match
Δ. ΛΕΣΒΟΥ,Δ. ΛΕΣΒΟΥ,9261.0,Λέσβου,ΒΟΡΕΙΟΥ ΑΙΓΑΙΟΥ,normalized,Substring match
Δ. ΛΗΜΝΟΥ,Δ. ΛΗΜΝΟΥ,9263.0,Λήμνου,ΒΟΡΕΙΟΥ ΑΙΓΑΙΟΥ,normalized,Substring match
Δ. ΧΙΟΥ,Δ. ΧΙΟΥ,9266.0,Χίου,ΒΟΡΕΙΟΥ ΑΙΓΑΙΟΥ,normalized,Substring match
Δ. ΣΑΜΟΥ,Δ. ΣΑΜΟΥ,9264.0,Σάμου,ΒΟΡΕΙΟΥ ΑΙΓΑΙΟΥ,normalized,Substring match
Δ. ΙΚΑΡΙΑΣ,Δ. ΙΚΑΡΙΑΣ,9259.0,Ικαρίας,ΒΟΡΕΙΟΥ ΑΙΓΑΙΟΥ,normalized,Substring match
Δ. ΦΑΙΣΤΟΥ,Δ. ΦΑΙΣΤΟΥ,9308.0,Φαιστού,ΚΡΗΤΗΣ,normalized,Substring match
Δ. ΜΙΝΩΑ ΠΕΔΙΑΔΑΣ,Δ. ΜΙΝΩΑ ΠΕΔΙΑΔΑΣ,9307.0,Μινώα Πεδιάδας,ΚΡΗΤΗΣ,normalized,Substring match
Δ. ΧΕΡΣΟΝΗΣΟΥ,Δ. ΧΕΡΣΟΝΗΣΟΥ,9309.0,Χερσονήσου,ΚΡΗΤΗΣ,normalized,Substring match
Δ. ΑΧΑΡΝΩΝ-ΑΣΤΕΡΟΥΣΙΩΝ,Δ. ΑΧΑΡΝΩΝ-ΑΣΤΕΡΟΥΣΙΩΝ,9215.0,Αχαρνών,ΑΤΤΙΚΗΣ,normalized,Substring match
Δ. ΜΑΛΕΒΙΖΙΟΥ,Δ. ΜΑΛΕΒΙΖΙΟΥ,9306.0,Μαλεβιζίου,ΚΡΗΤΗΣ,normalized,Substring match
Δ. ΗΡΑΚΛΕΙΟΥ,Δ. ΗΡΑΚΛΕΙΟΥ,9170.0,Ηρακλείου,ΑΤΤΙΚΗΣ,normalized,Substring match
Δ. ΑΠΟΚΟΡΩΝΟΥ,Δ. ΑΠΟΚΟΡΩΝΟΥ,9319.0,Αποκορώνου,ΚΡΗΤΗΣ,normalized,Substring match
Δ. ΣΦΑΚΙΩΝ,Δ. ΣΦΑΚΙΩΝ,9324.0,Σφακίων,ΚΡΗΤΗΣ,normalized,Substring match
Δ. ΠΛΑΤΑΝΙΑ,Δ. ΠΛΑΤΑΝΙΑ,9323.0,Πλατανιά,ΚΡΗΤΗΣ,normalized,Substring match
Δ. ΧΑΝΙΩΝ,Δ. ΧΑΝΙΩΝ,9325.0,Χανίων,ΚΡΗΤΗΣ,normalized,Substring match
Δ. ΚΑΝΤΑΝΟΥ-ΣΕΛΙΝΟΥ,Δ. ΚΑΝΤΑΝΟΥ-ΣΕΛΙΝΟΥ,,,,unknown,
Δ. ΚΙΣΣΑΜΟΥ,Δ. ΚΙΣΣΑΜΟΥ,9264.0,Σάμου,ΒΟΡΕΙΟΥ ΑΙΓΑΙΟΥ,normalized,Substring match
Δ. ΑΓΙΟΥ ΒΑΣΙΛΕΙΟΥ,Δ. ΑΓΙΟΥ ΒΑΣΙΛΕΙΟΥ,9314.0,Αγίου Βασιλείου,ΚΡΗΤΗΣ,normalized,Substring match
Δ. ΜΥΛΟΠΟΤΑΜΟΥ,Δ. ΜΥΛΟΠΟΤΑΜΟΥ,9317.0,Μυλοποτάμου,ΚΡΗΤΗΣ,normalized,Substring match
Δ. ΑΜΑΡΙΟΥ,Δ. ΑΜΑΡΙΟΥ,9315.0,Αμάριου,ΚΡΗΤΗΣ,normalized,Substring match
Δ. ΙΕΡΑΠΕΤΡΑΣ,Δ. ΙΕΡΑΠΕΤΡΑΣ,9311.0,Ιεράπετρας,ΚΡΗΤΗΣ,normalized,Substring match
Δ. ΣΗΤΕΙΑΣ,Δ. ΣΗΤΕΙΑΣ,9313.0,Σητείας,ΚΡΗΤΗΣ,normalized,Substring match
Δ. ΚΕΡΚΥΡΑΣ,Δ. ΚΕΡΚΥΡΑΣ,9118.0,Κέρκυρας,ΙΟΝΙΩΝ ΝΗΣΩΝ,normalized,Substring match
Δ. ΜΕΓΑΝΗΣΟΥ,Δ. ΜΕΓΑΝΗΣΟΥ,,,,unknown,
Δ. ΚΕΦΑΛΛΟΝΙΑΣ,Δ. ΚΕΦΑΛΛΟΝΙΑΣ,,,,unknown,
Δ. ΠΑΠΑΓΟΥ - ΧΟΛΑΡΓΟΥ,Δ. ΠΑΠΑΓΟΥ - ΧΟΛΑΡΓΟΥ,9175.0,Παπάγου - Χολαργού,ΑΤΤΙΚΗΣ,normalized,Substring match
Δ. ΖΩΓΡΑΦΟΥ,Δ. ΖΩΓΡΑΦΟΥ,9190.0,Ζωγράφου,ΑΤΤΙΚΗΣ,normalized,Substring match
Δ. ΕΛΛΗΝΙΚΟΥ - ΑΡΓΥΡΟΥΠΟΛΗΣ,Δ. ΕΛΛΗΝΙΚΟΥ - ΑΡΓΥΡΟΥΠΟΛΗΣ,9197.0,Ελληνικού - Αργυρούπολης,ΑΤΤΙΚΗΣ,normalized,Substring match
Δ. ΡΑΦΗΝΑΣ - ΠΙΚΕΡΜΙΟΥ,Δ. ΡΑΦΗΝΑΣ - ΠΙΚΕΡΜΙΟΥ,9224.0,Ραφήνας - Πικερμίου,ΑΤΤΙΚΗΣ,normalized,Substring match
Δ. ΠΑΙΑΝΙΑΣ,Δ. ΠΑΙΑΝΙΑΣ,9222.0,Παιανίας,ΑΤΤΙΚΗΣ,normalized,Substring match
Δ. ΜΑΡΚΟΠΟΥΛΟΥ ΜΕΣΟΓΑΙΑΣ,Δ. ΜΑΡΚΟΠΟΥΛΟΥ ΜΕΣΟΓΑΙΑΣ,9221.0,Μαρκοπούλου Μεσογαίας,ΑΤΤΙΚΗΣ,normalized,Substring match
Δ. ΙΑΣΜΟΥ,Δ. ΙΑΣΜΟΥ,9020.0,Ιάσμου,ΑΝΑΤΟΛΙΚΗΣ ΜΑΚΕΔΟΝΙΑΣ ΚΑΙ ΘΡΑΚΗΣ,normalized,Substring match
Δ. ΔΟΞΑΤΟΥ,Δ. ΔΟΞΑΤΟΥ,9001.0,Δοξάτου,ΑΝΑΤΟΛΙΚΗΣ ΜΑΚΕΔΟΝΙΑΣ ΚΑΙ ΘΡΑΚΗΣ,normalized,Substring match
Δ. ΣΑΜΟΘΡΑΚΗΣ,Δ. ΣΑΜΟΘΡΑΚΗΣ,9009.0,Σαμοθράκης,ΑΝΑΤΟΛΙΚΗΣ ΜΑΚΕΔΟΝΙΑΣ ΚΑΙ ΘΡΑΚΗΣ,normalized,Substring match
Δ. ΔΙΔΥΜΟΤΕΙΧΟΥ,Δ. ΔΙΔΥΜΟΤΕΙΧΟΥ,9007.0,Διδυμοτείχου,ΑΝΑΤΟΛΙΚΗΣ ΜΑΚΕΔΟΝΙΑΣ ΚΑΙ ΘΡΑΚΗΣ,normalized,Substring match
Δ. ΝΕΑΠΟΛΗΣ-ΣΥΚΕΩΝ,Δ. ΝΕΑΠΟΛΗΣ-ΣΥΚΕΩΝ,,,,unknown,
Δ. ΠΑΥΛΟΥ ΜΕΛΑ,Δ. ΠΑΥΛΟΥ ΜΕΛΑ,9036.0,Παύλου Μελά,ΚΕΝΤΡΙΚΗΣ ΜΑΚΕΔΟΝΙΑΣ,normalized,Substring match
Δ. ΗΡΑΚΛΕΙΑΣ,Δ. ΗΡΑΚΛΕΙΑΣ,9052.0,Ηρακλείας,ΚΕΝΤΡΙΚΗΣ ΜΑΚΕΔΟΝΙΑΣ,normalized,Substring match
Δ. ΔΙΟΥ-ΟΛΥΜΠΙΟΥ,Δ. ΔΙΟΥ-ΟΛΥΜΠΙΟΥ,,,,unknown,
Δ. ΖΑΓΟΡΑΣ-ΜΟΥΡΕΣΙΟΥ,Δ. ΖΑΓΟΡΑΣ-ΜΟΥΡΕΣΙΟΥ,,,,unknown,
Δ. ΚΕΑΣ,Δ. ΚΕΑΣ,9282.0,Κέας,ΝΟΤΙΟΥ ΑΙΓΑΙΟΥ,normalized,Substring match
Δ. ΑΝΔΡΟΥ,Δ. ΑΝΔΡΟΥ,9268.0,Άνδρου,ΝΟΤΙΟΥ ΑΙΓΑΙΟΥ,normalized,Substring match
Δ. ΓΟΡΤΥΝΑΣ,Δ. ΓΟΡΤΥΝΑΣ,9304.0,Γόρτυνας,ΚΡΗΤΗΣ,normalized,Substring match
Δ. ΒΙΑΝΝΟΥ,Δ. ΒΙΑΝΝΟΥ,9303.0,Βιάννου,ΚΡΗΤΗΣ,normalized,Substring match
Δ. ΑΝΩΓΕΙΩΝ,Δ. ΑΝΩΓΕΙΩΝ,9316.0,Ανωγείων,ΚΡΗΤΗΣ,normalized,Substring match
Δ. ΠΕΝΤΕΛΗΣ,Δ. ΠΕΝΤΕΛΗΣ,9176.0,Πεντέλης,ΑΤΤΙΚΗΣ,normalized,Substring match
Δ. ΚΕΡΑΤΣΙΝΙΟΥ - ΔΡΑΠΕΤΣΩΝΑΣ,Δ. ΚΕΡΑΤΣΙΝΙΟΥ - ΔΡΑΠΕΤΣΩΝΑΣ,9202.0,Κερατσινίου - Δραπετσώνας,ΑΤΤΙΚΗΣ,normalized,Substring match
Δ. ΑΡΡΙΑΝΩΝ,Δ. ΑΡΡΙΑΝΩΝ,9019.0,Αρριανών,ΑΝΑΤΟΛΙΚΗΣ ΜΑΚΕΔΟΝΙΑΣ ΚΑΙ ΘΡΑΚΗΣ,normalized,Substring match
Δ. ΘΕΡΜΑΙΚΟΥ,Δ. ΘΕΡΜΑΙΚΟΥ,9029.0,Θερμαϊκού,ΚΕΝΤΡΙΚΗΣ ΜΑΚΕΔΟΝΙΑΣ,normalized,Substring match
Δ. ΝΕΑΣ ΖΙΧΝΗΣ,Δ. ΝΕΑΣ ΖΙΧΝΗΣ,9053.0,Νέας Ζίχνης,ΚΕΝΤΡΙΚΗΣ ΜΑΚΕΔΟΝΙΑΣ,normalized,Substring match
Δ. ΑΘΗΝΑΙΩΝ,Δ. ΑΘΗΝΑΙΩΝ,9186.0,Αθηναίων,ΑΤΤΙΚΗΣ,normalized,Substring match
Δ. ΣΕΡΙΦΟΥ,Δ. ΣΕΡΙΦΟΥ,9288.0,Σερίφου,ΝΟΤΙΟΥ ΑΙΓΑΙΟΥ,normalized,Substring match
Δ. ΒΥΡΩΝΟΣ,Δ. ΒΥΡΩΝΟΣ,9187.0,Βύρωνος,ΑΤΤΙΚΗΣ,normalized,Substring match
Δ. ΑΓΙΩΝ ΑΝΑΡΓΥΡΩΝ - ΚΑΜΑΤΕΡΟΥ,Δ. ΑΓΙΩΝ ΑΝΑΡΓΥΡΩΝ - ΚΑΜΑΤΕΡΟΥ,9180.0,Αγίων Αναργύρων - Καματερού,ΑΤΤΙΚΗΣ,normalized,Substring match
Δ. ΣΚΙΑΘΟΥ,Δ. ΣΚΙΑΘΟΥ,9110.0,Σκιάθου,ΘΕΣΣΑΛΙΑΣ,normalized,Substring match
Δ. ΣΠΕΤΣΩΝ,Δ. ΣΠΕΤΣΩΝ,9212.0,Σπετσών,ΑΤΤΙΚΗΣ,normalized,Substring match
Δ. ΑΜΟΡΓΟΥ,Δ. ΑΜΟΡΓΟΥ,9291.0,Αμοργού,ΝΟΤΙΟΥ ΑΙΓΑΙΟΥ,normalized,Substring match
Δ. ΤΗΛΟΥ,Δ. ΤΗΛΟΥ,9298.0,Τήλου,ΝΟΤΙΟΥ ΑΙΓΑΙΟΥ,normalized,Substring match
Δ. ΠΕΡΙΣΤΕΡΙΟΥ,Δ. ΠΕΡΙΣΤΕΡΙΟΥ,9183.0,Περιστερίου,ΑΤΤΙΚΗΣ,normalized,Substring match
Δ. ΠΕΤΡΟΥΠΟΛΕΩΣ,Δ. ΠΕΤΡΟΥΠΟΛΕΩΣ,,,,unknown,
Δ. ΚΑΛΥΜΝΙΩΝ,Δ. ΚΑΛΥΜΝΙΩΝ,9276.0,Καλυμνίων,ΝΟΤΙΟΥ ΑΙΓΑΙΟΥ,normalized,Substring match
Δ. ΦΟΥΡΝΩΝ ΚΟΡΣΕΩΝ,Δ. ΦΟΥΡΝΩΝ ΚΟΡΣΕΩΝ,9260.0,Φούρνων Κορσεών,ΒΟΡΕΙΟΥ ΑΙΓΑΙΟΥ,normalized,Substring match
Δ. ΠΑΞΩΝ,Δ. ΠΑΞΩΝ,9119.0,Παξών,ΙΟΝΙΩΝ ΝΗΣΩΝ,normalized,Substring match
Δ. ΖΑΚΥΝΘΟΥ,Δ. ΖΑΚΥΝΘΟΥ,9116.0,Ζακύνθου,ΙΟΝΙΩΝ ΝΗΣΩΝ,normalized,Substring match
Δ. ΝΑΞΟΥ & ΜΙΚΡΩΝ ΚΥΚΛΑΔΩΝ,Δ. ΝΑΞΟΥ & ΜΙΚΡΩΝ ΚΥΚΛΑΔΩΝ,9292.0,Νάξου & Μικρών Κυκλάδων,ΝΟΤΙΟΥ ΑΙΓΑΙΟΥ,normalized,Substring match
Δ. ΕΜΜΑΝΟΥΗΛ ΠΑΠΠΑ,Δ. ΕΜΜΑΝΟΥΗΛ ΠΑΠΠΑ,9051.0,Εμμανουήλ Παππά,ΚΕΝΤΡΙΚΗΣ ΜΑΚΕΔΟΝΙΑΣ,normalized,Substring match
Δ. ΑΛΕΞΑΝΔΡΕΙΑΣ,Δ. ΑΛΕΞΑΝΔΡΕΙΑΣ,9023.0,Αλεξάνδρειας,ΚΕΝΤΡΙΚΗΣ ΜΑΚΕΔΟΝΙΑΣ,normalized,Substring match
Δ. ΣΥΡΟΥ-ΕΡΜΟΥΠΟΛΕΩΣ,Δ. ΣΥΡΟΥ-ΕΡΜΟΥΠΟΛΕΩΣ,,,,unknown,
Δ. ΜΥΚΟΝΟΥ,Δ. ΜΥΚΟΝΟΥ,9290.0,Μυκόνου,ΝΟΤΙΟΥ ΑΙΓΑΙΟΥ,normalized,Substring match
Δ. ΦΟΛΕΓΑΝΔΡΟΥ,Δ. ΦΟΛΕΓΑΝΔΡΟΥ,9268.0,Άνδρου,ΝΟΤΙΟΥ ΑΙΓΑΙΟΥ,normalized,Substring match
Δ. ΛΕΡΟΥ,Δ. ΛΕΡΟΥ,9278.0,Λέρου,ΝΟΤΙΟΥ ΑΙΓΑΙΟΥ,normalized,Substring match
Δ. ΦΙΛΟΘΕΗΣ - ΨΥΧΙΚΟΥ,Δ. ΦΙΛΟΘΕΗΣ - ΨΥΧΙΚΟΥ,9177.0,Φιλοθέης - Ψυχικού,ΑΤΤΙΚΗΣ,normalized,Substring match
Δ. ΙΛΙΟΥ,Δ. ΙΛΙΟΥ,9182.0,Ιλίου,ΑΤΤΙΚΗΣ,normalized,Substring match
Δ. ΑΓΚΙΣΤΡΙΟΥ,Δ. ΑΓΚΙΣΤΡΙΟΥ,9207.0,Αγκιστρίου,ΑΤΤΙΚΗΣ,normalized,Substring match
Δ. ΒΟΛΟΥ,Δ. ΒΟΛΟΥ,9105.0,Βόλου,ΘΕΣΣΑΛΙΑΣ,normalized,Substring match
Δ. ΘΗΡΑΣ,Δ. ΘΗΡΑΣ,9270.0,Θήρας,ΝΟΤΙΟΥ ΑΙΓΑΙΟΥ,normalized,Substring match
Δ. ΜΕΓΙΣΤΗΣ,Δ. ΜΕΓΙΣΤΗΣ,9295.0,Μεγίστης,ΝΟΤΙΟΥ ΑΙΓΑΙΟΥ,normalized,Substring match
Δ. ΑΡΧΑΝΩΝ-ΑΣΤΕΡΟΥΣΙΩΝ,Δ. ΑΡΧΑΝΩΝ-ΑΣΤΕΡΟΥΣΙΩΝ,,,,unknown,
Δ. ΑΜΑΡΟΥΣΙΟΥ,Δ. ΑΜΑΡΟΥΣΙΟΥ,9168.0,Αμαρουσίου,ΑΤΤΙΚΗΣ,normalized,Substring match
Δ. ΑΙΓΑΛΕΩ,Δ. ΑΙΓΑΛΕΩ,9181.0,Αιγάλεω,ΑΤΤΙΚΗΣ,normalized,Substring match
Δ. ΔΙΟΥ-ΟΛΥΜΠΟΥ,Δ. ΔΙΟΥ-ΟΛΥΜΠΟΥ,,,,unknown,
Δ. ΜΕΤΕΩΡΩΝ,Δ. ΜΕΤΕΩΡΩΝ,,,,unknown,
Δ. ΔΕΛΤΑ,Δ. ΔΕΛΤΑ,9028.0,Δέλτα,ΚΕΝΤΡΙΚΗΣ ΜΑΚΕΔΟΝΙΑΣ,normalized,Substring match
Δ. ΣΕΡΒΙΩΝ,Δ. ΣΕΡΒΙΩΝ,,,,unknown,
Δ. ΚΑΜΕΝΩΝ ΒΟΥΡΛΩΝ,Δ. ΚΑΜΕΝΩΝ ΒΟΥΡΛΩΝ,,,,unknown,
Δ. ΑΝΑΦΗΣ,Δ. ΑΝΑΦΗΣ,9269.0,Ανάφης,ΝΟΤΙΟΥ ΑΙΓΑΙΟΥ,normalized,Substring match
Δ. ΚΥΘΝΟΥ,Δ. ΚΥΘΝΟΥ,9283.0,Κύθνου,ΝΟΤΙΟΥ ΑΙΓΑΙΟΥ,normalized,Substring match
Δ. ΤΗΝΟΥ,Δ. ΤΗΝΟΥ,9301.0,Τήνου,ΝΟΤΙΟΥ ΑΙΓΑΙΟΥ,normalized,Substring match
Δ. ΑΓΑΘΟΝΗΣΙΟΥ,Δ. ΑΓΑΘΟΝΗΣΙΟΥ,9274.0,Αγαθονησίου,ΝΟΤΙΟΥ ΑΙΓΑΙΟΥ,normalized,Substring match
Δ. ΠΑΤΜΟΥ,Δ. ΠΑΤΜΟΥ,9279.0,Πάτμου,ΝΟΤΙΟΥ ΑΙΓΑΙΟΥ,normalized,Substring match
Δ. ΝΙΣΥΡΟΥ,Δ. ΝΙΣΥΡΟΥ,9285.0,Νισύρου,ΝΟΤΙΟΥ ΑΙΓΑΙΟΥ,normalized,Substring match
Δ. ΔΥΤΙΚΗΣ ΛΕΣΒΟΥ,Δ. ΔΥΤΙΚΗΣ ΛΕΣΒΟΥ,9261.0,Λέσβου,ΒΟΡΕΙΟΥ ΑΙΓΑΙΟΥ,normalized,Substring match
Δ. ΑΝΑΤΟΛΙΚΗΣ ΣΑΜΟΥ,Δ. ΑΝΑΤΟΛΙΚΗΣ ΣΑΜΟΥ,9264.0,Σάμου,ΒΟΡΕΙΟΥ ΑΙΓΑΙΟΥ,normalized,Substring match
Δ. ΒΟΡΕΙΑΣ ΚΕΡΚΥΡΑΣ,Δ. ΒΟΡΕΙΑΣ ΚΕΡΚΥΡΑΣ,9118.0,Κέρκυρας,ΙΟΝΙΩΝ ΝΗΣΩΝ,normalized,Substring match
Δ. ΚΕΝΤΡΙΚΗΣ ΚΕΡΚΥΡΑΣ & ΔΙΑΠΟΝΤΙΩΝ ΝΗΣΩΝ,Δ. ΚΕΝΤΡΙΚΗΣ ΚΕΡΚΥΡΑΣ & ΔΙΑΠΟΝΤΙΩΝ ΝΗΣΩΝ,9118.0,Κέρκυρας,ΙΟΝΙΩΝ ΝΗΣΩΝ,normalized,Substring match
Δ. ΝΟΤΙΑΣ ΚΕΡΚΥΡΑΣ,Δ. ΝΟΤΙΑΣ ΚΕΡΚΥΡΑΣ,9118.0,Κέρκυρας,ΙΟΝΙΩΝ ΝΗΣΩΝ,normalized,Substring match
Δ. ΣΑΜΗΣ,Δ. ΣΑΜΗΣ,,,,unknown,
Δ. ΛΗΞΟΥΡΙΟΥ,Δ. ΛΗΞΟΥΡΙΟΥ,,,,unknown,
Δ. ΔΥΤΙΚΗΣ ΣΑΜΟΥ,Δ. ΔΥΤΙΚΗΣ ΣΑΜΟΥ,9264.0,Σάμου,ΒΟΡΕΙΟΥ ΑΙΓΑΙΟΥ,normalized,Substring match
Δ. ΣΙΦΝΟΥ,Δ. ΣΙΦΝΟΥ,9289.0,Σίφνου,ΝΟΤΙΟΥ ΑΙΓΑΙΟΥ,normalized,Substring match
Δ. ΚΑΣΟΥ,Δ. ΚΑΣΟΥ,9281.0,Κάσου,ΝΟΤΙΟΥ ΑΙΓΑΙΟΥ,normalized,Substring match
Δ. ΕΥΟΣΜΟΥ-ΚΟΡΔΕΛΙΟΥ,Δ. ΕΥΟΣΜΟΥ-ΚΟΡΔΕΛΙΟΥ,,,,unknown,
Δ. ΒΕΛΒΕΝΤΟΥ,Δ. ΒΕΛΒΕΝΤΟΥ,,,,unknown,
Δ. ΝΙΚΑΙΑΣ - ΑΓΙΟΥ ΙΩΑΝΝΗ ΡΕΝΤΗ,Δ. ΝΙΚΑΙΑΣ - ΑΓΙΟΥ ΙΩΑΝΝΗ ΡΕΝΤΗ,,,,unknown,
Δ. ΚΙΜΩΛΟΥ,Δ. ΚΙΜΩΛΟΥ,9286.0,Κιμώλου,ΝΟΤΙΟΥ ΑΙΓΑΙΟΥ,normalized,Substring match
Δ. ΑΣΤΥΠΑΛΑΙΑΣ,Δ. ΑΣΤΥΠΑΛΑΙΑΣ,9275.0,Αστυπαλαίας,ΝΟΤΙΟΥ ΑΙΓΑΙΟΥ,normalized,Substring match
Δ. ΗΛΙΟΥΠΟΛΕΩΣ,Δ. ΗΛΙΟΥΠΟΛΕΩΣ,,,,unknown,
Δ. ΔΩΡΙΔΟΣ,Δ. ΔΩΡΙΔΟΣ,9166.0,Δωρίδος,ΣΤΕΡΕΑΣ ΕΛΛΑΔΑΣ,normalized,Substring match
Δ. ΑΝΤΙΠΑΡΟΥ,Δ. ΑΝΤΙΠΑΡΟΥ,9293.0,Αντιπάρου,ΝΟΤΙΟΥ ΑΙΓΑΙΟΥ,normalized,Substring match
Δ. ΓΑΛΑΤΣΙΟΥ,Δ. ΓΑΛΑΤΣΙΟΥ,9188.0,Γαλατσίου,ΑΤΤΙΚΗΣ,normalized,Substring match
Δ. ΣΥΜΗΣ,Δ. ΣΥΜΗΣ,9297.0,Σύμης,ΝΟΤΙΟΥ ΑΙΓΑΙΟΥ,normalized,Substring match
Δ. ΟΙΝΟΥΣΣΩΝ,Δ. ΟΙΝΟΥΣΣΩΝ,9265.0,Οινουσσών,ΒΟΡΕΙΟΥ ΑΙΓΑΙΟΥ,normalized,Substring match
