org_type,org_name_clean,doc_count,authority_level,municipality_id,region_id,match_method,notes
ΑΛΛΟΣ ΦΟΡΕΑΣ,4Η ΔΥΠΕ ΜΑΚΕΔΟΝΙΑΣ ΚΑΙ ΘΡΑΚΗΣ,2,other,,,exact,
ΑΛΛΟΣ ΦΟΡΕΑΣ,5Η ΥΓΕΙΟΝΟΜΙΚΗ ΠΕΡΙΦΕΡΕΙΑ ΘΕΣΣΑΛΙΑΣ & ΣΤΕΡΕΑΣ ΕΛΛΑΔΑΣ,3,other,,,exact,
ΑΛΛΟΣ ΦΟΡΕΑΣ,"6Η ΔΥΠΕ ΠΕΛΛΟΠΟΝΗΣΟΥ ΙΟΝΙΩΝ, ΗΠΕΙΡΟΥ & ΔΥΤ.ΕΛΛΑΔΑΣ",2,other,,,exact,
ΑΛΛΟΣ ΦΟΡΕΑΣ,ΑΝΑΠΤΥΞΗ ΑΘΛΗΤΙΣΜΟΥ ΗΡΑΚΛΕΙΟΥ - ΑΝΩΝΥΜΗ ΕΤΑΙΡΕΙΑ ΟΤΑ,1,other,,,exact,
ΑΛΛΟΣ ΦΟΡΕΑΣ,ΑΝΑΠΤΥΞΙΑΚΗ ΑΡΚΑΔΙΑΣ ΑΝΩΝΥΜΗ ΕΤΑΙΡΕΙΑ ΑΝΑΠΤΥΞΙΑΚΟΣ ΟΡΓΑΝΙΣΜΟΣ ΤΟΠΙΚΗΣ ΑΥΤΟΔΙΟΙΚΗΣΗΣ,5,other,,,exact,
ΑΛΛΟΣ ΦΟΡΕΑΣ,ΑΝΑΠΤΥΞΙΑΚΗ ΕΤΑΙΡΕΙΑ ΣΕΡΡΩΝ ΑΕ ΑΝΑΠΤΥΞΙΑΚΟΣ ΟΡΓΑΝΙΣΜΟΣ ΤΟΠΙΚΗΣ ΑΥΤΟΔΙΟΙΚΗΣΗΣ ΝΟΜΟΥ ΣΕΡΡΩΝ,2,other,,,exact,
ΑΛΛΟΣ ΦΟΡΕΑΣ,ΑΝΑΠΤΥΞΙΑΚΗ ΗΡΑΚΛΕΙΟΥ ΑΝΑΠΤΥΞΙΑΚΗ ΑΕ ΟΤΑ,5,other,,,exact,
ΑΛΛΟΣ ΦΟΡΕΑΣ,ΑΝΑΠΤΥΞΙΑΚΗ ΠΡΟΟΠΤΙΚΗ Μ.Α.Ε. - ΑΝΑΠΤΥΞΙΑΚΟΣ ΟΡΓΑΝΙΣΜΟΣ ΔΗΜΟΥ ΓΑΛΑΤΣΙΟΥ Α.Ε.,1,other,,,exact,
ΑΛΛΟΣ ΦΟΡΕΑΣ,ΑΝΑΠΤΥΞΙΑΚΟΣ ΟΡΓΑΝΙΣΜΟΣ ΟΤΑ Α Ε,1,other,,,exact,
ΑΛΛΟΣ ΦΟΡΕΑΣ,ΑΝΑΠΤΥΞΙΑΚΟΣ ΟΡΓΑΝΙΣΜΟΣ ΤΟΠΙΚΗΣ ΑΥΤΟΔΙΟΙΚΗΣΗΣ ΘΡΙΑΣΙΟ Α Ε,1,other,,,exact,
ΑΛΛΟΣ ΦΟΡΕΑΣ,ΑΝΑΠΤΥΞΙΑΚΟΣ ΟΡΓΑΝΙΣΜΟΣ ΤΟΠΙΚΗΣ ΑΥΤΟΔΙΟΙΚΗΣΗΣ ΜΑΓΝΗΣΙΑΣ ΑΕ,4,other,,,exact,
ΑΛΛΟΣ ΦΟΡΕΑΣ,ΑΝΑΠΤΥΞΙΑΚΟΣ ΟΡΓΑΝΙΣΜΟΣ ΤΟΠΙΚΗΣ ΑΥΤΟΔΙΟΙΚΗΣΗΣ ΝΟΜΟΥ ΛΑΡΙΣΑΣ ΑΕΝΟΛ ΑΕ,7,other,,,exact,
ΑΛΛΟΣ ΦΟΡΕΑΣ,ΑΝΑΠΤΥΞΙΑΚΟΣ ΣΥΝΔΕΣΜΟΣ ΛΑΥΡΕΩΤΙΚΗΣ,2,other,,,exact,
ΑΛΛΟΣ ΦΟΡΕΑΣ,ΑΝΑΠΤΥΞΙΑΚΟΣ ΣΥΝΔΕΣΜΟΣ ΤΡΟΙΖΗΝΙΑΣ,1,other,,,exact,
ΑΛΛΟΣ ΦΟΡΕΑΣ,ΑΝΕΞΑΡΤΗΤΗ ΑΡΧΗ ΔΗΜΟΣΙΩΝ ΕΣΟΔΩΝ ΑΑΔΕ,1,other,,,exact,
ΑΛΛΟΣ ΦΟΡΕΑΣ,ΑΝΩΝΥΜΗ ΕΤΑΙΡΕΙΑ ΔΙΑΧΕΙΡΙΣΗΣ ΑΠΟΡΡΙΜΜΑΤΩΝ ΠΕΡΙΦΕΡΕΙΑΣ ΔΥΤΙΚΗΣ ΜΑΚΕΔΟΝΙΑΣ (ΔΙ.Α.ΔΥ.ΜΑ. ΑΕ),1,other,,,exact,
ΑΛΛΟΣ ΦΟΡΕΑΣ,ΑΝΩΝΥΜΗ ΜΟΝΟΜΕΤΟΧΙΚΗ ΕΤΑΙΡΕΙΑ ΔΙΑΧΕΙΡΙΣΗΣ ΑΚΙΝΗΤΩΝ ΔΗΜΟΥ ΓΑΛΑΤΣΙΟΥ,1,other,,,exact,
ΑΛΛΟΣ ΦΟΡΕΑΣ,ΑΝΩΤΑΤΟ ΣΥΜΒΟΥΛΙΟ ΕΠΙΛΟΓΗΣ ΠΡΟΣΩΠΙΚΟΥ (ΑΣΕΠ),2,other,,,exact,
ΑΛΛΟΣ ΦΟΡΕΑΣ,ΑΡΕΙΟΣ ΠΑΓΟΣ (ΑΠ),1,other,,,exact,
ΑΛΛΟΣ ΦΟΡΕΑΣ,ΑΡΙΣΤΟΤΕΛΕΙΟ ΠΑΝΕΠΙΣΤΗΜΙΟ ΘΕΣ/ΝΙΚΗΣ,33,other,,,exact,
ΑΛΛΟΣ ΦΟΡΕΑΣ,Γ. ΟΓΚΟΛΟΓΙΚΟ ΝΟΣ. ΚΗΦΙΣΙΑΣ «ΟΙ ΑΓΙΟΙ ΑΝΑΡΓΥΡΟΙ»,1,other,,,exact,
ΑΛΛΟΣ ΦΟΡΕΑΣ,Γ.Ν. ΛΑΣΙΘΙΟΥ,1,other,,,exact,
ΑΛΛΟΣ ΦΟΡΕΑΣ,ΓΑΙΑ ΟΣΕ ΑΕ,2,other,,,exact,
ΑΛΛΟΣ ΦΟΡΕΑΣ,ΓΕΝΙΚΟ ΝΟΣΟΚΟΜΕΙΟ «ΕΛΕΝΑ ΒΕΝΙΖΕΛΟΥ-ΑΛΕΞΑΝΔΡΑ» ΥΠΟΚΑΤΑΣΤΗΜΑ ΕΛΕΝΑ ΒΕΝΙΖΕΛΟΥ,2,other,,,exact,
ΑΛΛΟΣ ΦΟΡΕΑΣ,ΓΕΝΙΚΟ ΝΟΣΟΚΟΜΕΙΟ ΑΤΤΙΚΗΣ (ΚΑΤ),4,other,,,exact,
ΑΛΛΟΣ ΦΟΡΕΑΣ,ΓΕΝΙΚΟ ΝΟΣΟΚΟΜΕΙΟ ΒΕΝΙΖΕΛΕΙΟ ΠΑΝΑΝΕΙΟ,2,other,,,exact,
ΑΛΛΟΣ ΦΟΡΕΑΣ,ΓΕΝΙΚΟ ΝΟΣΟΚΟΜΕΙΟ ΗΛΕΙΑΣ,1,other,,,exact,
ΑΛΛΟΣ ΦΟΡΕΑΣ,ΓΕΝΙΚΟ ΝΟΣΟΚΟΜΕΙΟ ΘΕΣΣΑΛΟΝΙΚΗΣ «Γ. ΠΑΠΑΝΙΚΟΛΑΟΥ»,5,other,,,exact,
ΑΛΛΟΣ ΦΟΡΕΑΣ,ΓΕΝΙΚΟ ΝΟΣΟΚΟΜΕΙΟ ΠΑΙΔΩΝ ΠΕΝΤΕΛΗΣ,2,other,,,exact,
ΑΛΛΟΣ ΦΟΡΕΑΣ,ΓΝ ΑΓ.ΝΙΚΟΛΑΟΥ-ΓΝ-ΚΥ ΙΕΡΑΠΕΤΡΑΣ-ΓΝ-ΚΥ ΣΗΤΕΙΑΣ-ΓΝ-ΚΥ ΝΕΑΠΟΛΕΩΣ «ΔΙΑΛΥΝΑΚΕΙΟ»,2,other,,,exact,
ΑΛΛΟΣ ΦΟΡΕΑΣ,Δ.Ε.Υ.Α ΧΕΡΣΟΝΗΣΟΥ ΚΡΗΤΗΣ,2,other,,,exact,
ΑΛΛΟΣ ΦΟΡΕΑΣ,ΔΗΜΟΚΡΙΤΕΙΟ ΠΑΝΕΠΙΣΤΗΜΙΟ ΘΡΑΚΗΣ,6,other,,,exact,
ΑΛΛΟΣ ΦΟΡΕΑΣ,ΔΗΜΟΣΙΑ ΥΠΗΡΕΣΙΑ ΑΠΑΣΧΟΛΗΣΗΣ,2,other,,,exact,
ΑΛΛΟΣ ΦΟΡΕΑΣ,ΔΗΜΟΤΙΚΗ ΑΝΩΝΥΜΗ ΕΤΑΙΡΕΙΑ ΑΚΙΝΗΤΩΝ ΛΑΥΡΕΩΤΙΚΗΣ,2,other,,,exact,
ΑΛΛΟΣ ΦΟΡΕΑΣ,ΔΗΜΟΤΙΚΗ ΕΤΑΙΡΕΙΑ ΠΛΗΡΟΦΟΡΗΣΗΣ ΘΕΑΜΑΤΟΣ ΚΑΙ ΕΠΙΚΟΙΝΩΝΙΑΣ,1,other,,,exact,
ΑΛΛΟΣ ΦΟΡΕΑΣ,ΔΗΜΟΤΙΚΗ ΚΟΙΝΩΝΙΚΗ ΑΛΛΗΛΕΓΓΥΗ ΔΙΡΦΥΩΝ-ΜΕΣΣΑΠΙΩΝ (ΔΗ.ΚΑ.ΔΙ.ΜΕ.),1,other,,,exact,
ΑΛΛΟΣ ΦΟΡΕΑΣ,ΔΗΜΟΤΙΚΗ ΚΟΙΝΩΦΕΛΗΣ ΕΠΙΧΕΙΡΗΣΗ ΕΔΕΣΣΑΣ,2,other,,,exact,
ΑΛΛΟΣ ΦΟΡΕΑΣ,ΔΗΜΟΤΙΚΗ ΚΟΙΝΩΦΕΛΗΣ ΕΠΙΧΕΙΡΗΣΗ ΚΑΒΑΛΑΣ - ΔΗΜΩΦΕΛΕΙΑ,1,other,,,exact,
ΑΛΛΟΣ ΦΟΡΕΑΣ,ΔΗΜΟΤΙΚΗ ΚΟΙΝΩΦΕΛΗΣ ΕΠΙΧΕΙΡΗΣΗ ΠΟΛΙΤΙΣΜΟΥ ΚΑΙ ΑΝΑΠΤΥΞΗΣ ΠΕΛΛΑΣ,1,other,,,exact,
ΑΛΛΟΣ ΦΟΡΕΑΣ,ΔΗΜΟΤΙΚΟ ΚΕΝΤΡΟ ΚΟΙΝΩΝΙΚΗΣ ΠΡΟΣΤΑΣΙΑΣ ΚΑΙ ΑΛΛΗΛΕΓΓΥΗΣ ΝΕΑΠΟΛΗΣ ΣΥΚΕΩΝ,1,other,,,exact,
ΑΛΛΟΣ ΦΟΡΕΑΣ,ΔΙΑΔΗΜΟΤΙΚΗ ΕΠΙΧΕΙΡΗΣΗ ΔΙΑΧΕΙΡΙΣΗΣ ΣΤΕΡΕΩΝ ΑΠΟΒΛΗΤΩΝ Δ.Ε.ΔΙ.Σ.Α. Α.Ε. Ο.Τ.Α.,1,other,,,exact,
ΑΛΛΟΣ ΦΟΡΕΑΣ,ΔΙΑΔΗΜΟΤΙΚΗ ΕΠΙΧΕΙΡΗΣΗ ΠΕΡΙΒΑΛΛΟΝΤΟΣ ΚΑΙ ΟΡΓΑΝΩΣΗΣ ΔΙΑΧΕΙΡΗΣΗΣ ΑΠΟΡΡΙΜΑΤΩΝ ΛΙΒΑΔΕΙΑΣ ΑΕ ΟΤΑ,1,other,,,exact,
ΑΛΛΟΣ ΦΟΡΕΑΣ,ΔΙΚΤΥΟ ΕΛΛΗΝΙΚΩΝ ΠΟΛΕΩΝ ΓΙΑ ΤΗΝ ΑΝΑΠΤΥΞΗ,2,other,,,exact,
ΑΛΛΟΣ ΦΟΡΕΑΣ,ΔΙΚΤΥΟ ΣΥΝΕΡΓΑΣΙΑΣ ΔΗΜΩΝ ΠΕΡΙΦΕΡΕΙΑΚΗΣ ΕΝΟΤΗΤΑΣ ΝΗΣΩΝ ΑΤΤΙΚΗΣ,1,other,,,exact,
ΑΛΛΟΣ ΦΟΡΕΑΣ,ΔΟΚΟΙΠΠ - ΔΗΜΟΤΙΚΟΣ ΟΡΓΑΝΙΣΜΟΣ ΚΟΙΝΩΝΙΚΗΣ ΠΟΛΙΤΙΚΗΣ ΚΑΙ ΠΑΙΔΕΙΑΣ ΔΗΜΟΥ ΧΑΝΙΩΝ,2,other,,,exact,
ΑΛΛΟΣ ΦΟΡΕΑΣ,ΔΥΠΕ ΚΡΗΤΗΣ,1,other,,,exact,
ΑΛΛΟΣ ΦΟΡΕΑΣ,ΕΑΚ ΧΑΝΙΩΝ,3,other,,,exact,
ΑΛΛΟΣ ΦΟΡΕΑΣ,ΕΘΝΙΚΗ ΕΠΙΤΡΟΠΗ ΤΗΛΕΠΙΚΟΙΝΩΝΙΩΝ & ΤΑΧΥΔΡΟΜΕΙΩΝ (ΕΕΤΤ),1,other,,,exact,
ΑΛΛΟΣ ΦΟΡΕΑΣ,ΕΘΝΙΚΗ ΛΥΡΙΚΗ ΣΚΗΝΗ,7,other,,,exact,
ΑΛΛΟΣ ΦΟΡΕΑΣ,ΕΘΝΙΚΗ ΣΧΟΛΗ ΔΙΚΑΣΤΙΚΩΝ ΛΕΙΤΟΥΡΓΩΝ (Ε.Σ.ΔΙ.),4,other,,,exact,
ΑΛΛΟΣ ΦΟΡΕΑΣ,ΕΘΝΙΚΟ & ΚΑΠΟΔΙΣΤΡΙΑΚΟ ΠΑΝΕΠΙΣΤΗΜΙΟ ΑΘΗΝΩΝ,12,other,,,exact,
ΑΛΛΟΣ ΦΟΡΕΑΣ,ΕΘΝΙΚΟ ΑΘΛΗΤΙΚΟ ΚΕΝΤΡΟ ΛΑΡΙΣΑΣ,1,other,,,exact,
ΑΛΛΟΣ ΦΟΡΕΑΣ,ΕΘΝΙΚΟ ΘΕΑΤΡΟ,263,other,,,exact,
ΑΛΛΟΣ ΦΟΡΕΑΣ,ΕΘΝΙΚΟ ΙΔΡΥΜΑ ΚΩΦΩΝ,1,other,,,exact,
ΑΛΛΟΣ ΦΟΡΕΑΣ,ΕΘΝΙΚΟ ΚΕΝΤΡΟ ΑΜΕΣΗΣ ΒΟΗΘΕΙΑΣ (ΕΚΑΒ),6,other,,,exact,
ΑΛΛΟΣ ΦΟΡΕΑΣ,ΕΘΝΙΚΟ ΚΕΝΤΡΟ ΔΗΜΟΣΙΑΣ ΔΙΟΙΚΗΣΗΣ ΚΑΙ ΑΥΤΟΔΙΟΙΚΗΣΗΣ,3,other,,,exact,
ΑΛΛΟΣ ΦΟΡΕΑΣ,ΕΘΝΙΚΟ ΣΥΣΤΗΜΑ ΥΠΟΔΟΜΩΝ ΠΟΙΟΤΗΤΑΣ (Ε.Σ.Υ.Π.),1,other,,,exact,
ΑΛΛΟΣ ΦΟΡΕΑΣ,ΕΘΝΙΚΟΣ ΟΡΓΑΝΙΣΜΟΣ ΠΑΡΟΧΩΝ ΥΠΗΡΕΣΙΩΝ ΥΓΕΙΑΣ,1,other,,,exact,
ΑΛΛΟΣ ΦΟΡΕΑΣ,ΕΙΔΙΚΟΣ ΔΙΑΒΑΘΜΙΔΙΚΟΣ ΣΥΝΔΕΣΜΟΣ ΝΟΜΟΥ ΑΤΤΙΚΗΣ (Ε.Δ.Σ.Ν.Α.),1,other,,,exact,
ΑΛΛΟΣ ΦΟΡΕΑΣ,ΕΛΛΗΝΙΚΑ ΑΜΥΝΤΙΚΑ ΣΥΣΤΗΜΑΤΑ ΑΒΕΕ,5,other,,,exact,
ΑΛΛΟΣ ΦΟΡΕΑΣ,ΕΛΛΗΝΙΚΗ ΕΤΑΙΡΕΙΑ ΣΥΜΜΕΤΟΧΩΝ ΚΑΙ ΠΕΡΙΟΥΣΙΑΣ ΑΕ,24,other,,,exact,
ΑΛΛΟΣ ΦΟΡΕΑΣ,ΕΛΛΗΝΙΚΗ ΡΑΔΙΟΦΩΝΙΑ ΤΗΛΕΟΡΑΣΗ ΑΝΩΝΥΜΗ ΕΤΑΙΡΕΙΑ (Ε.Ρ.Τ. Α.Ε.),36,other,,,exact,
ΑΛΛΟΣ ΦΟΡΕΑΣ,ΕΛΛΗΝΙΚΟ ΙΔΡΥΜΑ ΕΡΕΥΝΑΣ ΚΑΙ ΚΑΙΝΟΤΟΜΙΑΣ,1,other,,,exact,
ΑΛΛΟΣ ΦΟΡΕΑΣ,ΕΛΛΗΝΙΚΟ ΚΕΝΤΡΟ ΨΥΧΙΚΗΣ ΥΓΙΕΙΝΗΣ ΚΑΙ ΕΡΕΥΝΩΝ,2,other,,,exact,
ΑΛΛΟΣ ΦΟΡΕΑΣ,ΕΛΛΗΝΙΚΟ ΜΕΣΟΓΕΙΑΚΟ ΠΑΝΕΠΙΣΤΗΜΙΟ,8,other,,,exact,
ΑΛΛΟΣ ΦΟΡΕΑΣ,ΕΛΛΗΝΙΚΟΣ ΓΕΩΡΓΙΚΟΣ ΟΡΓΑΝΙΣΜΟΣ-ΔΗΜΗΤΡΑ,20,other,,,exact,
ΑΛΛΟΣ ΦΟΡΕΑΣ,ΕΛΛΗΝΙΚΟΣ ΟΡΓΑΝΙΣΜΟΣ ΑΝΑΚΥΚΛΩΣΗΣ,1,other,,,exact,
ΑΛΛΟΣ ΦΟΡΕΑΣ,ΕΝΙΑΙΑ ΑΝΕΞΑΡΤΗΤΗ ΑΡΧΗ ΔΗΜΟΣΙΩΝ ΣΥΜΒΑΣΕΩΝ (ΕΑΑΔΗΣΥ),2,other,,,exact,
ΑΛΛΟΣ ΦΟΡΕΑΣ,ΕΝΙΑΙΟΣ ΣΥΝΔΕΣΜΟΣ ΔΙΑΧΕΙΡΙΣΗΣ ΣΤΕΡΕΩΝ ΑΠΟΒΛΗΤΩΝ ΔΗΜΩΝ ΚΑΙ ΚΟΙΝΟΤΗΤΩΝ ΝΟΜΟΥ ΛΑΡΙΣΑΣ,3,other,,,exact,
ΑΛΛΟΣ ΦΟΡΕΑΣ,ΕΝΙΑΙΟΣ ΦΟΡΕΑΣ ΚΟΙΝΩΝΙΚΗΣ ΑΣΦΑΛΙΣΗΣ ΕΦΚΑ,2,other,,,exact,
ΑΛΛΟΣ ΦΟΡΕΑΣ,ΕΝΩΣΗ ΑΠΟΣΤΡΑΤΩΝ ΑΞ/ΚΩΝ ΣΤΡΑΤΟΥ,1,other,,,exact,
ΑΛΛΟΣ ΦΟΡΕΑΣ,ΕΠΙΜΕΛΗΤΗΡΙΟ ΔΩΔEΚΑΝΗΣΟΥ,8,other,,,exact,
ΑΛΛΟΣ ΦΟΡΕΑΣ,ΕΠΙΜΕΛΗΤΗΡΙΟ ΛΑΚΩΝΙΑΣ,18,other,,,exact,
ΑΛΛΟΣ ΦΟΡΕΑΣ,ΕΠΙΤΡΟΠΗ ΚΕΦΑΛΑΙΑΓΟΡΑΣ,1,other,,,exact,
ΑΛΛΟΣ ΦΟΡΕΑΣ,ΕΡΓΟΣΕ ΑΕ,1,other,,,exact,
ΑΛΛΟΣ ΦΟΡΕΑΣ,ΕΤΑΙΡΕΙΑ ΥΔΡΕΥΣΗΣ ΑΠΟΧΕΤΕΥΣΗΣ ΘΕΣΣΑΛΟΝΙΚΗΣ ΠΑΓΙΩΝ (ΕΥΑΘ ΠΑΓΙΩΝ),1,other,,,exact,
ΑΛΛΟΣ ΦΟΡΕΑΣ,ΗΛΕΚΤΡΟΝΙΚΟΣ ΕΘΝΙΚΟΣ ΦΟΡΕΑΣ ΚΟΙΝΩΝΙΚΗΣ ΑΣΦΑΛΙΣΗΣ,35,other,,,exact,
ΑΛΛΟΣ ΦΟΡΕΑΣ,ΙΔΡΥΜΑ ΤΕΧΝΟΛΟΓΙΑΣ ΚΑΙ ΕΡΕΥΝΑΣ (ΙΤΕ),2,other,,,exact,
ΑΛΛΟΣ ΦΟΡΕΑΣ,ΙΚΑ,1,other,,,exact,
ΑΛΛΟΣ ΦΟΡΕΑΣ,ΙΟΝΙΟ ΠΑΝΕΠΙΣΤΗΜΙΟ,1,other,,,exact,
ΑΛΛΟΣ ΦΟΡΕΑΣ,ΚΑΤΑΣΤΗΜΑ ΚΡΑΤΗΣΗΣ ΛΑΡΙΣΑΣ,2,other,,,exact,
ΑΛΛΟΣ ΦΟΡΕΑΣ,ΚΕΝΤΡΑ ΚΟΙΝΩΝΙΚΗΣ ΠΡΟΝΟΙΑΣ-ΦΡΟΝΤΙΔΑΣ & ΠΡΟΣΧΟΛΙΚΗΣ ΑΓΩΓΗΣ ΔΗΜΟΥ ΘΕΡΜΗΣ,1,other,,,exact,
ΑΛΛΟΣ ΦΟΡΕΑΣ,ΚΕΝΤΡΟ ΔΙΑΦΥΛΑΞΗΣ ΑΓΙΟΡΕΙΤΙΚΗΣ ΚΛΗΡΟΝΟΜΙΑΣ (Κ.Δ.Α.Κ.),21,other,,,exact,
ΑΛΛΟΣ ΦΟΡΕΑΣ,ΚΕΝΤΡΟ ΕΚΠ/ΣΗΣ ΚΑΙ ΑΠΟΚΑΤΑΣΤΑΣΗΣ ΤΥΦΛΩΝ (ΚΕΑΤ),1,other,,,exact,
ΑΛΛΟΣ ΦΟΡΕΑΣ,ΚΕΝΤΡΟ ΕΛΕΓΧΟΥ ΚΑΙ ΠΡΟΛΗΨΗΣ ΝΟΣΗΜΑΤΩΝ (ΚΕ.ΕΛ.Π.ΝΟ),1,other,,,exact,
ΑΛΛΟΣ ΦΟΡΕΑΣ,ΚΕΝΤΡΟ ΘΕΡΑΠΕΙΑΣ ΕΞΑΡΤΗΜΕΝΩΝ ΑΤΟΜΩΝ (ΚΕ.Θ.Ε.Α.),7,other,,,exact,
ΑΛΛΟΣ ΦΟΡΕΑΣ,ΚΕΝΤΡΟ ΚΟΙΝΩΝΙΚΗΣ ΜΕΡΙΜΝΑΣ ΚΑΙ ΑΝΑΠΤΥΞΗΣ ΔΗΜΟΥ ΑΚΤΙΟΥ-ΒΟΝΙΤΣΑΣ,3,other,,,exact,
ΑΛΛΟΣ ΦΟΡΕΑΣ,ΚΕΝΤΡΟ ΚΟΙΝΩΝΙΚΗΣ ΠΟΛΙΤΙΚΗΣ ΔΗΜΟΥ ΚΟΡΙΝΘΙΩΝ,1,other,,,exact,
ΑΛΛΟΣ ΦΟΡΕΑΣ,"ΚΟΙΝΩΝΙΚΗ ΠΡΟΣΤΑΣΙΑ, ΑΛΛΗΛΕΓΥΗ ΚΑΙ ΠΑΙΔΕΙΑ ΔΗΜΟΥ ΔΙΟΝΥΣΟΥ «Η ΕΣΤΙΑ»",1,other,,,exact,
ΑΛΛΟΣ ΦΟΡΕΑΣ,ΚΟΙΝΩΝΙΚΟΣ ΟΡΓΑΝΙΣΜΟΣ ΔΗΜΟΥ ΠΑΤΡΕΩΝ,1,other,,,exact,
ΑΛΛΟΣ ΦΟΡΕΑΣ,ΚΟΙΝΩΦΕΛΗΣ ΕΠΙΧΕΙΡΗΣΗ ΔΗΜΟΤΙΚΟ ΠΕΡΙΦΕΡΕΙΑΚΟ ΘΕΑΤΡΟ ΠΑΤΡΑΣ,2,other,,,exact,
ΑΛΛΟΣ ΦΟΡΕΑΣ,ΚΟΙΝΩΦΕΛΗΣ ΕΠΙΧΕΙΡΗΣΗ ΔΗΜΟΥ ΑΝΔΡΙΤΣΑΙΝΑΣ - ΚΡΕΣΤΕΝΩΝ,1,other,,,exact,
ΑΛΛΟΣ ΦΟΡΕΑΣ,ΚΟΙΝΩΦΕΛΗΣ ΕΠΙΧΕΙΡΗΣΗ ΔΗΜΟΥ ΖΙΤΣΑΣ,1,other,,,exact,
ΑΛΛΟΣ ΦΟΡΕΑΣ,ΚΟΙΝΩΦΕΛΗΣ ΕΠΙΧΕΙΡΗΣΗ ΔΗΜΟΥ ΠΑΤΡΕΩΝ - ΚΑΡΝΑΒΑΛΙ ΠΑΤΡΑΣ (ΚΕΔΗΠ),1,other,,,exact,
ΑΛΛΟΣ ΦΟΡΕΑΣ,ΚΟΙΝΩΦΕΛΗΣ ΕΠΙΧΕΙΡΗΣΗ ΔΗΜΟΥ ΩΡΩΠΟΥ,5,other,,,exact,
ΑΛΛΟΣ ΦΟΡΕΑΣ,ΚΟΙΝΩΦΕΛΗΣ ΕΠΙΧΕΙΡΗΣΗ ΠΟΛΛΑΠΛΗΣ ΑΝΑΠΤΥΞΗΣ ΔΗΜΟΥ ΒΕΡΟΙΑΣ,1,other,,,exact,
ΑΛΛΟΣ ΦΟΡΕΑΣ,ΚΡΑΤΙΚΟ ΘΕΑΤΡΟ ΒΟΡΕΙΟΥ ΕΛΛΑΔΟΣ,3,other,,,exact,
ΑΛΛΟΣ ΦΟΡΕΑΣ,ΚΡΑΤΙΚΟ ΘΕΡΑΠΕΥΤΗΡΙΟ- Κ.Υ. ΛΕΡΟΥ,3,other,,,exact,
ΑΛΛΟΣ ΦΟΡΕΑΣ,ΛΙΜΕΝΙΚΟ ΤΑΜΕΙΟ ΖΑΚΥΝΘΟΥ,2,other,,,exact,
ΑΛΛΟΣ ΦΟΡΕΑΣ,ΜΟΥΣΕΙΟ ΑΚΡΟΠΟΛΗΣ (Ν.3711/2008),1,other,,,exact,
ΑΛΛΟΣ ΦΟΡΕΑΣ,Ν.Π.Δ.Δ ΔΗΜΟΥ ΠΡΟΣΟΤΣΑΝΗΣ,2,other,,,exact,
ΑΛΛΟΣ ΦΟΡΕΑΣ,Ν.Π.Δ.Δ. ΕΥΝΕΣΤΙΑ,1,other,,,exact,
ΑΛΛΟΣ ΦΟΡΕΑΣ,ΝΑΥΤΙΚΟ ΑΠΟΜΑΧΙΚΟ ΤΑΜΕΙΟ (ΝΑΤ),2,other,,,exact,
ΑΛΛΟΣ ΦΟΡΕΑΣ,ΝΟΜ.ΓΕΝ. ΝΟΣΟΚΟΜΕΙΟ - Κ.Υ ΙΕΡΑΠΕΤΡΑΣ,2,other,,,exact,
ΑΛΛΟΣ ΦΟΡΕΑΣ,ΝΟΜ.ΓΕΝ. ΝΟΣΟΚΟΜΕΙΟ - Κ.Υ ΚΥΜΗΣ,4,other,,,exact,
ΑΛΛΟΣ ΦΟΡΕΑΣ,ΝΟΜ.ΓΕΝ. ΝΟΣΟΚΟΜΕΙΟ - Κ.Υ ΝΕΑΠΟΛΗΣ ΚΡΗΤΗΣ,4,other,,,exact,
ΑΛΛΟΣ ΦΟΡΕΑΣ,ΝΟΜ.ΓΕΝ. ΝΟΣΟΚΟΜΕΙΟ ΑΘΗΝΩΝ 'Η ΕΛΠΙΣ',3,other,,,exact,
ΑΛΛΟΣ ΦΟΡΕΑΣ,ΝΟΜ.ΓΕΝ. ΝΟΣΟΚΟΜΕΙΟ ΑΜΑΛΙΑΔΟΣ,2,other,,,exact,
ΑΛΛΟΣ ΦΟΡΕΑΣ,ΝΟΜ.ΓΕΝ. ΝΟΣΟΚΟΜΕΙΟ ΑΜΦΙΣΣΑΣ,1,other,,,exact,
ΑΛΛΟΣ ΦΟΡΕΑΣ,ΝΟΜ.ΓΕΝ. ΝΟΣΟΚΟΜΕΙΟ ΒΟΛΟΥ 'ΑΧΙΛΛΟΠΟΥΛΕIO',1,other,,,exact,
ΑΛΛΟΣ ΦΟΡΕΑΣ,ΝΟΜ.ΓΕΝ. ΝΟΣΟΚΟΜΕΙΟ ΚΑΒΑΛΑΣ,1,other,,,exact,
ΑΛΛΟΣ ΦΟΡΕΑΣ,ΝΟΜ.ΓΕΝ. ΝΟΣΟΚΟΜΕΙΟ ΚΑΣΤΟΡΙΑΣ,1,other,,,exact,
ΑΛΛΟΣ ΦΟΡΕΑΣ,ΝΟΜ.ΓΕΝ. ΝΟΣΟΚΟΜΕΙΟ ΛΑΜΙΑΣ,2,other,,,exact,
ΑΛΛΟΣ ΦΟΡΕΑΣ,ΝΟΜ.ΓΕΝ. ΝΟΣΟΚΟΜΕΙΟ ΠΑΙΔΩΝ ΠΑΤΡΩΝ 'ΚΑΡΑΜΑΝΔΑΝΕΙΟ',1,other,,,exact,
ΑΛΛΟΣ ΦΟΡΕΑΣ,ΝΟΜ.ΓΕΝ. ΝΟΣΟΚΟΜΕΙΟ ΤΡΙΚΑΛΩΝ,2,other,,,exact,
ΑΛΛΟΣ ΦΟΡΕΑΣ,ΝΟΜ.ΓΕΝ. ΝΟΣΟΚΟΜΕΙΟ ΧΑΛΚΙΔΑΣ,1,other,,,exact,
ΑΛΛΟΣ ΦΟΡΕΑΣ,ΝΟΜ.ΓΕΝ. ΝΟΣΟΚΟΜΕΙΟ ΧΑΝΙΩΝ 'ΑΓΙΟΣ ΓΕΩΡΓΙΟΣ',3,other,,,exact,
ΑΛΛΟΣ ΦΟΡΕΑΣ,ΝΟΜΙΚΟ ΠΡΟΣΩΠΟ ΔΗΜΟΣΙΟΥ ΔΙΚΑΙΟΥ ΑΘΛΗΣΗΣ ΚΟΙΝΩΝΙΚΗΣ ΠΟΛΙΤΙΚΗΣ ΚΑΙ ΠΑΙΔΕΙΑΣ ΔΗΜΟΥ ΣΑΛΑΜΙΝΑΣ,1,other,,,exact,
ΑΛΛΟΣ ΦΟΡΕΑΣ,"ΝΟΜΙΚΟ ΠΡΟΣΩΠΟ ΚΟΙΝΩΝΙΚΗΣ ΠΡΟΣΤΑΣΙΑΣ & ΑΛΛΗΛΕΓΓΥΗΣ, ΠΟΛΙΤΙΣΜΟΥ & ΑΘΛΗΤΙΣΜΟΥ ΔΗΜΟΥ ΜΟΝΕΜΒΑΣΙΑΣ",1,other,,,exact,
ΑΛΛΟΣ ΦΟΡΕΑΣ,"ΝΟΜΙΚΟ ΠΡΟΣΩΠΟ ΠΟΛΙΤΙΣΜΟΥ, ΑΘΛΗΤΙΣΜΟΥ ΚΑΙ ΠΕΡΙΒΑΛΛΟΝΤΟΣ ΔΗΜΟΥ ΠΗΝΕΙΟΥ",2,other,,,exact,
ΑΛΛΟΣ ΦΟΡΕΑΣ,ΝΠΔΔ & ΕΠΙΧΕΙΡΗΣΕΙΣ ΔΗΜΟΥ ΣΑΡΩΝΙΚΟΥ,1,other,,,exact,
ΑΛΛΟΣ ΦΟΡΕΑΣ,ΝΠΔΔ «ΔΗΜΑΡΩΓΟΣ»,1,other,,,exact,
ΑΛΛΟΣ ΦΟΡΕΑΣ,ΝΠΔΔ Η ΠΑΡΝΗΘΑ ΔΗΜΟΥ ΦΥΛΗΣ,1,other,,,exact,
ΑΛΛΟΣ ΦΟΡΕΑΣ,"ΝΠΔΔ ΚΟΙΝΩΝΙΚΗΣ ΠΡΟΣΤΑΣΙΑΣ & ΑΛΛΗΛΕΓΓΥΗΣ, ΠΟΛΙΤΙΣΜΟΥ, ΑΘΛΗΤΙΣΜΟΥ & ΠΑΙΔΕΙΑΣ",1,other,,,exact,
ΑΛΛΟΣ ΦΟΡΕΑΣ,ΝΠΔΔ ΚΟΙΝΩΝΙΚΗΣ ΠΡΟΣΤΑΣΙΑΣ - ΑΛΛΗΛΕΓΥΗΣ & ΠΑΙΔΕΙΑΣ «ΕΛΠΙΝΩΡ¨»,1,other,,,exact,
ΑΛΛΟΣ ΦΟΡΕΑΣ,ΝΠΔΔ ΚΟΙΝΩΝΙΚΗΣ ΠΡΟΣΤΑΣΙΑΣ ΑΛΛΗΛΕΓΓΥΗΣ ΚΑΙ ΑΘΛΗΤΙΣΜΟΥ ΔΗΜΟΥ ΕΥΡΩΤΑ ΝΙΚΗΦΟΡΟΣ ΒΡΕΤΤΑΚΟΣ,4,other,,,exact,
ΑΛΛΟΣ ΦΟΡΕΑΣ,"ΝΠΔΔ ΠΟΛΙΤΙΣΜΟΥ, ΠΕΡΙΒΑΛΛΟΝΤΟΣ & ΛΕΙΤΟΥΡΓΙΑΣ ΠΑΙΔΙΚΩΝ & ΒΡΕΦΟΝΗΠΙΑΚΩΝ ΔΗΜΟΥ ΩΡΩΠΟΥ",2,other,,,exact,
ΑΛΛΟΣ ΦΟΡΕΑΣ,ΝΠΔΔ ΣΦΗΤΤΟΣ,1,other,,,exact,
ΑΛΛΟΣ ΦΟΡΕΑΣ,ΝΠΔΔ ΥΓΕΙΑΣ ΠΡΟΝΟΙΑΣ ΚΟΙΝΩΝΙΚΗΣ ΠΡΟΣΤΑΣΙΑΣ ΑΛΛΗΛΕΓΓΥΗΣ ΔΗΜΟΥ ΠΑΙΟΝΙΑΣ,1,other,,,exact,
ΑΛΛΟΣ ΦΟΡΕΑΣ,ΟΡΓΑΝ.ΑΠΑΣΧΟΛΗΣΕΩΣ ΕΡΓΑΤΙΚΟΥ ΔΥΝΑΜΙΚΟΥ (ΟΑΕΔ),15,other,,,exact,
ΑΛΛΟΣ ΦΟΡΕΑΣ,ΟΡΓΑΝΙΣΜΟΣ ΑΘΛΗΣΗΣ ΚΑΙ ΠΟΛΙΤΙΣΜΟΥ ΔΗΜΟΥ ΚΟΡΥΔΑΛΛΟΥ,2,other,,,exact,
ΑΛΛΟΣ ΦΟΡΕΑΣ,ΟΡΓΑΝΙΣΜΟΣ ΑΣΤΙΚΩΝ ΣΥΓΚΟΙΝΩΝΙΩΝ ΑΘΗΝΩΝ,1,other,,,exact,
ΑΛΛΟΣ ΦΟΡΕΑΣ,ΟΡΓΑΝΙΣΜΟΣ ΑΣΤΙΚΩΝ ΣΥΓΚΟΙΝΩΝΙΩΝ ΘΕΣΣΑΛΟΝΙΚΗΣ,3,other,,,exact,
ΑΛΛΟΣ ΦΟΡΕΑΣ,ΟΡΓΑΝΙΣΜΟΣ ΔΙΑΧΕΙΡΙΣΗΣ ΚΑΙ ΑΝΑΠΤΥΞΗΣ ΠΟΛΙΤΙΣΤΙΚΩΝ ΠΟΡΩΝ,1,other,,,exact,
ΑΛΛΟΣ ΦΟΡΕΑΣ,ΟΡΓΑΝΙΣΜΟΣ ΚΟΙΝΩΝΙΚΗΣ ΠΟΛΙΤΙΚΗΣ ΔΑΦΝΗΣ ΥΜΗΤΤΟΥ,4,other,,,exact,
ΑΛΛΟΣ ΦΟΡΕΑΣ,ΟΡΓΑΝΙΣΜΟΣ ΚΟΙΝΩΝΙΚΗΣ ΠΟΛΙΤΙΚΗΣ ΚΑΙ ΑΛΛΗΛΕΓΓΥΗΣ ΔΗΜΟΥ ΑΜΑΡΟΥΣΙΟΥ «ΑΜΑΡΥΣΙΑ ΑΡΤΕΜΙΣ» (Ο.ΚΟΙ.Π.Α.Δ.Α.),6,other,,,exact,
ΑΛΛΟΣ ΦΟΡΕΑΣ,ΟΡΓΑΝΙΣΜΟΣ ΚΟΙΝΩΝΙΚΗΣ ΠΡΟΣΤΑΣΙΑΣ - ΑΛΛΗΛΕΓΓΥΗΣ ΚΑΙ ΠΡΟΣΧΟΛΙΚΗΣ ΑΓΩΓΗΣ ΔΗΜΟΥ ΙΩΑΝΝΙΤΩΝ (Ο.Κ.Π.Α.Π.Α.),5,other,,,exact,
ΑΛΛΟΣ ΦΟΡΕΑΣ,ΟΡΓΑΝΙΣΜΟΣ ΚΟΙΝΩΝΙΚΗΣ ΠΡΟΣΤΑΣΙΑΣ ΚΑΙ ΠΑΙΔΕΙΑΣ ΔΗΜΟΥ ΚΕΡΚΥΡΑΣ,2,other,,,exact,
ΑΛΛΟΣ ΦΟΡΕΑΣ,ΟΡΓΑΝΙΣΜΟΣ ΛΙΜΕΝΟΣ ΗΡΑΚΛΕΙΟΥ Α.Ε,1,other,,,exact,
ΑΛΛΟΣ ΦΟΡΕΑΣ,ΟΡΓΑΝΙΣΜΟΣ ΛΙΜΕΝΟΣ ΛΑΥΡΙΟΥ Α.Ε,1,other,,,exact,
ΑΛΛΟΣ ΦΟΡΕΑΣ,ΟΡΓΑΝΙΣΜΟΣ ΠΟΛΙΤΙΣΜΟΥ ΑΘΛΗΤΙΣΜΟΥ ΚΑΙ ΝΕΟΛΑΙΑΣ ΔΗΜΟΥ ΑΘΗΝΑΙΩΝ,1,other,,,exact,
ΑΛΛΟΣ ΦΟΡΕΑΣ,ΟΡΓΑΝΙΣΜΟΣ ΠΟΛΙΤΙΣΜΟΥ ΚΑΙ ΑΘΛΗΤΙΣΜΟΥ ΣΥΡΟΥ,2,other,,,exact,
ΑΛΛΟΣ ΦΟΡΕΑΣ,"ΟΡΓΑΝΙΣΜΟΣ ΠΟΛΙΤΙΣΜΟΥ, ΑΘΛΗΤΙΣΜΟΥ ΚΑΙ ΝΕΟΛΑΙΑΣ (Ο.Π.Α.Ν.) ΔΗΜΟΥ ΠΕΙΡΑΙΩΣ",8,other,,,exact,
ΑΛΛΟΣ ΦΟΡΕΑΣ,ΟΡΓΑΝΙΣΜΟΣ ΠΡΟΣΧΟΛΙΚΗΣ ΑΓΩΓΗΣ ΚΑΙ ΚΟΙΝΩΝΙΚΗΣ ΜΕΡΙΜΝΑΣ ΔΗΜΟΥ ΑΛΕΞΑΝΔΡΕΙΑΣ,1,other,,,exact,
ΑΛΛΟΣ ΦΟΡΕΑΣ,"ΟΡΓΑΝΙΣΜΟΣ ΠΡΟΣΧΟΛΙΚΗΣ ΑΓΩΓΗΣ, ΚΟΙΝΩΝΙΚΗΣ ΠΟΛΙΤΙΚΗΣ ΚΑΙ ΑΘΛΗΤΙΣΜΟΥ ΔΗΜΟΥ ΣΕΡΡΩΝ",1,other,,,exact,
ΑΛΛΟΣ ΦΟΡΕΑΣ,ΟΡΓΑΝΙΣΜΟΣ ΣΙΔΗΡΟΔΡΟΜΩΝ ΕΛΛΑΔΑΣ (ΟΣΕ),18,other,,,exact,
ΑΛΛΟΣ ΦΟΡΕΑΣ,ΟΡΓΑΝΙΣΜΟΣ ΣΥΓΚΟΙΝΩΝΙΑΚΟΥ ΕΡΓΟΥ ΘΕΣΣΑΛΟΝΙΚΗΣ Α.Ε.,1,other,,,exact,
ΑΛΛΟΣ ΦΟΡΕΑΣ,ΟΡΓΑΝΙΣΜΟΣ ΦΥΣΙΚΟΥ ΠΕΡΙΒΑΛΛΟΝΤΟΣ ΚΑΙ ΚΛΙΜΑΤΙΚΗΣ ΑΛΛΑΓΗΣ,5,other,,,exact,
ΑΛΛΟΣ ΦΟΡΕΑΣ,ΠΑΘΟΛΟΓΙΚΟ ΝΟΣ. ΑΘΗΝΩΝ ΣΠΗΛΙΟΠΟΥΛΕΙΟ «Η ΑΓΙΑ ΕΛΕΝΗ»,1,other,,,exact,
ΑΛΛΟΣ ΦΟΡΕΑΣ,ΠΑΝΕΠΙΣΤΗΜΙΑΚΟ ΓΕΝ. ΝΟΣΟΚ. 'ΑΤΤΙΚΟΝ',1,other,,,exact,
ΑΛΛΟΣ ΦΟΡΕΑΣ,ΠΑΝΕΠΙΣΤΗΜΙΑΚΟ ΓΕΝΙΚΟ ΝΟΣΟΚΟΜΕΙΟ ΕΒΡΟΥ,2,other,,,exact,
ΑΛΛΟΣ ΦΟΡΕΑΣ,ΠΑΝΕΠΙΣΤΗΜΙΟ ΔΥΤΙΚΗΣ ΜΑΚΕΔΟΝΙΑΣ,1,other,,,exact,
ΑΛΛΟΣ ΦΟΡΕΑΣ,ΠΑΝΕΠΙΣΤΗΜΙΟ ΘΕΣΣΑΛΙΑΣ,16,other,,,exact,
ΑΛΛΟΣ ΦΟΡΕΑΣ,ΠΑΝΕΠΙΣΤΗΜΙΟ ΚΡΗΤΗΣ,3,other,,,exact,
ΑΛΛΟΣ ΦΟΡΕΑΣ,ΠΑΝΕΠΙΣΤΗΜΙΟ ΠΑΤΡΩΝ,1,other,,,exact,
ΑΛΛΟΣ ΦΟΡΕΑΣ,ΠΑΝΕΠΙΣΤΗΜΙΟ ΠΕΛΟΠΟΝΝΗΣΟΥ,2,other,,,exact,
ΑΛΛΟΣ ΦΟΡΕΑΣ,ΠΑΝΠΕΛΟΠΟΝΝΗΣΙΑΚΟ ΕΘΝΙΚΟ ΑΘΛΗΤΙΚΟ ΚΕΝΤΡΟ ΠΑΤΡΩΝ,2,other,,,exact,
ΑΛΛΟΣ ΦΟΡΕΑΣ,ΠΕΡ.ΓΕΝ. ΝΟΣΟΚΟΜΕΙΟ ΑΘΗΝΩΝ 'ΑΛΕΞΑΝΔΡΑ',1,other,,,exact,
ΑΛΛΟΣ ΦΟΡΕΑΣ,ΠΕΡ.ΓΕΝ. ΝΟΣΟΚΟΜΕΙΟ ΑΘΗΝΩΝ 'Γ. ΓΕΝΝΗΜΑΤΑΣ',3,other,,,exact,
ΑΛΛΟΣ ΦΟΡΕΑΣ,ΠΕΡ.ΓΕΝ. ΝΟΣΟΚΟΜΕΙΟ ΘΕΣΣΑΛΟΝΙΚΗΣ 'ΙΠΠΟΚΡΑΤΕΙO',5,other,,,exact,
ΑΛΛΟΣ ΦΟΡΕΑΣ,ΠΕΡ.ΓΕΝ. ΝΟΣΟΚΟΜΕΙΟ ΠΑΙΔΩΝ 'ΑΓΛΑΙΑ ΚΥΡΙΑΚΟΥ',4,other,,,exact,
ΑΛΛΟΣ ΦΟΡΕΑΣ,ΠΕΡ.ΓΕΝ. ΝΟΣΟΚΟΜΕΙΟ ΠΑΤΡΩΝ 'ΑΓΙΟΣ ΑΝΔΡΕΑΣ',2,other,,,exact,
ΑΛΛΟΣ ΦΟΡΕΑΣ,ΠΕΡ.ΓΕΝ. ΝΟΣΟΚΟΜΕΙΟ ΠΕΙΡΑΙΩΣ 'ΤΖΑΝΕΙΟ',1,other,,,exact,
ΑΛΛΟΣ ΦΟΡΕΑΣ,ΠΕΡΙΒΑΛΛΟΝΤΙΚΗ ΑΝΑΠΤΥΞΙΑΚΗ ΔΥΤΙΚΗΣ ΘΕΣΣΑΛΙΑΣ Α.Ε.,1,other,,,exact,
ΑΛΛΟΣ ΦΟΡΕΑΣ,ΠΕΡΙΒΑΛΛΟΝΤΙΚΟΣ ΣΥΝΔΕΣΜΟΣ ΔΗΜΩΝ ΑΘΗΝΑΣ ΠΕΙΡΑΙΑ,12,other,,,exact,
ΑΛΛΟΣ ΦΟΡΕΑΣ,ΠΕΡΙΦ. ΠΑΝΕΠΙΣΤ. ΓΕΝ. ΝΟΣΟΚ. ΗΡΑΚΛΕΙΟΥ,1,other,,,exact,
ΑΛΛΟΣ ΦΟΡΕΑΣ,ΠΕΡΙΦ. ΠΑΝΕΠΙΣΤ. ΓΕΝ. ΝΟΣΟΚ. ΙΩΑΝΝΙΝΩΝ,1,other,,,exact,
ΑΛΛΟΣ ΦΟΡΕΑΣ,ΠΕΡΙΦ. ΠΑΝΕΠΙΣΤ. ΓΕΝ. ΝΟΣΟΚ. ΛΑΡΙΣΑΣ,2,other,,,exact,
ΑΛΛΟΣ ΦΟΡΕΑΣ,ΠΕΡΙΦ. ΠΑΝΕΠΙΣΤ. ΓΕΝ. ΝΟΣΟΚ. ΠΑΤΡΩΝ,7,other,,,exact,
ΑΛΛΟΣ ΦΟΡΕΑΣ,ΠΕΡΙΦΕΡΕΙΑΚΗ ΕΝΩΣΗ ΔΗΜΩΝ (Π.Ε.Δ.) ΑΝΑΤΟΛΙΚΗΣ ΜΑΚΕΔΟΝΙΑΣ ΚΑΙ ΘΡΑΚΗΣ,1,other,,,exact,
ΑΛΛΟΣ ΦΟΡΕΑΣ,ΠΕΡΙΦΕΡΕΙΑΚΗ ΕΝΩΣΗ ΔΗΜΩΝ (ΠΕΔ) ΗΠΕΙΡΟΥ,1,other,,,exact,
ΑΛΛΟΣ ΦΟΡΕΑΣ,ΠΕΡΙΦΕΡΕΙΑΚΗ ΕΝΩΣΗ ΔΗΜΩΝ (ΠΕΔ) ΚΡΗΤΗΣ,1,other,,,exact,
ΑΛΛΟΣ ΦΟΡΕΑΣ,ΠΕΡΙΦΕΡΕΙΑΚΗ ΕΝΩΣΗ ΔΗΜΩΝ ΔΥΤΙΚΗΣ ΜΑΚΕΔΟΝΙΑΣ,1,other,,,exact,
ΑΛΛΟΣ ΦΟΡΕΑΣ,ΠΝΕΥΜΑΤΙΚΟ ΚΕΝΤΡΟ ΔΗΜΟΥ ΑΣΠΡΟΠΥΡΓΟΥ,1,other,,,exact,
ΑΛΛΟΣ ΦΟΡΕΑΣ,ΠΡΑΣΙΝΟ ΤΑΜΕΙΟ,403,other,,,exact,
ΑΛΛΟΣ ΦΟΡΕΑΣ,ΠΡΟΕΔΡΙΑ ΤΗΣ ΚΥΒΕΡΝΗΣΗΣ,1,other,,,exact,
ΑΛΛΟΣ ΦΟΡΕΑΣ,ΡΥΘΜΙΣΤΙΚΗ ΑΡΧΗ ΑΠΟΒΛΗΤΩΝ ΕΝΕΡΓΕΙΑΣ ΚΑΙ ΥΔΑΤΩΝ,2,other,,,exact,
ΑΛΛΟΣ ΦΟΡΕΑΣ,ΣΥΝΔΕΣΜΟΣ ΔΙΑΧΕΙΡΙΣΗΣ ΑΠΟΡΡΙΜΜΑΤΩΝ Ν. ΞΑΝΘΗΣ,1,other,,,exact,
ΑΛΛΟΣ ΦΟΡΕΑΣ,ΣΥΝΔΕΣΜΟΣ ΔΙΑΧΕΙΡΙΣΗΣ ΑΠΟΡΡΙΜΜΑΤΩΝ ΠΕΔΙΝΗΣ ΚΑΙ ΗΜΙΟΡΕΙΝΗΣ ΠΕΡΙΟΧΗΣ Ν. ΑΡΤΑΣ,9,other,,,exact,
ΑΛΛΟΣ ΦΟΡΕΑΣ,ΣΥΝΔΕΣΜΟΣ ΚΟΙΝΩΝΙΚΗΣ ΠΡΟΣΤΑΣΙΑΣ ΚΑΙ & ΑΛΛΗΛΕΓΓΥΗΣ ΚΕΡΚΥΡΑΣ,6,other,,,exact,
ΑΛΛΟΣ ΦΟΡΕΑΣ,ΣΥΝΔΕΣΜΟΣ ΠΡΟΣΤΑΣΙΑΣ ΚΑΙ ΑΝΑΠΤΥΞΗΣ ΥΜΗΤΤΟΥ,8,other,,,exact,
ΑΛΛΟΣ ΦΟΡΕΑΣ,"ΣΥΝΔΕΣΜΟΣ ΠΡΟΣΤΑΣΙΑΣ ΚΑΙ ΟΡΘΟΛΟΓΙΚΗΣ ΑΝΑΠΤΥΞΗΣ ΤΟΥ ΚΟΡΙΝΘΙΑΚΟΥ ΚΟΛΠΟΥ« (Σ.Π.Ο.Α.Κ.) »Ο ΑΡΙΩΝ""",1,other,,,exact,
ΑΛΛΟΣ ΦΟΡΕΑΣ,ΣΧΟΛΙΚΕΣ ΕΠΙΤΡΟΠΕΣ ΔΗΜΟΥ ΑΠΟΚΟΡΩΝΟΥ,2,other,,,exact,
ΑΛΛΟΣ ΦΟΡΕΑΣ,ΣΧΟΛΙΚΕΣ ΕΠΙΤΡΟΠΕΣ ΔΗΜΟΥ ΕΥΡΩΤΑ,1,other,,,exact,
ΑΛΛΟΣ ΦΟΡΕΑΣ,ΣΧΟΛΙΚΕΣ ΕΠΙΤΡΟΠΕΣ ΠΡΩΤΟΒΑΘΜΙΑΣ ΚΑΙ ΔΕΥΤΕΡΟΒΑΘΜΙΑΣ ΕΚΠΑΙΔΕΥΣΗΣ ΔΗΜΟΥ ΧΑΝΙΩΝ,1,other,,,exact,
ΑΛΛΟΣ ΦΟΡΕΑΣ,ΣΧΟΛΙΚΕΣ ΕΠΙΤΡΟΠΕΣ ΣΧΟΛΕΙΩΝ Α/ΒΑΘΜΙΑΣ ΚΑΙ Β/ΒΑΘΜΙΑΣ ΕΚΠΑΙΔΕΥΣΗΣ ΔΗΜΟΥ ΠΟΛΥΓΥΡΟΥ,1,other,,,exact,
ΑΛΛΟΣ ΦΟΡΕΑΣ,ΣΧΟΛΙΚΗ ΕΠΙΤΡΟΠΗ ΔΗΜΟΥ ΙΗΤΩΝ,1,other,,,exact,
ΑΛΛΟΣ ΦΟΡΕΑΣ,ΤΑΜΕΙΟ ΑΞΙΟΠΟΙΗΣΗΣ ΙΔΙΩΤΙΚΗΣ ΠΕΡΙΟΥΣΙΑΣ ΤΟΥ ΔΗΜΟΣΙΟΥ ΑΕ,60,other,,,exact,
ΑΛΛΟΣ ΦΟΡΕΑΣ,ΤΑΜΕΙΟ ΔΙΟΙΚΗΣΗΣ ΔΙΑΧΕΙΡΗΣΗΣ ΠΑΝΕΠΙΣΤΗΜΙΑΚΩΝ ΔΑΣΩΝ,25,other,,,exact,
ΑΛΛΟΣ ΦΟΡΕΑΣ,ΤΕΙ ΘΕΣΣΑΛΙΑΣ,7,other,,,exact,
ΑΛΛΟΣ ΦΟΡΕΑΣ,ΤΕΙ ΙΟΝΙΩΝ ΝΗΣΩΝ,1,other,,,exact,
ΑΛΛΟΣ ΦΟΡΕΑΣ,ΤΕΙ ΠΕΙΡΑΙΑ,1,other,,,exact,
ΑΛΛΟΣ ΦΟΡΕΑΣ,ΤΕΧΝΙΚΟ ΕΠΙΜΕΛΗΤΗΡΙΟ ΕΛΛΑΔΑΣ,9,other,,,exact,
ΑΛΛΟΣ ΦΟΡΕΑΣ,ΤΟΥΡΙΣΤΙΚΕΣ ΕΠΙΧΕΙΡΗΣΕΙΣ ΤΟΡΩΝΗΣ ΔΗΜΟΤΙΚΗ Α.Ε.,1,other,,,exact,
ΑΛΛΟΣ ΦΟΡΕΑΣ,ΤΡΙΗΡΗΣ ΑΝΑΠΤΥΞΙΑΚΗ Α Ε ΑΝΑΠΤΥΞΙΑΚΟΣ ΟΡΓΑΝΙΣΜΟΣ ΤΟΠΙΚΗΣ ΑΥΤΟΔΙΟΙΚΗΣΗΣ,1,other,,,exact,
ΑΛΛΟΣ ΦΟΡΕΑΣ,ΥΠΗΡΕΣΙΑ ΚΟΙΝΩΝΙΚΗΣ ΠΡΟΣΤΑΣΙΑΣ ΚΑΙ ΑΛΛΗΛΕΓΓΥΗΣ - ΑΘΛΗΤΙΣΜΟΥ - ΠΑΙΔΕΙΑΣ ΔΗΜΟΥ ΛΑΓΚΑΔΑ,1,other,,,exact,
ΑΛΛΟΣ ΦΟΡΕΑΣ,ΦΕΣΤΙΒΑΛ ΚΙΝΗΜΑΤΟΓΡΑΦΟΥ ΘΕΣΣΑΛΟΝΙΚΗΣ,1,other,,,exact,
ΑΛΛΟΣ ΦΟΡΕΑΣ,ΦΟΡΕΑΣ ΔΙΑΧΕΙΡΙΣΗΣ ΑΜΒΡΑΚΙΚΟΥ ΚΟΛΠΟΥ - ΛΕΥΚΑΔΑΣ,1,other,,,exact,
ΑΛΛΟΣ ΦΟΡΕΑΣ,ΦΟΡΕΑΣ ΔΙΑΧΕΙΡΙΣΗΣ ΕΘΝΙΚΟΥ ΔΡΥΜΟΥ ΑΙΝΟΥ,2,other,,,exact,
ΑΛΛΟΣ ΦΟΡΕΑΣ,ΦΟΡΕΑΣ ΔΙΑΧΕΙΡΙΣΗΣ ΜΗΤΡΟΠΟΛΙΤΙΚΟΥ ΠΑΡΚΟΥ ΠΕΡΙΒΑΛΛΟΝΤΙΚΩΝ ΚΑΙ ΕΚΠΑΙΔΕΥΤΙΚΩΝ ΔΡΑΣΤΗΡΙΟΤΗΤΩΝ ΚΑΙ ΑΝΑΠΤΥΞΗΣ ΚΟΙΝΩΝΙΚΗΣ ΟΙΚΟΝ,2,other,,,exact,
ΑΛΛΟΣ ΦΟΡΕΑΣ,ΦΟΡΕΑΣ ΔΙΑΧΕΙΡΙΣΗΣ ΠΡΟΣΤΑΤΕΥΟΜΕΝΩΝ ΠΕΡΙΟΧΩΝ ΒΟΡΑ ΠΑΙΚΟΥ ΒΕΡΜΙΟΥ,2,other,,,exact,
ΑΛΛΟΣ ΦΟΡΕΑΣ,ΦΟΡΕΑΣ ΔΙΑΧΕΙΡΙΣΗΣ ΥΓΡΟΤΟΠΩΝ ΚΟΤΥΧΙΟΥ - ΣΤΡΟΦΥΛΙΑΣ,2,other,,,exact,
ΑΛΛΟΣ ΦΟΡΕΑΣ,ΦΟΡΕΑΣ ΔΙΑΧΕΙΡΙΣΗΣ ΥΓΡΟΤΟΠΩΝ ΚΟΤΥΧΙΟΥ - ΣΤΡΟΦΥΛΙΑΣ ΚΑΙ ΚΥΠΑΡΙΣΣΙΑΚΟΥ ΚΟΛΠΟΥ,3,other,,,exact,
ΑΛΛΟΣ ΦΟΡΕΑΣ,ΦΟΡΕΑΣ ΔΙΑΧΕΙΡΙΣΗΣ ΧΕΛΜΟΥ - ΒΟΥΡΑΙΚΟΥ,1,other,,,exact,
ΑΠΟΚΕΝΤΡΩΜΕΝΗ ΔΙΟΙΚΗΣΗ,ΑΙΓΑΙΟΥ,127,decentralized,,,exact,
ΑΠΟΚΕΝΤΡΩΜΕΝΗ ΔΙΟΙΚΗΣΗ,ΑΤΤΙΚΗΣ,257,decentralized,,,exact,
ΑΠΟΚΕΝΤΡΩΜΕΝΗ ΔΙΟΙΚΗΣΗ,ΗΠΕΙΡΟΥ - ΔΥΤΙΚΗΣ ΜΑΚΕΔΟΝΙΑΣ,177,decentralized,,,exact,
ΑΠΟΚΕΝΤΡΩΜΕΝΗ ΔΙΟΙΚΗΣΗ,ΘΕΣΣΑΛΙΑΣ - ΣΤΕΡΕΑΣ ΕΛΛΑΔΑΣ,639,decentralized,,,exact,
ΑΠΟΚΕΝΤΡΩΜΕΝΗ ΔΙΟΙΚΗΣΗ,ΚΡΗΤΗΣ,68,decentralized,,,exact,
ΑΠΟΚΕΝΤΡΩΜΕΝΗ ΔΙΟΙΚΗΣΗ,ΜΑΚΕΔΟΝΙΑΣ – ΘΡΑΚΗΣ,2271,decentralized,,,exact,
ΑΠΟΚΕΝΤΡΩΜΕΝΗ ΔΙΟΙΚΗΣΗ,"ΠΕΛΟΠΟΝΝΗΣΟΥ, ΔΥΤΙΚΗΣ ΕΛΛΑΔΑΣ ΚΑΙ ΙΟΝΙΟΥ",1365,decentralized,,,exact,
ΔΗΜΟΣ,AΓΙΟΥ ΝΙΚΟΛΑΟΥ,7,municipality,9310,,manual,name variant or Kleisthenis→Kallikratis parent
ΔΗΜΟΣ,ΑΒΔΗΡΩΝ,18,municipality,9015,,exact,
ΔΗΜΟΣ,ΑΓΙΑΣ,113,municipality,9097,,exact,
ΔΗΜΟΣ,ΑΓΙΑΣ ΒΑΡΒΑΡΑΣ,2,municipality,9179,,exact,
ΔΗΜΟΣ,ΑΓΙΑΣ ΠΑΡΑΣΚΕΥΗΣ,12,municipality,9167,,exact,
ΔΗΜΟΣ,ΑΓΙΟΥ ΒΑΣΙΛΕΙΟΥ,2,municipality,9314,,exact,
ΔΗΜΟΣ,ΑΓΙΟΥ ΔΗΜΗΤΡΙΟΥ,5,municipality,9194,,exact,
ΔΗΜΟΣ,ΑΓΙΟΥ ΕΥΣΤΡΑΤΙΟΥ,1,municipality,9262,,exact,
ΔΗΜΟΣ,ΑΓΙΩΝ ΑΝΑΡΓΥΡΩΝ - ΚΑΜΑΤΕΡΟΥ,9,municipality,9180,,exact,
ΔΗΜΟΣ,ΑΓΚΙΣΤΡΙΟΥ,24,municipality,9207,,exact,
ΔΗΜΟΣ,ΑΓΡΑΦΩΝ,4,municipality,9156,,exact,
ΔΗΜΟΣ,ΑΓΡΙΝΙΟΥ,14,municipality,9123,,exact,
ΔΗΜΟΣ,ΑΘΗΝΑΙΩΝ,11,municipality,9186,,exact,
ΔΗΜΟΣ,ΑΘΗΝΑΙΩΝ ΑΝΩΝΥΜΗ ΑΝΑΠΤΥΞΙΑΚΗ ΕΤΑΙΡΕΙΑ ΜΗΧΑΝΟΓΡΑΦΗΣΗΣ & ΕΠΙΧΕΙΡΗΣΙΑΚΩΝ ΜΟΝΑΔΩΝ ΟΤΑ,1,municipality,,,manual,not in GeoJSON or not a municipality
ΔΗΜΟΣ,ΑΙΓΙΑΛΕΙΑΣ,31,municipality,9130,,exact,
ΔΗΜΟΣ,ΑΙΓΙΝΑΣ,62,municipality,9208,,exact,
ΔΗΜΟΣ,ΑΚΤΙΟΥ - ΒΟΝΙΤΣΑΣ,65,municipality,9124,,exact,
ΔΗΜΟΣ,ΑΛΕΞΑΝΔΡΕΙΑΣ,2,municipality,9023,,exact,
ΔΗΜΟΣ,ΑΛΕΞΑΝΔΡΟΥΠΟΛΗΣ,219,municipality,9006,,exact,
ΔΗΜΟΣ,ΑΛΙΑΡΤΟΥ,12,municipality,9142,,exact,
ΔΗΜΟΣ,ΑΛΜΥΡΟΥ,23,municipality,9104,,exact,
ΔΗΜΟΣ,ΑΛΜΩΠΙΑΣ,101,municipality,9042,,exact,
ΔΗΜΟΣ,ΑΛΟΝΝΗΣΟΥ,84,municipality,9109,,exact,
ΔΗΜΟΣ,ΑΜΑΡΙΟΥ,6,municipality,9315,,exact,
ΔΗΜΟΣ,ΑΜΑΡΟΥΣΙΟΥ,3,municipality,9168,,exact,
ΔΗΜΟΣ,ΑΜΟΡΓΟΥ,7,municipality,9291,,exact,
ΔΗΜΟΣ,ΑΜΥΝΤΑΙΟΥ,48,municipality,9070,,exact,
ΔΗΜΟΣ,ΑΜΦΙΚΛΕΙΑΣ - ΕΛΑΤΕΙΑΣ,7,municipality,9158,,exact,
ΔΗΜΟΣ,ΑΜΦΙΛΟΧΙΑΣ,19,municipality,9125,,exact,
ΔΗΜΟΣ,ΑΜΦΙΠΟΛΗΣ,3,municipality,9049,,exact,
ΔΗΜΟΣ,ΑΝΑΤΟΛΙΚΗΣ ΜΑΝΗΣ,4,municipality,9248,,exact,
ΔΗΜΟΣ,ΑΝΑΤΟΛΙΚΗΣ ΣΑΜΟΥ,5,municipality,9264,,manual,name variant or Kleisthenis→Kallikratis parent
ΔΗΜΟΣ,ΑΝΔΡΑΒΙΔΑΣ - ΚΥΛΛΗΝΗΣ,10,municipality,9135,,exact,
ΔΗΜΟΣ,ΑΝΔΡΙΤΣΑΙΝΑΣ - ΚΡΕΣΤΕΝΩΝ,57,municipality,9136,,exact,
ΔΗΜΟΣ,ΑΝΔΡΟΥ,13,municipality,9268,,exact,
ΔΗΜΟΣ,ΑΝΤΙΠΑΡΟΥ,2,municipality,9293,,exact,
ΔΗΜΟΣ,ΑΝΩΓΕΙΩΝ,31,municipality,9316,,exact,
ΔΗΜΟΣ,ΑΠΟΚΟΡΩΝΟΥ,5,municipality,9319,,exact,
ΔΗΜΟΣ,ΑΡΓΙΘΕΑΣ,13,municipality,9091,,exact,
ΔΗΜΟΣ,ΑΡΓΟΣΤΟΛΙΟΥ,5,municipality,9120,,manual,name variant or Kleisthenis→Kallikratis parent
ΔΗΜΟΣ,ΑΡΓΟΥΣ - ΜΥΚΗΝΩΝ,16,municipality,9233,,exact,
ΔΗΜΟΣ,ΑΡΓΟΥΣ ΟΡΕΣΤΙΚΟΥ,85,municipality,,,manual,not in GeoJSON or not a municipality
ΔΗΜΟΣ,ΑΡΙΣΤΟΤΕΛΗ,55,municipality,9056,,exact,
ΔΗΜΟΣ,ΑΡΡΙΑΝΩΝ,33,municipality,9019,,exact,
ΔΗΜΟΣ,ΑΡΤΑΙΩΝ,411,municipality,9073,,exact,
ΔΗΜΟΣ,ΑΡΧΑΙΑΣ ΟΛΥΜΠΙΑΣ,30,municipality,9137,,exact,
ΔΗΜΟΣ,ΑΡΧΑΝΩΝ - ΑΣΤΕΡΟΥΣΙΩΝ,20,municipality,9302,,exact,
ΔΗΜΟΣ,ΑΣΠΡΟΠΥΡΓΟΥ,9,municipality,9228,,exact,
ΔΗΜΟΣ,ΑΣΤΥΠΑΛΑΙΑΣ,3,municipality,9275,,exact,
ΔΗΜΟΣ,ΑΧΑΡΝΩΝ,3,municipality,9215,,exact,
ΔΗΜΟΣ,ΒΑΡΗΣ - ΒΟΥΛΑΣ - ΒΟΥΛΙΑΓΜΕΝΗΣ,98,municipality,9216,,exact,
ΔΗΜΟΣ,ΒΕΛΒΕΝΤΟΥ,7,municipality,9069,,manual,name variant or Kleisthenis→Kallikratis parent
ΔΗΜΟΣ,ΒΕΛΟΥ - ΒΟΧΑΣ,2,municipality,9242,,exact,
ΔΗΜΟΣ,ΒΕΡΟΙΑΣ,4,municipality,9024,,exact,
ΔΗΜΟΣ,ΒΙΑΝΝΟΥ,4,municipality,9303,,exact,
ΔΗΜΟΣ,ΒΙΣΑΛΤΙΑΣ,3,municipality,9050,,exact,
ΔΗΜΟΣ,ΒΟΙΟΥ,32,municipality,9066,,exact,
ΔΗΜΟΣ,ΒΟΛΒΗΣ,37,municipality,9027,,exact,
ΔΗΜΟΣ,ΒΟΛΟΥ,46,municipality,9105,,exact,
ΔΗΜΟΣ,ΒΟΡΕΙΑΣ ΚΕΡΚΥΡΑΣ,19,municipality,9118,,manual,name variant or Kleisthenis→Kallikratis parent
ΔΗΜΟΣ,ΒΟΡΕΙΑΣ ΚΥΝΟΥΡΙΑΣ,11,municipality,9237,,exact,
ΔΗΜΟΣ,ΒΟΡΕΙΩΝ ΤΖΟΥΜΕΡΚΩΝ,1,municipality,9080,,exact,
ΔΗΜΟΣ,ΒΡΙΛΗΣΣΙΩΝ,7,municipality,9169,,exact,
ΔΗΜΟΣ,ΒΥΡΩΝΟΣ,6,municipality,9187,,exact,
ΔΗΜΟΣ,ΓΑΛΑΤΣΙΟΥ,7,municipality,9188,,exact,
ΔΗΜΟΣ,ΓΕΩΡΓΙΟΥ ΚΑΡΑΙΣΚΑΚΗ,2,municipality,9074,,exact,
ΔΗΜΟΣ,ΓΛΥΦΑΔΑΣ,4,municipality,9196,,exact,
ΔΗΜΟΣ,ΓΟΡΤΥΝΑΣ,2,municipality,9304,,exact,
ΔΗΜΟΣ,ΓΟΡΤΥΝΙΑΣ,8,municipality,9238,,exact,
ΔΗΜΟΣ,ΓΡΕΒΕΝΩΝ,25,municipality,9061,,exact,
ΔΗΜΟΣ,ΔΑΦΝΗΣ - ΥΜΗΤΤΟΥ,6,municipality,9189,,exact,
ΔΗΜΟΣ,ΔΕΛΤΑ,14,municipality,9028,,exact,
ΔΗΜΟΣ,ΔΕΛΦΩΝ,36,municipality,9165,,exact,
ΔΗΜΟΣ,ΔΕΣΚΑΤΗΣ,9,municipality,9062,,exact,
ΔΗΜΟΣ,ΔΙΔΥΜΟΤΕΙΧΟΥ,3,municipality,9007,,exact,
ΔΗΜΟΣ,ΔΙΟΝΥΣΟΥ,31,municipality,9217,,exact,
ΔΗΜΟΣ,ΔΙΟΥ - ΟΛΥΜΠΟΥ,4,municipality,9046,,exact,
ΔΗΜΟΣ,ΔΙΡΦΥΩΝ - ΜΕΣΣΑΠΙΩΝ,8,municipality,9148,,exact,
ΔΗΜΟΣ,ΔΙΣΤΟΜΟΥ-ΑΡΑΧΟΒΑΣ - ΑΝΤΙΚΥΡΑΣ,51,municipality,9143,,exact,
ΔΗΜΟΣ,ΔΟΜΟΚΟΥ,20,municipality,9159,,exact,
ΔΗΜΟΣ,ΔΟΞΑΤΟΥ,34,municipality,9001,,exact,
ΔΗΜΟΣ,ΔΡΑΜΑΣ,3,municipality,9002,,exact,
ΔΗΜΟΣ,ΔΥΤΙΚΗΣ ΑΧΑΙΑΣ,24,municipality,9131,,exact,
ΔΗΜΟΣ,ΔΥΤΙΚΗΣ ΛΕΣΒΟΥ,3,municipality,9261,,manual,name variant or Kleisthenis→Kallikratis parent
ΔΗΜΟΣ,ΔΥΤΙΚΗΣ ΜΑΝΗΣ,6,municipality,9253,,exact,
ΔΗΜΟΣ,ΔΥΤΙΚΗΣ ΣΑΜΟΥ,3,municipality,9264,,manual,name variant or Kleisthenis→Kallikratis parent
ΔΗΜΟΣ,ΔΩΔΩΝΗΣ,5,municipality,9081,,exact,
ΔΗΜΟΣ,ΔΩΡΙΔΟΣ,11,municipality,9166,,exact,
ΔΗΜΟΣ,ΕΔΕΣΣΑΣ,37,municipality,9043,,exact,
ΔΗΜΟΣ,ΕΛΑΣΣΟΝΑΣ,391,municipality,9098,,exact,
ΔΗΜΟΣ,ΕΛΑΦΟΝΗΣΟΥ,14,municipality,9249,,exact,
ΔΗΜΟΣ,ΕΛΕΥΣΙΝΑΣ,3,municipality,9229,,exact,
ΔΗΜΟΣ,ΕΛΛΗΝΙΚΟΥ - ΑΡΓΥΡΟΥΠΟΛΗΣ,8,municipality,9197,,exact,
ΔΗΜΟΣ,ΕΜΜΑΝΟΥΗΛ ΠΑΠΠΑ,3,municipality,9051,,exact,
ΔΗΜΟΣ,ΕΟΡΔΑΙΑΣ,17,municipality,9067,,exact,
ΔΗΜΟΣ,ΕΠΙΔΑΥΡΟΥ,31,municipality,9234,,exact,
ΔΗΜΟΣ,ΕΡΕΤΡΙΑΣ,42,municipality,9149,,exact,
ΔΗΜΟΣ,ΕΡΜΙΟΝΙΔΑΣ,30,municipality,9235,,exact,
ΔΗΜΟΣ,ΕΡΥΜΑΝΘΟΥ,26,municipality,9132,,exact,
ΔΗΜΟΣ,ΕΥΡΩΤΑ,28,municipality,9250,,exact,
ΔΗΜΟΣ,ΖΑΓΟΡΑΣ - ΜΟΥΡΕΣΙΟΥ,12,municipality,9106,,exact,
ΔΗΜΟΣ,ΖΑΓΟΡΙΟΥ,12,municipality,9082,,exact,
ΔΗΜΟΣ,ΖΑΚΥΝΘΟΥ,34,municipality,9116,,exact,
ΔΗΜΟΣ,ΖΑΧΑΡΩΣ,82,municipality,9138,,exact,
ΔΗΜΟΣ,ΖΗΡΟΥ,56,municipality,9088,,exact,
ΔΗΜΟΣ,ΖΙΤΣΑΣ,10,municipality,9083,,exact,
ΔΗΜΟΣ,ΖΩΓΡΑΦΟΥ,7,municipality,9190,,exact,
ΔΗΜΟΣ,ΗΓΟΥΜΕΝΙΤΣΑΣ,3,municipality,9077,,exact,
ΔΗΜΟΣ,ΗΛΙΔΑΣ,41,municipality,9139,,exact,
ΔΗΜΟΣ,ΗΛΙΟΥΠΟΛΗΣ,4,municipality,9191,,exact,
ΔΗΜΟΣ,ΗΡΑΚΛΕΙΑΣ,4,municipality,9052,,exact,
ΔΗΜΟΣ,ΗΡΑΚΛΕΙΟΥ,5,municipality,9170,,exact,
ΔΗΜΟΣ,ΗΡΑΚΛΕΙΟΥ (ΚΡΗΤΗΣ),19,municipality,9305,,manual,name variant or Kleisthenis→Kallikratis parent
ΔΗΜΟΣ,ΘΑΣΟΥ,146,municipality,9011,,exact,
ΔΗΜΟΣ,ΘΕΡΜΑΙΚΟΥ,9,municipality,9029,,exact,
ΔΗΜΟΣ,ΘΕΡΜΗΣ,53,municipality,9030,,exact,
ΔΗΜΟΣ,ΘΕΡΜΟΥ,4,municipality,9126,,exact,
ΔΗΜΟΣ,ΘΕΣΣΑΛΟΝΙΚΗΣ,9,municipality,9031,,exact,
ΔΗΜΟΣ,ΘΗΒΑΙΩΝ,15,municipality,9144,,exact,
ΔΗΜΟΣ,ΘΗΡΑΣ,15,municipality,9270,,exact,
ΔΗΜΟΣ,ΙΑΣΜΟΥ,24,municipality,9020,,exact,
ΔΗΜΟΣ,ΙΕΡΑΣ ΠΟΛΗΣ ΜΕΣΟΛΟΓΓΙΟΥ,14,municipality,9127,,exact,
ΔΗΜΟΣ,ΙΗΤΩΝ,1,municipality,9271,,exact,
ΔΗΜΟΣ,ΙΘΑΚΗΣ,10,municipality,9117,,exact,
ΔΗΜΟΣ,ΙΚΑΡΙΑΣ,6,municipality,9259,,exact,
ΔΗΜΟΣ,ΙΛΙΟΥ,12,municipality,9182,,exact,
ΔΗΜΟΣ,ΙΣΤΙΑΙΑΣ - ΑΙΔΗΨΟΥ,18,municipality,9150,,exact,
ΔΗΜΟΣ,ΙΩΑΝΝΙΤΩΝ,71,municipality,9084,,exact,
ΔΗΜΟΣ,ΚΑΒΑΛΑΣ,72,municipality,9012,,exact,
ΔΗΜΟΣ,ΚΑΙΣΑΡΙΑΝΗΣ,2,municipality,9192,,exact,
ΔΗΜΟΣ,ΚΑΛΑΒΡΥΤΩΝ,14,municipality,9133,,exact,
ΔΗΜΟΣ,ΚΑΛΑΜΑΡΙΑΣ,3,municipality,9032,,exact,
ΔΗΜΟΣ,ΚΑΛΑΜΑΤΑΣ,23,municipality,9254,,exact,
ΔΗΜΟΣ,ΚΑΛΑΜΠΑΚΑΣ,3,municipality,9112,,exact,
ΔΗΜΟΣ,ΚΑΛΥΜΝΙΩΝ,24,municipality,9276,,exact,
ΔΗΜΟΣ,ΚΑΜΕΝΩΝ ΒΟΥΡΛΩΝ,3,municipality,9163,,manual,name variant or Kleisthenis→Kallikratis parent
ΔΗΜΟΣ,ΚΑΝΤΑΝΟΥ - ΣΕΛΙΝΟΥ,8,municipality,9321,,exact,
ΔΗΜΟΣ,ΚΑΡΔΙΤΣΑΣ,9,municipality,9092,,exact,
ΔΗΜΟΣ,ΚΑΡΠΑΘΟΥ,26,municipality,9280,,exact,
ΔΗΜΟΣ,ΚΑΡΠΕΝΗΣΙΟΥ,5,municipality,9157,,exact,
ΔΗΜΟΣ,ΚΑΡΥΣΤΟΥ,15,municipality,9151,,exact,
ΔΗΜΟΣ,ΚΑΣΣΑΝΔΡΑΣ,28,municipality,9057,,exact,
ΔΗΜΟΣ,ΚΑΣΤΟΡΙΑΣ,11,municipality,9063,,exact,
ΔΗΜΟΣ,ΚΑΤΕΡΙΝΗΣ,18,municipality,9047,,exact,
ΔΗΜΟΣ,ΚΑΤΩ ΝΕΥΡΟΚΟΠΙΟΥ,18,municipality,9003,,exact,
ΔΗΜΟΣ,ΚΕΑΣ,31,municipality,9282,,exact,
ΔΗΜΟΣ,ΚΕΝΤΡΙΚΗΣ ΚΕΡΚΥΡΑΣ ΚΑΙ ΔΙΑΠΟΝΤΙΩΝ ΝΗΣΩΝ,112,municipality,9118,,manual,name variant or Kleisthenis→Kallikratis parent
ΔΗΜΟΣ,ΚΕΝΤΡΙΚΩΝ ΤΖΟΥΜΕΡΚΩΝ,8,municipality,9075,,exact,
ΔΗΜΟΣ,ΚΕΡΑΤΣΙΝΙΟΥ - ΔΡΑΠΕΤΣΩΝΑΣ,1,municipality,9202,,exact,
ΔΗΜΟΣ,ΚΕΡΚΥΡΑΣ,148,municipality,9118,,exact,
ΔΗΜΟΣ,ΚΕΦΑΛΟΝΙΑΣ,8,municipality,9120,,exact,
ΔΗΜΟΣ,ΚΗΦΙΣΙΑΣ,10,municipality,9171,,exact,
ΔΗΜΟΣ,ΚΙΛΕΛΕΡ,110,municipality,9099,,exact,
ΔΗΜΟΣ,ΚΙΛΚΙΣ,9,municipality,9040,,exact,
ΔΗΜΟΣ,ΚΙΜΩΛΟΥ,52,municipality,9286,,exact,
ΔΗΜΟΣ,ΚΙΣΣΑΜΟΥ,10,municipality,9322,,exact,
ΔΗΜΟΣ,ΚΟΖΑΝΗΣ,11,municipality,9068,,exact,
ΔΗΜΟΣ,ΚΟΜΟΤΗΝΗΣ,10,municipality,9021,,exact,
ΔΗΜΟΣ,ΚΟΝΙΤΣΑΣ,2,municipality,9085,,exact,
ΔΗΜΟΣ,ΚΟΡΔΕΛΙΟΥ - ΕΥΟΣΜΟΥ,11,municipality,9033,,exact,
ΔΗΜΟΣ,ΚΟΡΙΝΘΙΩΝ,55,municipality,9243,,exact,
ΔΗΜΟΣ,ΚΟΡΥΔΑΛΛΟΥ,36,municipality,9203,,exact,
ΔΗΜΟΣ,ΚΡΩΠΙΑΣ,61,municipality,9218,,exact,
ΔΗΜΟΣ,ΚΥΘΗΡΩΝ,12,municipality,9209,,exact,
ΔΗΜΟΣ,ΚΥΜΗΣ - ΑΛΙΒΕΡΙΟΥ,16,municipality,9152,,exact,
ΔΗΜΟΣ,ΚΩ,11,municipality,9284,,exact,
ΔΗΜΟΣ,ΛΑΓΚΑΔΑ,11,municipality,9034,,exact,
ΔΗΜΟΣ,ΛΑΜΙΕΩΝ,6,municipality,9160,,exact,
ΔΗΜΟΣ,ΛΑΡΙΣΑΙΩΝ,30,municipality,9100,,exact,
ΔΗΜΟΣ,ΛΑΥΡΕΩΤΙΚΗΣ,78,municipality,9219,,exact,
ΔΗΜΟΣ,ΛΕΒΑΔΕΩΝ,29,municipality,9145,,exact,
ΔΗΜΟΣ,ΛΕΙΨΩΝ,1,municipality,9277,,exact,
ΔΗΜΟΣ,ΛΕΡΟΥ,7,municipality,9278,,exact,
ΔΗΜΟΣ,ΛΕΣΒΟΥ,1,municipality,9261,,exact,
ΔΗΜΟΣ,ΛΕΥΚΑΔΑΣ,32,municipality,9121,,exact,
ΔΗΜΟΣ,ΛΗΜΝΟΥ,79,municipality,9263,,exact,
ΔΗΜΟΣ,ΛΗΞΟΥΡΙΟΥ,45,municipality,9120,,manual,name variant or Kleisthenis→Kallikratis parent
ΔΗΜΟΣ,ΛΙΜΝΗΣ ΠΛΑΣΤΗΡΑ,14,municipality,9093,,exact,
ΔΗΜΟΣ,ΛΟΚΡΩΝ,38,municipality,9161,,exact,
ΔΗΜΟΣ,ΛΟΥΤΡΑΚΙΟΥ - ΠΕΡΑΧΩΡΑΣ - ΑΓΙΩΝ ΘΕΟΔΩΡΩΝ,22,municipality,9244,,manual,name variant or Kleisthenis→Kallikratis parent
ΔΗΜΟΣ,ΛΥΚΟΒΡΥΣΗΣ - ΠΕΥΚΗΣ,3,municipality,9172,,exact,
ΔΗΜΟΣ,ΜΑΚΡΑΚΩΜΗΣ,2,municipality,9162,,exact,
ΔΗΜΟΣ,ΜΑΛΕΒΙΖΙΟΥ,19,municipality,9306,,exact,
ΔΗΜΟΣ,ΜΑΝΔΡΑΣ - ΕΙΔΥΛΛΙΑΣ,47,municipality,9230,,exact,
ΔΗΜΟΣ,ΜΑΝΤΟΥΔΙΟΥ - ΛΙΜΝΗΣ - ΑΓΙΑΣ ΑΝΝΑΣ,8,municipality,9153,,exact,
ΔΗΜΟΣ,ΜΑΡΑΘΩΝΟΣ,20,municipality,9220,,exact,
ΔΗΜΟΣ,ΜΑΡΩΝΕΙΑΣ - ΣΑΠΩΝ,48,municipality,9022,,exact,
ΔΗΜΟΣ,ΜΕΓΑΛΟΠΟΛΗΣ,12,municipality,9239,,exact,
ΔΗΜΟΣ,ΜΕΓΑΝΗΣΙΟΥ,6,municipality,9122,,exact,
ΔΗΜΟΣ,ΜΕΓΑΡΕΩΝ,19,municipality,9231,,exact,
ΔΗΜΟΣ,ΜΕΓΙΣΤΗΣ,3,municipality,9295,,exact,
ΔΗΜΟΣ,ΜΕΣΣΗΝΗΣ,18,municipality,9255,,exact,
ΔΗΜΟΣ,ΜΕΤΑΜΟΡΦΩΣΗΣ,2,municipality,9173,,manual,name variant or Kleisthenis→Kallikratis parent
ΔΗΜΟΣ,ΜΕΤΕΩΡΩΝ,3,municipality,9112,,manual,name variant or Kleisthenis→Kallikratis parent
ΔΗΜΟΣ,ΜΕΤΣΟΒΟΥ,2,municipality,9086,,exact,
ΔΗΜΟΣ,ΜΗΛΟΥ,5,municipality,9287,,exact,
ΔΗΜΟΣ,ΜΙΝΩΑ ΠΕΔΙΑΔΑΣ,9,municipality,9307,,exact,
ΔΗΜΟΣ,ΜΟΝΕΜΒΑΣΙΑΣ,171,municipality,9251,,exact,
ΔΗΜΟΣ,ΜΟΣΧΑΤΟΥ - ΤΑΥΡΟΥ,1,municipality,9199,,exact,
ΔΗΜΟΣ,ΜΥΚΗΣ,8,municipality,9016,,exact,
ΔΗΜΟΣ,ΜΥΚΟΝΟΥ,7,municipality,9290,,exact,
ΔΗΜΟΣ,ΜΥΤΙΛΗΝΗΣ,12,municipality,9261,,manual,name variant or Kleisthenis→Kallikratis parent
ΔΗΜΟΣ,ΜΩΛΟΥ - ΑΓ. ΚΩΝΣΤΑΝΤΙΝΟΥ,4,municipality,9163,,exact,
ΔΗΜΟΣ,ΝΑΞΟΥ & ΜΙΚΡΩΝ ΚΥΚΛΑΔΩΝ,3,municipality,9292,,exact,
ΔΗΜΟΣ,ΝΑΟΥΣΑΣ,4,municipality,9025,,exact,
ΔΗΜΟΣ,ΝΑΥΠΑΚΤΙΑΣ,38,municipality,9128,,exact,
ΔΗΜΟΣ,ΝΑΥΠΛΙΕΩΝ,34,municipality,9236,,exact,
ΔΗΜΟΣ,ΝΕΑΠΟΛΗΣ - ΣΥΚΕΩΝ,10,municipality,9035,,exact,
ΔΗΜΟΣ,ΝΕΑΣ ΖΙΧΝΗΣ,5,municipality,9053,,exact,
ΔΗΜΟΣ,ΝΕΑΣ ΙΩΝΙΑΣ,2,municipality,9174,,exact,
ΔΗΜΟΣ,ΝΕΑΣ ΠΡΟΠΟΝΤΙΔΑΣ,10,municipality,9058,,exact,
ΔΗΜΟΣ,ΝΕΑΣ ΦΙΛΑΔΕΛΦΕΙΑΣ - ΝΕΑΣ ΧΑΛΚΗΔΟΝΑΣ,1,municipality,9193,,manual,name variant or Kleisthenis→Kallikratis parent
ΔΗΜΟΣ,ΝΕΜΕΑΣ,5,municipality,9245,,exact,
ΔΗΜΟΣ,ΝΕΣΤΟΡΙΟΥ,67,municipality,9064,,exact,
ΔΗΜΟΣ,ΝΕΣΤΟΥ,8,municipality,9013,,exact,
ΔΗΜΟΣ,ΝΙΚΑΙΑΣ - ΑΓΙΟΥ Ι. ΡΕΝΤΗ,20,municipality,9204,,exact,
ΔΗΜΟΣ,ΝΙΚΟΛΑΟΥ ΣΚΟΥΦΑ,25,municipality,9076,,exact,
ΔΗΜΟΣ,ΝΙΣΥΡΟΥ,3,municipality,9285,,exact,
ΔΗΜΟΣ,ΝΟΤΙΑΣ ΚΕΡΚΥΡΑΣ,55,municipality,9118,,manual,name variant or Kleisthenis→Kallikratis parent
ΔΗΜΟΣ,ΝΟΤΙΑΣ ΚΥΝΟΥΡΙΑΣ,18,municipality,9240,,exact,
ΔΗΜΟΣ,ΝΟΤΙΟΥ ΠΗΛΙΟΥ,319,municipality,9107,,exact,
ΔΗΜΟΣ,ΞΑΝΘΗΣ,10,municipality,9017,,exact,
ΔΗΜΟΣ,ΞΗΡΟΜΕΡΟΥ,139,municipality,9129,,exact,
ΔΗΜΟΣ,ΞΥΛΟΚΑΣΤΡΟΥ - ΕΥΡΩΣΤΙΝΗΣ,10,municipality,9246,,exact,
ΔΗΜΟΣ,ΟΙΝΟΥΣΣΩΝ,1,municipality,9265,,exact,
ΔΗΜΟΣ,ΟΙΧΑΛΙΑΣ,20,municipality,9256,,exact,
ΔΗΜΟΣ,ΟΡΕΣΤΙΑΔΑΣ,31,municipality,9008,,exact,
ΔΗΜΟΣ,ΟΡΟΠΕΔΙΟΥ ΛΑΣΙΘΙΟΥ,6,municipality,9312,,exact,
ΔΗΜΟΣ,ΟΡΧΟΜΕΝΟΥ,5,municipality,9146,,exact,
ΔΗΜΟΣ,ΠΑΓΓΑΙΟΥ,20,municipality,9014,,exact,
ΔΗΜΟΣ,ΠΑΙΑΝΙΑΣ,5,municipality,9222,,exact,
ΔΗΜΟΣ,ΠΑΙΟΝΙΑΣ,84,municipality,9041,,exact,
ΔΗΜΟΣ,ΠΑΛΑΜΑ,20,municipality,9095,,exact,
ΔΗΜΟΣ,ΠΑΛΛΗΝΗΣ,8,municipality,9223,,exact,
ΔΗΜΟΣ,ΠΑΞΩΝ,4,municipality,9119,,exact,
ΔΗΜΟΣ,ΠΑΠΑΓΟΥ - ΧΟΛΑΡΓΟΥ,8,municipality,9175,,exact,
ΔΗΜΟΣ,ΠΑΡΑΝΕΣΤΙΟΥ,12,municipality,9004,,exact,
ΔΗΜΟΣ,ΠΑΡΓΑΣ,8,municipality,9089,,exact,
ΔΗΜΟΣ,ΠΑΡΟΥ,12,municipality,9294,,exact,
ΔΗΜΟΣ,ΠΑΤΡΕΩΝ,19,municipality,9134,,exact,
ΔΗΜΟΣ,ΠΑΥΛΟΥ ΜΕΛΑ,24,municipality,9036,,exact,
ΔΗΜΟΣ,ΠΕΙΡΑΙΩΣ,3,municipality,9205,,exact,
ΔΗΜΟΣ,ΠΕΝΤΕΛΗΣ,10,municipality,9176,,exact,
ΔΗΜΟΣ,ΠΕΡΑΜΑΤΟΣ,2,municipality,9206,,exact,
ΔΗΜΟΣ,ΠΕΡΙΣΤΕΡΙΟΥ,33,municipality,9183,,exact,
ΔΗΜΟΣ,ΠΕΤΡΟΥΠΟΛΗΣ,9,municipality,9184,,exact,
ΔΗΜΟΣ,ΠΗΝΕΙΟΥ,19,municipality,9140,,exact,
ΔΗΜΟΣ,ΠΛΑΤΑΝΙΑ,177,municipality,9323,,exact,
ΔΗΜΟΣ,ΠΟΛΥΓΥΡΟΥ,11,municipality,9059,,exact,
ΔΗΜΟΣ,ΠΟΡΟΥ,36,municipality,9210,,exact,
ΔΗΜΟΣ,ΠΡΕΒΕΖΑΣ,12,municipality,9090,,exact,
ΔΗΜΟΣ,ΠΡΕΣΠΩΝ,35,municipality,9071,,exact,
ΔΗΜΟΣ,ΠΡΟΣΟΤΣΑΝΗΣ,3,municipality,9005,,exact,
ΔΗΜΟΣ,ΠΥΔΝΑΣ - ΚΟΛΙΝΔΡΟΥ,10,municipality,9048,,exact,
ΔΗΜΟΣ,ΠΥΛΑΙΑΣ - ΧΟΡΤΙΑΤΗ,31,municipality,9037,,exact,
ΔΗΜΟΣ,ΠΥΛΗΣ,60,municipality,9113,,exact,
ΔΗΜΟΣ,ΠΥΛΟΥ - ΝΕΣΤΟΡΟΣ,78,municipality,9257,,exact,
ΔΗΜΟΣ,ΠΥΡΓΟΥ,42,municipality,9141,,exact,
ΔΗΜΟΣ,ΠΩΓΩΝΙΟΥ,11,municipality,9087,,exact,
ΔΗΜΟΣ,ΡΑΦΗΝΑΣ - ΠΙΚΕΡΜΙΟΥ,41,municipality,9224,,exact,
ΔΗΜΟΣ,ΡΕΘΥΜΝΗΣ,95,municipality,9318,,exact,
ΔΗΜΟΣ,ΡΗΓΑ ΦΕΡΑΙΟΥ,5,municipality,9108,,manual,name variant or Kleisthenis→Kallikratis parent
ΔΗΜΟΣ,ΡΟΔΟΥ,36,municipality,9296,,exact,
ΔΗΜΟΣ,ΣΑΛΑΜΙΝΑΣ,19,municipality,9211,,exact,
ΔΗΜΟΣ,ΣΑΜΗΣ,10,municipality,9120,,manual,name variant or Kleisthenis→Kallikratis parent
ΔΗΜΟΣ,ΣΑΜΟΘΡΑΚΗΣ,20,municipality,9009,,exact,
ΔΗΜΟΣ,ΣΑΡΩΝΙΚΟΥ,29,municipality,9225,,exact,
ΔΗΜΟΣ,ΣΕΡΒΙΩΝ,12,municipality,9069,,manual,name variant or Kleisthenis→Kallikratis parent
ΔΗΜΟΣ,ΣΕΡΙΦΟΥ,1,municipality,9288,,exact,
ΔΗΜΟΣ,ΣΕΡΡΩΝ,19,municipality,9054,,exact,
ΔΗΜΟΣ,ΣΗΤΕΙΑΣ,10,municipality,9313,,exact,
ΔΗΜΟΣ,ΣΙΘΩΝΙΑΣ,17,municipality,9060,,exact,
ΔΗΜΟΣ,ΣΙΚΙΝΟΥ,2,municipality,9272,,exact,
ΔΗΜΟΣ,ΣΙΚΥΩΝΙΩΝ,11,municipality,9247,,exact,
ΔΗΜΟΣ,ΣΙΝΤΙΚΗΣ,23,municipality,9055,,exact,
ΔΗΜΟΣ,ΣΙΦΝΟΥ,4,municipality,9289,,exact,
ΔΗΜΟΣ,ΣΚΙΑΘΟΥ,2,municipality,9110,,exact,
ΔΗΜΟΣ,ΣΚΟΠΕΛΟΥ,21,municipality,9111,,exact,
ΔΗΜΟΣ,ΣΚΥΔΡΑΣ,5,municipality,9045,,exact,
ΔΗΜΟΣ,ΣΚΥΡΟΥ,15,municipality,9154,,exact,
ΔΗΜΟΣ,ΣΟΥΛΙΟΥ,7,municipality,9078,,exact,
ΔΗΜΟΣ,ΣΟΥΦΛΙΟΥ,132,municipality,9010,,exact,
ΔΗΜΟΣ,ΣΟΦΑΔΩΝ,26,municipality,9096,,exact,
ΔΗΜΟΣ,ΣΠΑΡΤΗΣ,11,municipality,9252,,exact,
ΔΗΜΟΣ,ΣΠΑΤΩΝ - ΑΡΤΕΜΙΔΟΣ,18,municipality,9226,,exact,
ΔΗΜΟΣ,ΣΠΕΤΣΩΝ,21,municipality,9212,,exact,
ΔΗΜΟΣ,ΣΤΥΛΙΔΑΣ,8,municipality,9164,,exact,
ΔΗΜΟΣ,ΣΥΜΗΣ,5,municipality,9297,,exact,
ΔΗΜΟΣ,ΣΥΡΟΥ - ΕΡΜΟΥΠΟΛΗΣ,16,municipality,9300,,exact,
ΔΗΜΟΣ,ΣΦΑΚΙΩΝ,4,municipality,9324,,exact,
ΔΗΜΟΣ,ΤΑΝΑΓΡΑΣ,2,municipality,9147,,exact,
ΔΗΜΟΣ,ΤΕΜΠΩΝ,65,municipality,9101,,exact,
ΔΗΜΟΣ,ΤΗΝΟΥ,2,municipality,9301,,exact,
ΔΗΜΟΣ,ΤΡΙΚΚΑΙΩΝ,11,municipality,9114,,exact,
ΔΗΜΟΣ,ΤΡΙΠΟΛΗΣ,39,municipality,9241,,exact,
ΔΗΜΟΣ,ΤΡΙΦΥΛΙΑΣ,21,municipality,9258,,exact,
ΔΗΜΟΣ,ΤΡΟΙΖΗΝΙΑΣ - ΜΕΘΑΝΩΝ,4,municipality,9213,,manual,name variant or Kleisthenis→Kallikratis parent
ΔΗΜΟΣ,ΤΥΡΝΑΒΟΥ,3,municipality,9102,,exact,
ΔΗΜΟΣ,ΥΔΡΑΣ,31,municipality,9214,,exact,
ΔΗΜΟΣ,ΦΑΙΣΤΟΥ,18,municipality,9308,,exact,
ΔΗΜΟΣ,ΦΑΡΚΑΔΟΝΑΣ,4,municipality,9115,,exact,
ΔΗΜΟΣ,ΦΑΡΣΑΛΩΝ,23,municipality,9103,,exact,
ΔΗΜΟΣ,ΦΙΛΙΑΤΩΝ,22,municipality,9079,,exact,
ΔΗΜΟΣ,ΦΙΛΟΘΕΗΣ - ΨΥΧΙΚΟΥ,2,municipality,9177,,exact,
ΔΗΜΟΣ,ΦΛΩΡΙΝΑΣ,15,municipality,9072,,exact,
ΔΗΜΟΣ,ΦΟΛΕΓΑΝΔΡΟΥ,5,municipality,9273,,exact,
ΔΗΜΟΣ,ΦΟΥΡΝΩΝ ΚΟΡΣΕΩΝ,16,municipality,9260,,exact,
ΔΗΜΟΣ,ΦΥΛΗΣ,4,municipality,9232,,exact,
ΔΗΜΟΣ,ΧΑΙΔΑΡΙΟΥ,2,municipality,9185,,exact,
ΔΗΜΟΣ,ΧΑΛΑΝΔΡΙΟΥ,6,municipality,9178,,exact,
ΔΗΜΟΣ,ΧΑΛΚΗΔΟΝΟΣ,16,municipality,9038,,exact,
ΔΗΜΟΣ,ΧΑΛΚΗΣ,1,municipality,9299,,exact,
ΔΗΜΟΣ,ΧΑΛΚΙΔΕΩΝ,2,municipality,9155,,exact,
ΔΗΜΟΣ,ΧΑΝΙΩΝ,20,municipality,9325,,exact,
ΔΗΜΟΣ,ΧΕΡΣΟΝΗΣΟΥ,25,municipality,9309,,exact,
ΔΗΜΟΣ,ΧΙΟΥ,370,municipality,9266,,exact,
ΔΗΜΟΣ,ΨΑΡΩΝ,5,municipality,9267,,exact,
ΔΗΜΟΣ,ΩΡΑΙΟΚΑΣΤΡΟΥ,71,municipality,9039,,exact,
ΔΗΜΟΣ,ΩΡΩΠΟΥ,27,municipality,9227,,exact,
ΔΗΜΟΤΙΚΗ ΕΠΙΧΕΙΡΗΣΗ,ΥΔΡΕΥΣΗΣ - ΑΠΟΧΕΤΕΥΣΗΣ ΔΡΑΜΑΣ,1,municipality,9002,,manual,subsidiary of municipality 9002
ΔΗΜΟΤΙΚΗ ΕΠΙΧΕΙΡΗΣΗ,ΥΔΡΕΥΣΗΣ ΑΠΟΧΕΤΕΥΣΗΣ (Δ.Ε.Υ.Α.) ΚΑΒΑΛΑΣ,8,municipality,9012,,manual,subsidiary of municipality 9012
ΔΗΜΟΤΙΚΗ ΕΠΙΧΕΙΡΗΣΗ,ΥΔΡΕΥΣΗΣ ΑΠΟΧΕΤΕΥΣΗΣ ΠΑΓΓΑΙΟΥ,7,municipality,9014,,manual,subsidiary of municipality 9014
ΔΗΜΟΤΙΚΗ ΕΠΙΧΕΙΡΗΣΗ,ΥΔΡΕΥΣΗΣ ΑΠΟΧΕΤΕΥΣΗΣ ΠΑΤΡΑΣ ΔΕΥΑΠ,3,municipality,9134,,manual,subsidiary of municipality 9134
ΔΗΜΟΤΙΚΗ ΕΠΙΧΕΙΡΗΣΗ,ΥΔΡΕΥΣΗΣ ΑΠΟΧΕΤΕΥΣΗΣ ΧΑΝΙΩΝ,10,municipality,9325,,manual,subsidiary of municipality 9325
ΔΗΜΟΤΙΚΟ ΒΡΕΦΟΚΟΜΕΙΟ,ΑΘΗΝΩΝ,50,municipality,9186,,manual,subsidiary of municipality 9186
ΔΗΜΟΤΙΚΟ ΛΙΜΕΝΙΚΟ ΤΑΜΕΙΟ,ΒΟΡΕΙΑΣ ΚΥΝΟΥΡΙΑΣ,3,municipality,9237,,manual,subsidiary of municipality 9237
ΔΗΜΟΤΙΚΟ ΛΙΜΕΝΙΚΟ ΤΑΜΕΙΟ,ΝΑΥΠΛΙΟΥ,1,municipality,9236,,manual,subsidiary of municipality 9236
ΔΗΜΟΤΙΚΟ ΛΙΜΕΝΙΚΟ ΤΑΜΕΙΟ,ΝΕΑΣ ΠΡΟΠΟΝΤΙΔΑΣ,1,municipality,9058,,manual,subsidiary of municipality 9058
ΔΗΜΟΤΙΚΟ ΛΙΜΕΝΙΚΟ ΤΑΜΕΙΟ,ΠΡΕΒΕΖΑΣ,1,municipality,9090,,manual,subsidiary of municipality 9090
ΔΗΜΟΤΙΚΟ ΠΕΡΙΦΕΡΕΙΑΚΟ ΘΕΑΤΡΟ,ΚΑΒΑΛΑΣ-ΔΗ.ΠΕ.ΘΕ. ΚΑΒΑΛΑΣ,1,municipality,9012,,manual,subsidiary of municipality 9012
ΔΗΜΟΤΙΚΟ ΠΕΡΙΦΕΡΕΙΑΚΟ ΘΕΑΤΡΟ,ΚΕΡΚΥΡΑΣ ΔΗ.ΠΕ.ΘΕ.Κ.,4,municipality,9118,,manual,subsidiary of municipality 9118
ΚΕΝΤΡΟ ΚΟΙΝΩΝΙΚΗΣ ΠΡΟΝΟΙΑΣ ΠΕΡΙΦΕΡΕΙΑΣ,ΑΤΤΙΚΗΣ,9,region,,,exact,
ΚΕΝΤΡΟ ΚΟΙΝΩΝΙΚΗΣ ΠΡΟΝΟΙΑΣ ΠΕΡΙΦΕΡΕΙΑΣ,ΚΕΝΤΡΙΚΗΣ ΜΑΚΕΔΟΝΙΑΣ,27,region,,,exact,
ΚΕΝΤΡΟ ΚΟΙΝΩΝΙΚΗΣ ΠΡΟΝΟΙΑΣ ΠΕΡΙΦΕΡΕΙΑΣ,ΚΡΗΤΗΣ,6,region,,,exact,
ΠΕΡΙΦΕΡΕΙΑ,ΑΝΑΤΟΛΙΚΗΣ ΜΑΚΕΔΟΝΙΑΣ & ΘΡΑΚΗΣ (ΠΑΛΑΙΑ ΚΡΑΤΙΚΗ),1,region,,ΑΝΑΤΟΛΙΚΗΣ ΜΑΚΕΔΟΝΙΑΣ & ΘΡΑΚΗΣ (ΠΑΛΑΙΑ ΚΡΑΤΙΚΗ),exact,
ΠΕΡΙΦΕΡΕΙΑ,ΑΝΑΤΟΛΙΚΗΣ ΜΑΚΕΔΟΝΙΑΣ - ΘΡΑΚΗΣ,280,region,,ΑΝΑΤΟΛΙΚΗΣ ΜΑΚΕΔΟΝΙΑΣ - ΘΡΑΚΗΣ,exact,
ΠΕΡΙΦΕΡΕΙΑ,ΑΤΤΙΚΗΣ,47,region,,ΑΤΤΙΚΗΣ,exact,
ΠΕΡΙΦΕΡΕΙΑ,ΒΟΡΕΙΟΥ ΑΙΓΑΙΟΥ,51,region,,ΒΟΡΕΙΟΥ ΑΙΓΑΙΟΥ,exact,
ΠΕΡΙΦΕΡΕΙΑ,ΔΥΤΙΚΗΣ ΕΛΛΑΔΑΣ,566,region,,ΔΥΤΙΚΗΣ ΕΛΛΑΔΑΣ,exact,
ΠΕΡΙΦΕΡΕΙΑ,ΔΥΤΙΚΗΣ ΕΛΛΑΔΑΣ (ΠΑΛΑΙΑ ΚΡΑΤΙΚΗ),1,region,,ΔΥΤΙΚΗΣ ΕΛΛΑΔΑΣ (ΠΑΛΑΙΑ ΚΡΑΤΙΚΗ),exact,
ΠΕΡΙΦΕΡΕΙΑ,ΔΥΤΙΚΗΣ ΜΑΚΕΔΟΝΙΑΣ,55,region,,ΔΥΤΙΚΗΣ ΜΑΚΕΔΟΝΙΑΣ,exact,
ΠΕΡΙΦΕΡΕΙΑ,ΗΠΕΙΡΟΥ,145,region,,ΗΠΕΙΡΟΥ,exact,
ΠΕΡΙΦΕΡΕΙΑ,ΘΕΣΣΑΛΙΑΣ,32,region,,ΘΕΣΣΑΛΙΑΣ,exact,
ΠΕΡΙΦΕΡΕΙΑ,ΘΕΣΣΑΛΙΑΣ (ΠΑΛΑΙΑ ΚΡΑΤΙΚΗ),1,region,,ΘΕΣΣΑΛΙΑΣ (ΠΑΛΑΙΑ ΚΡΑΤΙΚΗ),exact,
ΠΕΡΙΦΕΡΕΙΑ,ΙΟΝΙΩΝ ΝΗΣΩΝ,236,region,,ΙΟΝΙΩΝ ΝΗΣΩΝ,exact,
ΠΕΡΙΦΕΡΕΙΑ,ΚΕΝΤΡΙΚΗΣ ΜΑΚΕΔΟΝΙΑΣ,179,region,,ΚΕΝΤΡΙΚΗΣ ΜΑΚΕΔΟΝΙΑΣ,exact,
ΠΕΡΙΦΕΡΕΙΑ,ΚΕΝΤΡΙΚΗΣ ΜΑΚΕΔΟΝΙΑΣ (ΠΑΛΑΙΑ ΚΡΑΤΙΚΗ),6,region,,ΚΕΝΤΡΙΚΗΣ ΜΑΚΕΔΟΝΙΑΣ (ΠΑΛΑΙΑ ΚΡΑΤΙΚΗ),exact,
ΠΕΡΙΦΕΡΕΙΑ,ΚΡΗΤΗΣ,29,region,,ΚΡΗΤΗΣ,exact,
ΠΕΡΙΦΕΡΕΙΑ,ΝΟΤΙΟΥ ΑΙΓΑΙΟΥ,85,region,,ΝΟΤΙΟΥ ΑΙΓΑΙΟΥ,exact,
ΠΕΡΙΦΕΡΕΙΑ,ΠΕΛΟΠΟΝΝΗΣΟΥ,103,region,,ΠΕΛΟΠΟΝΝΗΣΟΥ,exact,
ΠΕΡΙΦΕΡΕΙΑ,ΠΕΛΟΠΟΝΝΗΣΟΥ (ΠΑΛΑΙΑ ΚΡΑΤΙΚΗ),4,region,,ΠΕΛΟΠΟΝΝΗΣΟΥ (ΠΑΛΑΙΑ ΚΡΑΤΙΚΗ),exact,
ΠΕΡΙΦΕΡΕΙΑ,ΣΤΕΡΕΑΣ ΕΛΛΑΔΑΣ,140,region,,ΣΤΕΡΕΑΣ ΕΛΛΑΔΑΣ,exact,
ΠΕΡΙΦΕΡΕΙΑ,ΣΤΕΡΕΑΣ ΕΛΛΑΔΑΣ (ΠΑΛΑΙΑ ΚΡΑΤΙΚΗ),1,region,,ΣΤΕΡΕΑΣ ΕΛΛΑΔΑΣ (ΠΑΛΑΙΑ ΚΡΑΤΙΚΗ),exact,
ΠΕΡΙΦΕΡΕΙΑΚΟ ΤΑΜΕΙΟ ΑΝΑΠΤΥΞΗΣ,ΚΕΝΤΡΙΚΗΣ ΜΑΚΕΔΟΝΙΑΣ,52,region,,,exact,
ΠΕΡΙΦΕΡΕΙΑΚΟ ΤΑΜΕΙΟ ΑΝΑΠΤΥΞΗΣ,ΠΕΡΙΦΕΡΕΙΑΣ ΑΝΑΤΟΛΙΚΗΣ ΜΑΚΕΔΟΝΙΑΣ ΘΡΑΚΗΣ,2,region,,,exact,
ΠΕΡΙΦΕΡΕΙΑΚΟ ΤΑΜΕΙΟ ΑΝΑΠΤΥΞΗΣ,ΠΕΡΙΦΕΡΕΙΑΣ ΑΤΤΙΚΗΣ,8,region,,,exact,
ΠΕΡΙΦΕΡΕΙΑΚΟ ΤΑΜΕΙΟ ΑΝΑΠΤΥΞΗΣ,ΠΕΡΙΦΕΡΕΙΑΣ ΒΟΡΕΙΟΥ ΑΙΓΑΙΟΥ,10,region,,,exact,
ΠΕΡΙΦΕΡΕΙΑΚΟ ΤΑΜΕΙΟ ΑΝΑΠΤΥΞΗΣ,ΠΕΡΙΦΕΡΕΙΑΣ ΔΥΤΙΚΗΣ ΕΛΛΑΔΑΣ,89,region,,,exact,
ΠΕΡΙΦΕΡΕΙΑΚΟ ΤΑΜΕΙΟ ΑΝΑΠΤΥΞΗΣ,ΠΕΡΙΦΕΡΕΙΑΣ ΔΥΤΙΚΗΣ ΜΑΚΕΔΟΝΙΑΣ,2,region,,,exact,
ΠΕΡΙΦΕΡΕΙΑΚΟ ΤΑΜΕΙΟ ΑΝΑΠΤΥΞΗΣ,ΠΕΡΙΦΕΡΕΙΑΣ ΘΕΣΣΑΛΙΑΣ,5,region,,,exact,
ΠΕΡΙΦΕΡΕΙΑΚΟ ΤΑΜΕΙΟ ΑΝΑΠΤΥΞΗΣ,ΠΕΡΙΦΕΡΕΙΑΣ ΙΟΝΙΩΝ ΝΗΣΩΝ,16,region,,,exact,
ΠΕΡΙΦΕΡΕΙΑΚΟ ΤΑΜΕΙΟ ΑΝΑΠΤΥΞΗΣ,ΠΕΡΙΦΕΡΕΙΑΣ ΝΟΤΙΟΥ ΑΙΓΑΙΟΥ,2,region,,,exact,
ΠΕΡΙΦΕΡΕΙΑΚΟ ΤΑΜΕΙΟ ΑΝΑΠΤΥΞΗΣ,ΠΕΡΙΦΕΡΕΙΑΣ ΠΕΛΟΠΟΝΝΗΣΟΥ,33,region,,,exact,
ΠΕΡΙΦΕΡΕΙΑΚΟ ΤΑΜΕΙΟ ΑΝΑΠΤΥΞΗΣ,ΣΤΕΡΕΑΣ ΕΛΛΑΔΑΣ,160,region,,,exact,
ΣΥΝΔΕΣΜΟΣ ΔΗΜΩΝ,ΠΡΟΣΤΑΣΙΑ ΚΑΙ ΑΝΑΠΛΑΣΗ ΤΟΥ ΠΕΝΤΕΛΙΚΟΥ (Σ.Π.Α.Π.),154,syndicate,,,exact,
ΣΥΝΔΕΣΜΟΣ ΔΗΜΩΝ,ΠΡΟΣΤΑΣΙΑ ΚΑΙ ΑΝΑΠΛΑΣΗ ΤΩΝ ΤΟΥΡΚΟΒΟΥΝΙΩΝ,20,syndicate,,,exact,
ΣΥΝΔΕΣΜΟΣ ΔΗΜΩΝ,ΠΡΟΣΤΑΣΙΑ ΚΑΙ ΑΝΑΠΤΥΞΗ ΤΗΣ ΠΑΡΝΗΘΑΣ «ΣΥΝ ΠΑ»,5,syndicate,,,exact,
ΥΠΟΥΡΓΕΙΟ,ΑΓΡΟΤΙΚΗΣ ΑΝΑΠΤΥΞΗΣ ΚΑΙ ΤΡΟΦΙΜΩΝ,1,national,,,exact,
ΥΠΟΥΡΓΕΙΟ,ΑΝΑΠΤΥΞΗΣ ΚΑΙ ΕΠΕΝΔΥΣΕΩΝ,12,national,,,exact,
ΥΠΟΥΡΓΕΙΟ,ΔΙΚΑΙΟΣΥΝΗΣ,4,national,,,exact,
ΥΠΟΥΡΓΕΙΟ,ΕΘΝΙΚΗΣ ΑΜΥΝΑΣ,298,national,,,exact,
ΥΠΟΥΡΓΕΙΟ,ΕΡΓΑΣΙΑΣ ΚΑΙ ΚΟΙΝΩΝΙΚΩΝ ΥΠΟΘΕΣΕΩΝ,1,national,,,exact,
ΥΠΟΥΡΓΕΙΟ,ΕΣΩΤΕΡΙΚΩΝ,25,national,,,exact,
ΥΠΟΥΡΓΕΙΟ,ΚΛΙΜΑΤΙΚΗΣ ΚΡΙΣΗΣ ΚΑΙ ΠΟΛΙΤΙΚΗΣ ΠΡΟΣΤΑΣΙΑΣ,112,national,,,exact,
ΥΠΟΥΡΓΕΙΟ,ΜΕΤΑΝΑΣΤΕΥΣΗΣ ΚΑΙ ΑΣΥΛΟΥ,12,national,,,exact,
ΥΠΟΥΡΓΕΙΟ,ΝΑΥΤΙΛΙΑΣ ΚΑΙ ΝΗΣΙΩΤΙΚΗΣ ΠΟΛΙΤΙΚΗΣ,3,national,,,exact,
ΥΠΟΥΡΓΕΙΟ,ΟΙΚΟΝΟΜΙΑΣ ΚΑΙ ΑΝΑΠΤΥΞΗΣ,17,national,,,exact,
ΥΠΟΥΡΓΕΙΟ,"ΟΙΚΟΝΟΜΙΑΣ, ΑΝΑΠΤΥΞΗΣ ΚΑΙ ΤΟΥΡΙΣΜΟΥ",3,national,,,exact,
ΥΠΟΥΡΓΕΙΟ,"ΟΙΚΟΝΟΜΙΑΣ, ΥΠΟΔΟΜΩΝ, ΝΑΥΤΙΛΙΑΣ ΚΑΙ ΤΟΥΡΙΣΜΟΥ",5,national,,,exact,
ΥΠΟΥΡΓΕΙΟ,ΟΙΚΟΝΟΜΙΚΩΝ,24,national,,,exact,
ΥΠΟΥΡΓΕΙΟ,ΠΑΙΔΕΙΑΣ ΚΑΙ ΘΡΗΣΚΕΥΜΑΤΩΝ,4,national,,,exact,
ΥΠΟΥΡΓΕΙΟ,"ΠΑΙΔΕΙΑΣ, ΘΡΗΣΚΕΥΜΑΤΩΝ ΚΑΙ ΑΘΛΗΤΙΣΜΟΥ",20,national,,,exact,
ΥΠΟΥΡΓΕΙΟ,"ΠΑΡΑΓΩΓΙΚΗΣ ΑΝΑΣΥΓΚΡΟΤΗΣΗΣ, ΠΕΡΙΒΑΛΛΟΝΤΟΣ ΚΑΙ ΕΝΕΡΓΕΙΑΣ",21,national,,,exact,
ΥΠΟΥΡΓΕΙΟ,ΠΕΡΙΒΑΛΛΟΝΤΟΣ ΚΑΙ ΕΝΕΡΓΕΙΑΣ,4550,national,,,exact,
ΥΠΟΥΡΓΕΙΟ,ΠΟΛΙΤΙΣΜΟΥ,53,national,,,exact,
ΥΠΟΥΡΓΕΙΟ,ΠΟΛΙΤΙΣΜΟΥ ΚΑΙ ΑΘΛΗΤΙΣΜΟΥ,29,national,,,exact,
ΥΠΟΥΡΓΕΙΟ,ΠΡΟΣΤΑΣΙΑΣ ΤΟΥ ΠΟΛΙΤΗ,73,national,,,exact,
ΥΠΟΥΡΓΕΙΟ,ΤΟΥΡΙΣΜΟΥ,9,national,,,exact,
ΥΠΟΥΡΓΕΙΟ,ΥΠΟΔΟΜΩΝ ΚΑΙ ΜΕΤΑΦΟΡΩΝ,27,national,,,exact,
