run_started_at_utc,reference_number,organization_value,title,status,inserted_rows,error_message
2026-03-08T20:05:19.067857+00:00,26SYMV018318646,ΔΗΜΟΣ ΑΜΟΡΓΟΥ,ΣΥΜΒΑΣΗ ΠΑΡΟΧΗΣ ΥΠΗΡΕΣΙΩΝ ΔΑΣΟΛΟΓΟΥ,no_findings,0,
2026-03-08T20:05:19.067857+00:00,26SYMV018330774,ΔΗΜΟΣ ΔΡΑΜΑΣ,ΣΥΜΦΩΝΗΤΙΚΟ -ΤΜΗΜΑ ΣΤ. ΕΡΓΑΣΙΕΣ ΚΟΠΗΣ ΠΑΡΟΔΙΑΣ ΒΛΑΣΤΗΣΗΣ ME ΚΑΤΑΛΛΗΛΟ ΜΗΧΑΝΗΜΑ ΕΡΓΟΥ ΦΟΡΤΩΤΗ ΕΚΣΚΑΦΕ,success,1,
2026-03-08T20:05:19.067857+00:00,26SYMV018338969,ΔΗΜΟΣ ΠΑΙΟΝΙΑΣ,"ΠΡΟΜΗΘΕΙΑΣ ΕΞΟΠΛΙΣΜΟΥ ΓΙΑ ΤΗΝ ΑΝΑΒΑΘΜΙΣΗ ΤΩΝ ΙΚΑΝΟΤΗΤΩΝ ΠΑΡΑΚΟΛΟΥΘΗΣΗΣ, ΠΡΟΛΗΨΗΣ ΚΑΙ ΑΝΤΑΠΟΚΡΙΣΗΣ ΕΝ",no_findings,0,
2026-03-08T20:05:19.067857+00:00,26SYMV018350351,ΠΕΡΙΦΕΡΕΙΑ ΘΕΣΣΑΛΙΑΣ,ΣΥΜΒΑΣΗ ΜΙΣΘΩΣΗΣ ΜΗΧΑΝΗΜΑΤΩΝ ΕΡΓΩΝ ΚΑΙ ΑΝΑΘΕΣΗ ΕΚΤΕΛΕΣΗΣ ΕΡΓΑΣΙΩΝ «ΔΡΑΣΕΙΣ ΠΡΟΛΗΨΗΣ ΚΑΙ ΔΙΑΧΕΙΡΙΣΗΣ,no_findings,0,
2026-03-08T20:05:19.067857+00:00,26SYMV018350408,ΠΕΡΙΦΕΡΕΙΑ ΘΕΣΣΑΛΙΑΣ,ΣΥΜΒΑΣΗ ΜΙΣΘΩΣΗΣ ΜΗΧΑΝΗΜΑΤΩΝ ΕΡΓΩΝ ΚΑΙ ΑΝΑΘΕΣΗ ΕΚΤΕΛΕΣΗΣ ΕΡΓΑΣΙΩΝ «ΔΡΑΣΕΙΣ ΠΡΟΛΗΨΗΣ ΚΑΙ ΔΙΑΧΕΙΡΙΣΗΣ,no_findings,0,
2026-03-08T20:05:19.067857+00:00,26SYMV018363393,ΔΗΜΟΣ ΑΜΥΝΤΑΙΟΥ,Προμήθεια εξοπλισμού για την υλοποίηση των μέτρων πυροπροστασίας του Παιδικού Σταθμού ΔΚ Φιλώτα του,success,1,
2026-03-08T20:05:19.067857+00:00,26SYMV018396529,ΠΕΡΙΦΕΡΕΙΑ ΑΤΤΙΚΗΣ,"Σύμβαση για τη διάθεση αντλητικών στη ΔΙΔΙΜΥ, από 26-01-2026",no_findings,0,
2026-03-08T20:05:19.067857+00:00,26SYMV018399948,ΠΕΡΙΦΕΡΕΙΑ ΑΤΤΙΚΗΣ,Διάθεση αντλητικών συγκροτημάτων στη ΔΙΔΙΜΥ και στη ΔΤΕ ΠΕΔΑ από 21.01.2026,no_findings,0,
2026-03-08T20:05:19.067857+00:00,26SYMV018400084,ΠΕΡΙΦΕΡΕΙΑ ΑΤΤΙΚΗΣ,Διάθεση αντλητικών στη ΔΙΔΙΜΥ και στη ΔΤΕ ΠΕΔΑ από 21-01-2026,no_findings,0,
2026-03-08T20:05:19.067857+00:00,26SYMV018400235,ΠΕΡΙΦΕΡΕΙΑ ΑΤΤΙΚΗΣ,Διάθεση αντλητικών από 21-01-2026,no_findings,0,
2026-03-08T20:05:19.067857+00:00,26SYMV018433247,ΠΕΡΙΦΕΡΕΙΑ ΑΤΤΙΚΗΣ,Σύμβαση για διάθεση Μ.Ε και αντλητικών για συνδρομή της ΔΙΔΙΜΥ από 21.01.2026,no_findings,0,
2026-03-08T20:05:19.067857+00:00,26SYMV018433885,ΠΕΡΙΦΕΡΕΙΑ ΑΤΤΙΚΗΣ,Σύμβαση για διάθεση Μ.Ε και αντλητικών για την ΔΙΔΙΜΥ από 21.01.2026,no_findings,0,
2026-03-08T20:05:19.067857+00:00,26SYMV018434824,ΠΕΡΙΦΕΡΕΙΑ ΑΤΤΙΚΗΣ,Σύμβαση για διάθεση Μ.Ε και αντλητικών για την ΔΙΔΙΜΥ από 26.01.2026,no_findings,0,
2026-03-08T20:05:19.067857+00:00,26SYMV018434961,ΠΕΡΙΦΕΡΕΙΑ ΑΤΤΙΚΗΣ,Σύμβαση για διάθεση Μ.Ε και αντλητικών για συνδρομή της ΔΙΔΙΜΥ από 26.01.2026,no_findings,0,
2026-03-08T20:05:19.067857+00:00,26SYMV018473491,ΔΗΜΟΣ ΛΑΓΚΑΔΑ,ΠΡΟΜΗΘΕΙΑΣ ΕΝΟΣ   ΠΥΡΟΣΒΕΣΤΙΚΟΥ ΕΞΟΠΛΙΣΜΟΥ -ΤΜΗΜΑ  3,no_findings,0,
2026-03-08T20:05:19.067857+00:00,26SYMV018491493,ΔΗΜΟΣ ΛΑΓΚΑΔΑ,"ΠΡΟΜΗΘΕΙΑΣ ΕΝΟΣ (1) ΒΥΤΙΟΦΟΡΟΥ ΟΧΗΜΑΤΟΣ,  ΣΤΟ ΔΗΜΟ ΛΑΓΚΑΔΑ- ΤΜΗΜΑ 1",no_findings,0,
2026-03-08T20:05:19.067857+00:00,26SYMV018542676,ΔΗΜΟΣ ΚΟΖΑΝΗΣ,ΕΡΓΑΣΙΕΣ ΕΝΟΨΕΙ ΤΗΣ ΑΝΤΙΠΥΡΙΚΗΣ ΠΕΡΙΟΔΟΥ (ΕΡΓΑΣΙΕΣ ΔΙΑΧΕΙΡΙΣΗΣ ΒΛΑΣΤΗΣΗΣ ΠΑΡΚΟΥ ΟΣΕ ΣΤΟ ΠΛΑΙΣΙΟ ΠΥΡΟ,success,1,
2026-03-08T20:05:19.067857+00:00,26SYMV018552231,ΔΗΜΟΣ ΠΑΥΛΟΥ ΜΕΛΑ,- Τμήμα 3:  «Συγκρότημα Επί Οχήματος Πολλαπλών Χρήσεων Πυρόσβεσης για όχημα (UNIMOG),no_findings,0,
2026-03-08T20:05:19.067857+00:00,26SYMV018567504,ΔΗΜΟΣ ΝΟΤΙΟΥ ΠΗΛΙΟΥ,ΔΗΜΙΟΥΡΓΙΑ ΠΕΡΙΜΕΤΡΙΚΩΝ ΑΝΤΙΠΥΡΙΚΩΝ ΖΩΝΩΝ ΜΕΣΟΥ ΠΛΑΤΟΥΣ 10 ΜΕΤΡΩΝ ΠΕΡΙΞ ΟΙΚΙΣΜΩΝ ΕΝΤΟΣ Η΄ ΠΛΗΣΙΟΝ ΔΑ,success,1,
2026-03-08T20:05:19.067857+00:00,26SYMV018568598,ΠΕΡΙΦΕΡΕΙΑ ΔΥΤΙΚΗΣ ΜΑΚΕΔΟΝΙΑΣ,Σύμβαση για την Προμήθεια απαραίτητου εξοπλισμού για τις ανάγκες των Πυροσβεστικών Υπηρεσιών του Νομ,no_findings,0,
2026-03-08T20:05:19.067857+00:00,26SYMV018574038,ΠΕΡΙΦΕΡΕΙΑ ΒΟΡΕΙΟΥ ΑΙΓΑΙΟΥ,ΣΥΜΒΑΣΗ ΕΚΤΕΛΕΣΗΣ ΕΡΓΑΣΙΩΝ ΓΙΑ ΤΗΝ ΑΝΤΙΜΕΤΩΠΙΣΗ ΚΑΤΑΣΤΑΣΗΣ ΕΚΤΑΚΤΗΣ ΑΝΑΓΚΗΣ ΠΟΛΙΤΙΚΗΣ ΠΡΟΣΤΑΣΙΑΣ ΠΕΧ,no_findings,0,
2026-03-08T20:05:19.067857+00:00,26SYMV018574412,ΠΕΡΙΦΕΡΕΙΑ ΒΟΡΕΙΟΥ ΑΙΓΑΙΟΥ,ΣΥΜΒΑΣΗ ΕΚΤΕΛΕΣΗΣ ΕΡΓΑΣΙΩΝ ΓΙΑ ΤΗΝ ΑΝΤΙΜΕΤΩΠΙΣΗ ΚΑΤΑΣΤΑΣΗΣ ΕΚΤΑΚΤΗΣ ΑΝΑΓΚΗΣ ΠΟΛΙΤΙΚΗΣ ΠΡΟΣΤΑΣΙΑΣ ΠΕΧ,no_findings,0,
2026-03-08T20:05:19.067857+00:00,26SYMV018575101,ΔΗΜΟΣ ΠΑΡΑΝΕΣΤΙΟΥ,ΕΡΓΑΣΙΕΣ ΚΑΘΑΡΙΣΜΟΥ ΠΡΑΣΙΝΟΥ ΔΗΜΟΤΙΚΗΣ ΕΝΟΤΗΤΑΣ ΝΙΚΗΦΟΡΟΥ-ΔΗΜΟΤΙΚΕΣ ΚΟΙΝΟΤΗΤΕΣ ΠΥΞΑΡΙΟΥ – ΠΛΑΤΑΝΟΒΡΥ,success,1,
2026-03-08T20:05:19.067857+00:00,26SYMV018576564,ΔΗΜΟΣ ΠΑΡΑΝΕΣΤΙΟΥ,ΕΡΓΑΣΙΕΣ ΚΑΘΑΡΙΣΜΟΥ ΠΡΑΣΙΝΟΥ ΔΗΜΟΤΙΚΗΣ ΕΝΟΤΗΤΑΣ ΝΙΚΗΦΟΡΟΥ-ΔΗΜΟΤΙΚΗ ΚΟΙΝΟΤΗΤΑ ΝΙΚΗΦΟΡΟ,success,3,
2026-03-08T20:05:19.067857+00:00,26SYMV018592859,ΠΕΡΙΦΕΡΕΙΑ ΔΥΤΙΚΗΣ ΜΑΚΕΔΟΝΙΑΣ,Σύμβαση για την Προμήθεια διασωστικού εξοπλισμού για τις ανάγκες της Πυροσβεστικής Ακαδημίας – Σχολή,no_findings,0,
2026-03-09T14:51:50.221672+00:00,26SYMV018527676,ΠΕΡΙΦΕΡΕΙΑ ΒΟΡΕΙΟΥ ΑΙΓΑΙΟΥ,ΣΥΜΒΑΣΗ ΕΚΤΕΛΕΣΗΣ ΕΡΓΑΣΙΩΝ ΓΙΑ ΤΗΝ ΑΝΤΙΜΕΤΩΠΙΣΗ ΚΑΤΑΣΤΑΣΗΣ ΕΚΤΑΚΤΗΣ ΑΝΑΓΚΗΣ ΠΟΛΙΤΙΚΗΣ ΠΡΟΣΤΑΣΙΑΣ ΠΕΧ,no_findings,0,
2026-03-09T14:51:50.221672+00:00,26SYMV018528147,ΠΕΡΙΦΕΡΕΙΑ ΒΟΡΕΙΟΥ ΑΙΓΑΙΟΥ,ΣΥΜΒΑΣΗ ΕΚΤΕΛΕΣΗΣ ΕΡΓΑΣΙΩΝ ΓΙΑ ΤΗΝ ΑΝΤΙΜΕΤΩΠΙΣΗ ΚΑΤΑΣΤΑΣΗΣ ΕΚΤΑΚΤΗΣ ΑΝΑΓΚΗΣ ΠΟΛΙΤΙΚΗΣ ΠΡΟΣΤΑΣΙΑΣ ΠΕΧ,no_findings,0,
2026-03-09T14:51:50.221672+00:00,26SYMV018528335,ΠΕΡΙΦΕΡΕΙΑ ΒΟΡΕΙΟΥ ΑΙΓΑΙΟΥ,ΣΥΜΒΑΣΗ ΕΚΤΕΛΕΣΗΣ ΕΡΓΑΣΙΩΝ ΓΙΑ ΤΗΝ ΑΝΤΙΜΕΤΩΠΙΣΗ ΚΑΤΑΣΤΑΣΗΣ ΕΚΤΑΚΤΗΣ ΑΝΑΓΚΗΣ ΠΟΛΙΤΙΚΗΣ ΠΡΟΣΤΑΣΙΑΣ ΠΕΧ,no_findings,0,
2026-03-10T17:29:13.968081+00:00,26SYMV018350471,ΠΕΡΙΦΕΡΕΙΑ ΘΕΣΣΑΛΙΑΣ,ΣΥΜΒΑΣΗ ΜΙΣΘΩΣΗΣ ΜΗΧΑΝΗΜΑΤΩΝ ΕΡΓΩΝ ΚΑΙ ΑΝΑΘΕΣΗ ΕΚΤΕΛΕΣΗΣ ΕΡΓΑΣΙΩΝ «ΔΡΑΣΕΙΣ ΠΡΟΛΗΨΗΣ ΚΑΙ ΔΙΑΧΕΙΡΙΣΗΣ,error,0,Δεν βρέθηκε το OPENAI_API_KEY στο .env
2026-03-10T17:29:13.968081+00:00,26SYMV018374248,ΠΕΡΙΦΕΡΕΙΑ ΑΤΤΙΚΗΣ,Διάθεση υδροφόρου οχήματος σε συνδρομή του ΠΣ στην αντιμετώπιση πυρκαγιάς από 18.1.26 (CORAL),error,0,Δεν βρέθηκε το OPENAI_API_KEY στο .env
2026-03-10T17:29:13.968081+00:00,26SYMV018374461,ΠΕΡΙΦΕΡΕΙΑ ΑΤΤΙΚΗΣ,Διάθεση υδροφόρου οχήματος σε συνδρομή του ΠΣ στην αντιμετώπιση πυρκαγιάς από 18.1.26 (CORAL),error,0,Δεν βρέθηκε το OPENAI_API_KEY στο .env
2026-03-10T17:29:13.968081+00:00,26SYMV018374617,ΠΕΡΙΦΕΡΕΙΑ ΑΤΤΙΚΗΣ,Διάθεση υδροφόρου οχήματος σε συνδρομή του ΠΣ στην αντιμετώπιση πυρκαγιάς από 18.1.26 (CORAL),error,0,Δεν βρέθηκε το OPENAI_API_KEY στο .env
2026-03-10T17:29:13.968081+00:00,26SYMV018456337,ΑΝΕΞΑΡΤΗΤΟΣ ΔΙΑΧΕΙΡΙΣΤΗΣ ΜΕΤΑΦΟΡΑΣ ΗΛΕΚΤΡΙΚΗΣ ΕΝΕΡΓΕΙΑΣ ΑΔΜΗΕ ΑΕ,ΔΕΑ - 7795261_2026 ΥΠΗΡΕΣΙΑ ΚΟΠΗΣ ΧΑΜΗΛΗΣ ΒΛΑΣΤΗΣΗΣ,error,0,Δεν βρέθηκε το OPENAI_API_KEY στο .env
2026-03-10T17:29:13.968081+00:00,26SYMV018477504,ΠΕΡΙΦΕΡΕΙΑ ΑΤΤΙΚΗΣ,"Σύμβαση για τη διάθεση υδροφόρων οχημάτων στο Πυροσβεστικό Σώμα, από 08-02-2026",error,0,Δεν βρέθηκε το OPENAI_API_KEY στο .env
2026-03-10T17:29:13.968081+00:00,26SYMV018477894,ΠΕΡΙΦΕΡΕΙΑ ΑΤΤΙΚΗΣ,"Σύμβαση για τη διάθεση υδροφόρων οχημάτων στο Πυροσβεστικό Σώμα, από 08-02-2026",error,0,Δεν βρέθηκε το OPENAI_API_KEY στο .env
2026-03-10T17:29:13.968081+00:00,26SYMV018478113,ΠΕΡΙΦΕΡΕΙΑ ΑΤΤΙΚΗΣ,"Σύμβαση για τη διάθεση υδροφόρων οχημάτων στο Πυροσβεστικό Σώμα, από 08-02-2026",error,0,Δεν βρέθηκε το OPENAI_API_KEY στο .env
2026-03-10T17:29:13.968081+00:00,26SYMV018478212,ΠΕΡΙΦΕΡΕΙΑ ΑΤΤΙΚΗΣ,"Σύμβαση για τη διάθεση υδροφόρων οχημάτων στο Πυροσβεστικό Σώμα, από 08-02-2026",error,0,Δεν βρέθηκε το OPENAI_API_KEY στο .env
2026-03-10T17:29:13.968081+00:00,26SYMV018509045,ΠΕΡΙΦΕΡΕΙΑ ΘΕΣΣΑΛΙΑΣ,ΚΛΑΔΕΥΣΗ ΚΑΙ ΚΟΠΗ ΧΟΡΤΩΝ ΠΑΡΑΠΛΕΥΡΩΣ ΤΟΥ ΕΠΑΡΧΙΑΚΟΥ ΟΔΙΚΟΥ ΔΙΚΤΥΟΥ Π.Ε. ΤΡΙΚΑΛΩΝ,error,0,Δεν βρέθηκε το OPENAI_API_KEY στο .env
2026-03-10T17:32:57.351284+00:00,26SYMV018350471,ΠΕΡΙΦΕΡΕΙΑ ΘΕΣΣΑΛΙΑΣ,ΣΥΜΒΑΣΗ ΜΙΣΘΩΣΗΣ ΜΗΧΑΝΗΜΑΤΩΝ ΕΡΓΩΝ ΚΑΙ ΑΝΑΘΕΣΗ ΕΚΤΕΛΕΣΗΣ ΕΡΓΑΣΙΩΝ «ΔΡΑΣΕΙΣ ΠΡΟΛΗΨΗΣ ΚΑΙ ΔΙΑΧΕΙΡΙΣΗΣ,success,1,
2026-03-10T17:32:57.351284+00:00,26SYMV018374248,ΠΕΡΙΦΕΡΕΙΑ ΑΤΤΙΚΗΣ,Διάθεση υδροφόρου οχήματος σε συνδρομή του ΠΣ στην αντιμετώπιση πυρκαγιάς από 18.1.26 (CORAL),success,1,
2026-03-10T17:32:57.351284+00:00,26SYMV018374461,ΠΕΡΙΦΕΡΕΙΑ ΑΤΤΙΚΗΣ,Διάθεση υδροφόρου οχήματος σε συνδρομή του ΠΣ στην αντιμετώπιση πυρκαγιάς από 18.1.26 (CORAL),success,1,
2026-03-10T17:32:57.351284+00:00,26SYMV018374617,ΠΕΡΙΦΕΡΕΙΑ ΑΤΤΙΚΗΣ,Διάθεση υδροφόρου οχήματος σε συνδρομή του ΠΣ στην αντιμετώπιση πυρκαγιάς από 18.1.26 (CORAL),success,1,
2026-03-10T17:32:57.351284+00:00,26SYMV018456337,ΑΝΕΞΑΡΤΗΤΟΣ ΔΙΑΧΕΙΡΙΣΤΗΣ ΜΕΤΑΦΟΡΑΣ ΗΛΕΚΤΡΙΚΗΣ ΕΝΕΡΓΕΙΑΣ ΑΔΜΗΕ ΑΕ,ΔΕΑ - 7795261_2026 ΥΠΗΡΕΣΙΑ ΚΟΠΗΣ ΧΑΜΗΛΗΣ ΒΛΑΣΤΗΣΗΣ,success,1,
2026-03-10T17:32:57.351284+00:00,26SYMV018477504,ΠΕΡΙΦΕΡΕΙΑ ΑΤΤΙΚΗΣ,"Σύμβαση για τη διάθεση υδροφόρων οχημάτων στο Πυροσβεστικό Σώμα, από 08-02-2026",success,1,
2026-03-10T17:32:57.351284+00:00,26SYMV018477894,ΠΕΡΙΦΕΡΕΙΑ ΑΤΤΙΚΗΣ,"Σύμβαση για τη διάθεση υδροφόρων οχημάτων στο Πυροσβεστικό Σώμα, από 08-02-2026",success,1,
2026-03-10T17:32:57.351284+00:00,26SYMV018478113,ΠΕΡΙΦΕΡΕΙΑ ΑΤΤΙΚΗΣ,"Σύμβαση για τη διάθεση υδροφόρων οχημάτων στο Πυροσβεστικό Σώμα, από 08-02-2026",success,1,
2026-03-10T17:32:57.351284+00:00,26SYMV018478212,ΠΕΡΙΦΕΡΕΙΑ ΑΤΤΙΚΗΣ,"Σύμβαση για τη διάθεση υδροφόρων οχημάτων στο Πυροσβεστικό Σώμα, από 08-02-2026",success,1,
2026-03-10T17:32:57.351284+00:00,26SYMV018509045,ΠΕΡΙΦΕΡΕΙΑ ΘΕΣΣΑΛΙΑΣ,ΚΛΑΔΕΥΣΗ ΚΑΙ ΚΟΠΗ ΧΟΡΤΩΝ ΠΑΡΑΠΛΕΥΡΩΣ ΤΟΥ ΕΠΑΡΧΙΑΚΟΥ ΟΔΙΚΟΥ ΔΙΚΤΥΟΥ Π.Ε. ΤΡΙΚΑΛΩΝ,success,1,
2026-03-10T17:49:07.614024+00:00,26SYMV018322128,ΥΠΟΥΡΓΕΙΟ ΥΠΟΔΟΜΩΝ ΚΑΙ ΜΕΤΑΦΟΡΩΝ,ΟΙΚ & ΗΜ εργασίες  Πυροπροστασίας  κτίριο  ΥΠΥΜΕ Βατάτζη 37,no_findings,0,
2026-03-10T17:49:07.614024+00:00,26SYMV018322366,2Η ΔΥΠΕ ΠΕΙΡΑΙΩΣ ΚΑΙ ΑΙΓΑΙΟΥ,Εργασίες αποψίλωσης στην ΠΝΜΨΥΑ για εξι μήνες (Συμβαση 219.25),success,1,
2026-03-10T17:49:07.614024+00:00,26SYMV018337839,ΓΟΡΤΥΝΙΑΣ,"Κοπή κλαδιών-καθαρισμός δρόμων, μονοπατιών Δ.Ε Kοντοβάζαινας, Δ.Ε Τροπαίων, Δ.Ε Κλείτορος  και Δ.Ε Λ",success,1,
2026-03-10T17:49:07.614024+00:00,26SYMV018366520,ΠΕΡΙΣΤΕΡΙΟΥ,Συμφωνητικό για την συντήρηση πρασίνου,success,1,
2026-03-10T17:49:07.614024+00:00,26SYMV018418370,ΥΠΟΥΡΓΕΙΟ ΚΛΙΜΑΤΙΚΗΣ ΚΡΙΣΗΣ ΚΑΙ ΠΟΛΙΤΙΚΗΣ ΠΡΟΣΤΑΣΙΑΣ,Τμήμα 20: «Bυθιζόμενες αποστραγγιστικές φορητές αντλίες (Ηλεκτροκίνητες)»,no_findings,0,
2026-03-10T17:49:07.614024+00:00,26SYMV018421353,ΕΘΝΙΚΟ & ΚΑΠΟΔΙΣΤΡΙΑΚΟ ΠΑΝΕΠΙΣΤΗΜΙΟ ΑΘΗΝΩΝ,05.02 ΕΠΙΣΚΕΥΗ ΚΑΙ ΣΥΝΤΗΡΗΣΗ ΛΟΙΠΟΥ ΕΞΟΠΛΙΣΜΟΥ,success,1,
2026-03-10T17:49:07.614024+00:00,26SYMV018425675,ΕΤΑΙΡΕΙΑ ΥΔΡΕΥΣΗΣ ΑΠΟΧΕΤΕΥΣΗΣ ΘΕΣΣΑΛΟΝΙΚΗΣ (ΕΥΑΘ ΑΕ),"ΠΡΟΜΗΘΕΙΑ, ΤΟΠΟΘΕΤΗΣΗ ΚΑΙ ΕΛΕΓΧΟΣ ΕΓΚΑΤΑΣΤΑΣΗΣ ΣΤΑΘΜΟΥ ΠΥΡΟΠΡΟΣΤΑΣΙΑΣ ΣΤΟ Α/Σ ΥΔΡΕΥΣΗΣ ΣΙΝΔΟΥ",success,1,
2026-03-10T17:49:07.614024+00:00,26SYMV018426410,ΔΗΜΟΤΙΚΗ ΕΠΙΧΕΙΡΗΣΗ ΥΔΡΕΥΣΗΣ ΑΠΟΧΕΤΕΥΣΗΣ (Δ.Ε.Υ.Α.) ΚΑΒΑΛΑΣ,Συμφωνητικό για την «Παροχή υπηρεσιών αντιπυρικών χειρισμών - καθαρισμού βλάστησης στην περιοχή Παλα,success,1,
2026-03-10T17:49:07.614024+00:00,26SYMV018438233,ΙΔΡΥΜΑ ΝΕΟΛΑΙΑΣ ΚΑΙ ΔΙΑ ΒΙΟΥ ΜΑΘΗΣΗΣ,Προμήθεια πυροσβεστικών ερμαρίων στη Φ.Ε. Ιωαννίνων,no_findings,0,
2026-03-10T17:49:07.614024+00:00,26SYMV018445120,ΥΠΟΥΡΓΕΙΟ ΠΕΡΙΒΑΛΛΟΝΤΟΣ ΚΑΙ ΕΝΕΡΓΕΙΑΣ,"1η ΣΥΜΠΛΗΡΩΜΑΤΙΚΗ ΣΥΜΒΑΣΗ ΓΙΑ ΤΗΝ ΕΚΤΕΛΕΣΗ ΤΟΥ ΕΡΓΟΥ ""ΕΡΓΑΣΙΕΣ ΜΕ ΑΝΑΔΑΣΩΣΗ ΜΕ ΜΑΥΡΗ ΠΕΥΚΗ ΣΕ ΠΕΡΙΟΧ",no_findings,0,
2026-03-10T17:49:07.614024+00:00,26SYMV018445503,ΥΠΟΥΡΓΕΙΟ ΠΡΟΣΤΑΣΙΑΣ ΤΟΥ ΠΟΛΙΤΗ,Σύμβαση Νο 24/2026 Προμήθεια Πυροσβεστήρων για τις ανάγκες του Σ.Κ.Τρικάλων,no_findings,0,
2026-03-10T17:49:07.614024+00:00,26SYMV018452997,ΥΠΟΥΡΓΕΙΟ ΠΡΟΣΤΑΣΙΑΣ ΤΟΥ ΠΟΛΙΤΗ,Σύμβαση Νο 24/2026 Προμήθεια Πυροσβεστήρων για τις ανάγκες του Σ.Κ.Τρικάλων,no_findings,0,
2026-03-10T17:49:07.614024+00:00,26SYMV018464100,ΕΘΝΙΚΟΣ ΟΡΓΑΝΙΣΜΟΣ ΠΡΟΛΗΨΗΣ ΚΑΙ ΑΝΤΙΜΕΤΩΠΙΣΗΣ ΕΞΑΡΤΗΣΕΩΝ,"Παροχή υπηρεσιών καθαρισμού, αποψίλωσης, κοπής δέντρων και αποκατάστασης περίφραξης οικοπέδου Αθήνας",success,1,
2026-03-10T17:49:07.614024+00:00,26SYMV018467497,ΥΠΟΥΡΓΕΙΟ ΠΡΟΣΤΑΣΙΑΣ ΤΟΥ ΠΟΛΙΤΗ,Σύμβαση Νο 24/2026 για την Προμήθεια Πυροσβεστήρων για τις ανάγκες του Σ.Κ.Τρικάλων,success,1,
2026-03-10T17:49:07.614024+00:00,26SYMV018468278,ΥΠΟΥΡΓΕΙΟ ΠΡΟΣΤΑΣΙΑΣ ΤΟΥ ΠΟΛΙΤΗ,ΣΥΜΒΑΣΗ   ΠΡΟΜΗΘΕΙΑΣ  ΥΛΙΚΩΝ ΓΙΑ ΤΟΥΣ ΠΥΡΟΣΒΕΣΤΙΚΟΥΣ ΣΤΑΘΜΟΥΣ ΤΟΥ ΚΤΙΡΙΟΥ ΤΗΣ Δ.ΑΛΛ.ΑΤΤ.,no_findings,0,
2026-03-10T17:49:07.614024+00:00,26SYMV018470300,ΥΠΟΥΡΓΕΙΟ ΠΕΡΙΒΑΛΛΟΝΤΟΣ ΚΑΙ ΕΝΕΡΓΕΙΑΣ,ΣΥΜΒΑΣΗ ΕΡΓΟΥ,no_findings,0,
2026-03-10T17:49:07.614024+00:00,26SYMV018479554,ΔΗΜΟΣΙΑ ΥΠΗΡΕΣΙΑ ΑΠΑΣΧΟΛΗΣΗΣ,Σύμβαση για  Επισκευή/Επαναλειτουργία  συστήματος πυρανίχνευσης της Σχολής  ΑμεΑ Αθηνών,success,1,
2026-03-10T17:49:07.614024+00:00,26SYMV018489783,ΥΠΟΥΡΓΕΙΟ ΠΕΡΙΒΑΛΛΟΝΤΟΣ ΚΑΙ ΕΝΕΡΓΕΙΑΣ,"Σύμβαση Εργασίες ειδικών δασοτεχνικών έργων αντιδιαβρ. αντιπλ. Ζακύνθου, Άρτας, Πρέβεζας κτλ-Τμήμα 1",no_findings,0,
2026-03-10T17:49:07.614024+00:00,26SYMV018489793,ΥΠΟΥΡΓΕΙΟ ΠΕΡΙΒΑΛΛΟΝΤΟΣ ΚΑΙ ΕΝΕΡΓΕΙΑΣ,Σύμβαση Εργασίες ειδικών δασοτεχνικών έργων αντιδιαβρ. αντιπλ. Χαλκίδας - Λαυρίου κτλ-Τμήμα 2,no_findings,0,
2026-03-10T17:49:07.614024+00:00,26SYMV018512223,ΔΗΜΟΚΡΙΤΕΙΟ ΠΑΝΕΠΙΣΤΗΜΙΟ ΘΡΑΚΗΣ,"ΣΥΜΒΑΣΗ ΓΙΑ ΤΗΝ ΠΡΟΜΗΘΕΙΑ ΗΛΕΚΤΡΟΝΙΚΟΥ ΕΞΟΠΛΙΣΜΟΥ ΚΑΙ ΨΗΦΙΑΚΗΣ ΠΛΑΤΦΟΡΜΑΣ ΜΑΘ,ΚΕ-835555",no_findings,0,
2026-03-10T17:49:07.614024+00:00,26SYMV018512848,2Η ΔΥΠΕ ΠΕΙΡΑΙΩΣ ΚΑΙ ΑΙΓΑΙΟΥ,ΑΝΑΚΟΙΝΩΣΗ ΚΑΤΑΚΥΡΩΣΗΣ ΓΙΑ ΠΡΟΜΗΘΕΙΑ ΠΥΡΟΣΒΕΣΤΙΚΩΝ ΠΡΟΙΟΝΤΩΝ ΓΙΑ ΤΗΝ ΠΣΕΑ,no_findings,0,
2026-03-10T17:49:07.614024+00:00,26SYMV018513019,ΛΙΜΕΝΙΚΟ ΤΑΜΕΙΟ ΦΘΙΩΤΙΔΑΣ,ΣΥΜΒΑΣΗ ΠΑΡΟΧΗΣ ΥΠΗΡΕΣΙΩΝ  ΣΥΝΤΗΡΗΣΗΣ ΤΟΥ ΠΡΑΣΙΝΟΥ ΣΤΗΝ ΧΕΡΣΑΙΑ ΖΩΝΗ ΛΙΜΕΝΑ ΣΤΥΛΙΔΑΣ,success,1,
2026-03-10T17:49:07.614024+00:00,26SYMV018515731,ΠΑΝΕΠΙΣΤΗΜΙΟ ΠΕΙΡΑΙΩΣ,Σύμβαση προμήθεια και συντήρηση πυροσβεστήρων στα κτίρια του Πανεπιστημίου Πειραιώς,error,0,429 Client Error: Too Many Requests for url: https://cerpp.eprocurement.gov.gr/khmdhs-opendata/contract/attachment/26SYMV018515731
2026-03-10T17:49:07.614024+00:00,26SYMV018537881,ΠΑΠΑΦΕΙΟ ΚΕΝΤΡΟ ΠΑΙΔΙΚΗΣ ΜΕΡΙΜΝΑΣ,ΣΥΜΒΑΣΗ ΓΙΑ ΕΓΚΑΤΑΣΤΑΣΗ ΣΥΣΤΗΜΑΤΩΝ ΠΥΡΑΝΙΧΝΕΥΣΗΣ ΣΤΟ ΠΑΠΑΦΕΙΟ ΚΕΝΤΡΟ,error,0,429 Client Error: Too Many Requests for url: https://cerpp.eprocurement.gov.gr/khmdhs-opendata/contract/attachment/26SYMV018537881
2026-03-10T17:49:07.614024+00:00,26SYMV018539245,ΠΕΡΙΦ. ΠΑΝΕΠΙΣΤ. ΓΕΝ. ΝΟΣΟΚ. ΛΑΡΙΣΑΣ,"ΣΥΜΒΑΣΗ 8/2026 ΓΙΑ ΤΙΣ ""ΥΠΗΡΕΣΙΕΣ ΣΥΝΤΗΡΗΣΗΣ ΟΙΚΟΠΕΔΩΝ""",error,0,429 Client Error: Too Many Requests for url: https://cerpp.eprocurement.gov.gr/khmdhs-opendata/contract/attachment/26SYMV018539245
2026-03-10T17:49:07.614024+00:00,26SYMV018540779,ΒΟΛΒΗΣ,"ΠΡΟΜΗΘΕΙΑ ΕΞΟΠΛΙΣΜΟΥ Δ ΒΟΛΒΗΣ-ΤΜ Β:3 ΗΜΙΦΟΡΤΗΓΑ 4x4 ΔΙΠΛΗ ΚΑΜΠΙΝΑ,ΤΜ Γ:3 ΠΡΟΣΘ ΠΥΡΟΣΒ ΥΠΕΡΚΑΤΑΣΚΕΥΕΣ",error,0,429 Client Error: Too Many Requests for url: https://cerpp.eprocurement.gov.gr/khmdhs-opendata/contract/attachment/26SYMV018540779
2026-03-10T17:49:07.614024+00:00,26SYMV018543694,ΔΗΜΟΤΙΚΗ ΕΠΙΧΕΙΡΗΣΗ ΥΔΡΕΥΣΗΣ ΑΠΟΧΕΤΕΥΣΗΣ (Δ.Ε.Υ.Α.) ΠΑΡΟΥ,ΣΥΜΦΩΝΗΤΙΚΟ,error,0,429 Client Error: Too Many Requests for url: https://cerpp.eprocurement.gov.gr/khmdhs-opendata/contract/attachment/26SYMV018543694
2026-03-10T17:49:07.614024+00:00,26SYMV018552036,ΚΟΙΝΩΝΙΑ ΤΗΣ ΠΛΗΡΟΦΟΡΙΑΣ ΑΕ,"«Προμήθεια εξοπλισμών συστημάτων πρόληψης, αντιμετώπισης, διαχείρισης και έγκαιρης προειδοποίησης –",error,0,429 Client Error: Too Many Requests for url: https://cerpp.eprocurement.gov.gr/khmdhs-opendata/contract/attachment/26SYMV018552036
2026-03-10T17:49:07.614024+00:00,26SYMV018554537,ΥΠΟΥΡΓΕΙΟ ΝΑΥΤΙΛΙΑΣ ΚΑΙ ΝΗΣΙΩΤΙΚΗΣ ΠΟΛΙΤΙΚΗΣ,"ΣΥΜΒΑΣΗ ΕΥΡΩ : # 37.200,00€ #.-",error,0,429 Client Error: Too Many Requests for url: https://cerpp.eprocurement.gov.gr/khmdhs-opendata/contract/attachment/26SYMV018554537
2026-03-10T17:49:07.614024+00:00,26SYMV018558167,ΔΗΜΟΤΙΚΗ ΕΠΙΧΕΙΡΗΣΗ ΥΔΡΕΥΣΗΣ ΑΠΟΧΕΤΕΥΣΗΣ ΣΕΡΡΩΝ (Δ.Ε.Υ.ΑΣ),Παροχή Υπηρεσίας κοπής της αυτοφυούς βλάστησης και του χλοοτάπητα των αντλιοστασίων και κτηρίων της,error,0,429 Client Error: Too Many Requests for url: https://cerpp.eprocurement.gov.gr/khmdhs-opendata/contract/attachment/26SYMV018558167
2026-03-10T17:49:07.614024+00:00,26SYMV018562037,ΠΑΝΕΠΙΣΤΗΜΙΟ ΠΕΙΡΑΙΩΣ,Αντικατάσταση πυροσβ. συγκροτήματος λόγω βλάβης & αναβάθμιση συστήματος πυρανίχνευσης(Παν. Πειραιώς),error,0,429 Client Error: Too Many Requests for url: https://cerpp.eprocurement.gov.gr/khmdhs-opendata/contract/attachment/26SYMV018562037
2026-03-10T17:49:07.614024+00:00,26SYMV018575975,ΠΑΡΑΝΕΣΤΙΟΥ,ΕΡΓΑΣΙΕΣ ΚΑΘΑΡΙΣΜΟΥ ΠΡΑΣΙΝΟΥ ΔΗΜΟΤΙΚΗΣ ΕΝΟΤΗΤΑΣ ΝΙΚΗΦΟΡΟΥ-ΔΗΜΟΤΙΚΗ ΚΟΙΝΟΤΗΤΑΣ ΑΔΡΙΑΝΗΣ,error,0,429 Client Error: Too Many Requests for url: https://cerpp.eprocurement.gov.gr/khmdhs-opendata/contract/attachment/26SYMV018575975
2026-03-10T17:49:07.614024+00:00,26SYMV018577547,ΠΑΡΑΝΕΣΤΙΟΥ,ΕΡΓΑΣΙΕΣ ΚΑΘΑΡΙΣΜΟΥ ΠΡΑΣΙΝΟΥ ΔΗΜΟΤΙΚΗΣ ΕΝΟΤΗΤΑΣ ΝΙΚΗΦΟΡΟΥ-ΔΗΜΟΤΙΚΕΣ ΚΟΙΝΟΤΗΤΕΣ ΠΛΑΤΑΝΙΑΣ - ΠΤΕΛΕΑΣ,error,0,429 Client Error: Too Many Requests for url: https://cerpp.eprocurement.gov.gr/khmdhs-opendata/contract/attachment/26SYMV018577547
2026-03-10T17:49:07.614024+00:00,26SYMV018579344,ΥΠΟΥΡΓΕΙΟ ΠΕΡΙΒΑΛΛΟΝΤΟΣ ΚΑΙ ΕΝΕΡΓΕΙΑΣ,"Σύμβαση αξίας  30.690,00 με φπα 24% για Υποστηρικτικές εργασίες για τη σύνταξη μελέτης για τον σχεδι",error,0,429 Client Error: Too Many Requests for url: https://cerpp.eprocurement.gov.gr/khmdhs-opendata/contract/attachment/26SYMV018579344
2026-03-10T17:49:07.614024+00:00,26SYMV018583407,ΠΑΡΑΝΕΣΤΙΟΥ,ΕΡΓΑΣΙΕΣ ΚΑΘΑΡΙΣΜΟΥ ΟΙΚΟΠΕΔΩΝ-ΔΗΜΟΤΙΚΗ ΚΟΙΝΟΤΗΤΑ ΑΔΡΙΑΝΗΣ,error,0,429 Client Error: Too Many Requests for url: https://cerpp.eprocurement.gov.gr/khmdhs-opendata/contract/attachment/26SYMV018583407
2026-03-10T17:49:07.614024+00:00,26SYMV018583954,ΠΑΡΑΝΕΣΤΙΟΥ,ΕΡΓΑΣΙΕΣ ΚΑΘΑΡΙΣΜΟΥ ΟΙΚΟΠΕΔΩΝ ΔΗΜΟΤΙΚΩΝ ΚΟΙΝΟΤΗΤΩΝ ΠΥΞΑΡΙΟΥ – ΠΛΑΤΑΝΟΒΡΥΣΗΣ – ΨΗΛΗΣ ΡΑΧΗΣ,error,0,429 Client Error: Too Many Requests for url: https://cerpp.eprocurement.gov.gr/khmdhs-opendata/contract/attachment/26SYMV018583954
2026-03-10T17:49:07.614024+00:00,26SYMV018584520,ΠΑΡΑΝΕΣΤΙΟΥ,ΕΡΓΑΣΙΕΣ ΚΑΘΑΡΙΣΜΟΥ ΟΙΚΟΠΕΔΩΝ ΔΗΜΟΤΙΚΩΝ ΚΟΙΝΟΤΗΤΩΝ ΝΙΚΗΦΟΡΟΥ,error,0,429 Client Error: Too Many Requests for url: https://cerpp.eprocurement.gov.gr/khmdhs-opendata/contract/attachment/26SYMV018584520
2026-03-10T17:49:07.614024+00:00,26SYMV018585011,ΠΑΡΑΝΕΣΤΙΟΥ,ΕΡΓΑΣΙΕΣ ΚΑΘΑΡΙΣΜΟΥ ΟΙΚΟΠΕΔΩΝ-ΔΗΜΟΤΙΚΩΝ ΚΟΙΝΟΤΗΤΩΝ ΠΛΑΤΑΝΙΑΣ – ΠΤΕΛΕΑΣ,error,0,429 Client Error: Too Many Requests for url: https://cerpp.eprocurement.gov.gr/khmdhs-opendata/contract/attachment/26SYMV018585011
2026-03-10T17:49:07.614024+00:00,26SYMV018586904,ΝΟΤΙΟΥ ΠΗΛΙΟΥ,ΔΗΜΙΟΥΡΓΙΑ ΠΕΡΙΜΕΤΡΙΚΩΝ ΑΝΤΙΠΥΡΙΚΩΝ ΖΩΝΩΝ ΜΕΣΟΥ ΠΛΑΤΟΥΣ 10 ΜΕΤΡΩΝ ΠΕΡΙΞ ΟΙΚΙΣΜΩΝ ΕΝΤΟΣ Η΄ ΠΛΗΣΙΟΝ ΔΑ,error,0,429 Client Error: Too Many Requests for url: https://cerpp.eprocurement.gov.gr/khmdhs-opendata/contract/attachment/26SYMV018586904
2026-03-10T17:49:07.614024+00:00,26SYMV018599431,ΥΠΟΥΡΓΕΙΟ ΠΕΡΙΒΑΛΛΟΝΤΟΣ ΚΑΙ ΕΝΕΡΓΕΙΑΣ,ΕΡΓΑ ΑΝΤΙΠΥΡΙΚΗΣ ΠΡΟΣΤΑΣΙΑΣ ΔΧ ΑΙΓΑΛΕΩ ΜΕΓΑΡΩΝ ΠΕΙΡΑΙΑ ΠΕΝΤΕΛΗΣ,error,0,429 Client Error: Too Many Requests for url: https://cerpp.eprocurement.gov.gr/khmdhs-opendata/contract/attachment/26SYMV018599431
2026-03-10T17:49:07.614024+00:00,26SYMV018599446,ΥΠΟΥΡΓΕΙΟ ΠΕΡΙΒΑΛΛΟΝΤΟΣ ΚΑΙ ΕΝΕΡΓΕΙΑΣ,ΕΡΓΑ ΑΝΥΙΠΥΡΙΚΗΣ ΠΡΟΣΤΑΣΙΑΣ ΔΧ ΚΑΠΑΝΔΡΙΤΙΟΥ ΠΑΡΝΗΘΑΣ ΠΟΡΟΥ,error,0,429 Client Error: Too Many Requests for url: https://cerpp.eprocurement.gov.gr/khmdhs-opendata/contract/attachment/26SYMV018599446
2026-03-10T17:49:07.614024+00:00,26SYMV018604798,ΤΕΜΠΩΝ,ΑΝΑΒΑΘΜΙΣΗ ΚΑΙ ΕΠΑΝΑΧΡΗΣΗ ΠΑΛΑΙΩΝ ΠΕΡΙΠΑΤΗΤΙΚΩΝ ΜΟΝΟΠΑΤΙΩΝ ΔΗΜΟΥ ΤΕΜΠΩΝ,error,0,429 Client Error: Too Many Requests for url: https://cerpp.eprocurement.gov.gr/khmdhs-opendata/contract/attachment/26SYMV018604798
2026-03-10T17:49:07.614024+00:00,26SYMV018607918,ΑΓΙΟΥ ΔΗΜΗΤΡΙΟΥ,"Σύμβαση ""Κοπή κλάδεμα ψηλών δένδρων -εκρίζωση κορμών δένδρων-αποψιλώσεις-φυτοπροστασία δένδρων""",error,0,429 Client Error: Too Many Requests for url: https://cerpp.eprocurement.gov.gr/khmdhs-opendata/contract/attachment/26SYMV018607918
2026-03-10T17:49:07.614024+00:00,26SYMV018607958,ΥΠΟΥΡΓΕΙΟ ΠΕΡΙΒΑΛΛΟΝΤΟΣ ΚΑΙ ΕΝΕΡΓΕΙΑΣ,ΕΡΓΑ ΑΝΤΙΠΥΡΙΚΗΣ ΠΡΟΣΤΑΣΙΑΣ ΔΔ ΔΩΔΕΚΑΝΗΣΟΥ ΛΕΣΒΟΥ ΣΑΜΟΥ ΧΙΟΥ,error,0,429 Client Error: Too Many Requests for url: https://cerpp.eprocurement.gov.gr/khmdhs-opendata/contract/attachment/26SYMV018607958
2026-03-10T18:05:09.836318+00:00,26SYMV018515731,ΠΑΝΕΠΙΣΤΗΜΙΟ ΠΕΙΡΑΙΩΣ,Σύμβαση προμήθεια και συντήρηση πυροσβεστήρων στα κτίρια του Πανεπιστημίου Πειραιώς,success,1,
2026-03-10T18:05:09.836318+00:00,26SYMV018537881,ΠΑΠΑΦΕΙΟ ΚΕΝΤΡΟ ΠΑΙΔΙΚΗΣ ΜΕΡΙΜΝΑΣ,ΣΥΜΒΑΣΗ ΓΙΑ ΕΓΚΑΤΑΣΤΑΣΗ ΣΥΣΤΗΜΑΤΩΝ ΠΥΡΑΝΙΧΝΕΥΣΗΣ ΣΤΟ ΠΑΠΑΦΕΙΟ ΚΕΝΤΡΟ,no_findings,0,
2026-03-10T18:05:09.836318+00:00,26SYMV018539245,ΠΕΡΙΦ. ΠΑΝΕΠΙΣΤ. ΓΕΝ. ΝΟΣΟΚ. ΛΑΡΙΣΑΣ,"ΣΥΜΒΑΣΗ 8/2026 ΓΙΑ ΤΙΣ ""ΥΠΗΡΕΣΙΕΣ ΣΥΝΤΗΡΗΣΗΣ ΟΙΚΟΠΕΔΩΝ""",success,1,
2026-03-10T18:05:09.836318+00:00,26SYMV018540779,ΒΟΛΒΗΣ,"ΠΡΟΜΗΘΕΙΑ ΕΞΟΠΛΙΣΜΟΥ Δ ΒΟΛΒΗΣ-ΤΜ Β:3 ΗΜΙΦΟΡΤΗΓΑ 4x4 ΔΙΠΛΗ ΚΑΜΠΙΝΑ,ΤΜ Γ:3 ΠΡΟΣΘ ΠΥΡΟΣΒ ΥΠΕΡΚΑΤΑΣΚΕΥΕΣ",no_findings,0,
2026-03-10T18:05:09.836318+00:00,26SYMV018543694,ΔΗΜΟΤΙΚΗ ΕΠΙΧΕΙΡΗΣΗ ΥΔΡΕΥΣΗΣ ΑΠΟΧΕΤΕΥΣΗΣ (Δ.Ε.Υ.Α.) ΠΑΡΟΥ,ΣΥΜΦΩΝΗΤΙΚΟ,success,1,
2026-03-10T18:05:09.836318+00:00,26SYMV018552036,ΚΟΙΝΩΝΙΑ ΤΗΣ ΠΛΗΡΟΦΟΡΙΑΣ ΑΕ,"«Προμήθεια εξοπλισμών συστημάτων πρόληψης, αντιμετώπισης, διαχείρισης και έγκαιρης προειδοποίησης –",no_findings,0,
2026-03-10T18:05:09.836318+00:00,26SYMV018554537,ΥΠΟΥΡΓΕΙΟ ΝΑΥΤΙΛΙΑΣ ΚΑΙ ΝΗΣΙΩΤΙΚΗΣ ΠΟΛΙΤΙΚΗΣ,"ΣΥΜΒΑΣΗ ΕΥΡΩ : # 37.200,00€ #.-",success,1,
2026-03-10T18:05:09.836318+00:00,26SYMV018558167,ΔΗΜΟΤΙΚΗ ΕΠΙΧΕΙΡΗΣΗ ΥΔΡΕΥΣΗΣ ΑΠΟΧΕΤΕΥΣΗΣ ΣΕΡΡΩΝ (Δ.Ε.Υ.ΑΣ),Παροχή Υπηρεσίας κοπής της αυτοφυούς βλάστησης και του χλοοτάπητα των αντλιοστασίων και κτηρίων της,no_findings,0,
2026-03-10T18:05:09.836318+00:00,26SYMV018562037,ΠΑΝΕΠΙΣΤΗΜΙΟ ΠΕΙΡΑΙΩΣ,Αντικατάσταση πυροσβ. συγκροτήματος λόγω βλάβης & αναβάθμιση συστήματος πυρανίχνευσης(Παν. Πειραιώς),success,1,
2026-03-10T18:05:09.836318+00:00,26SYMV018575975,ΠΑΡΑΝΕΣΤΙΟΥ,ΕΡΓΑΣΙΕΣ ΚΑΘΑΡΙΣΜΟΥ ΠΡΑΣΙΝΟΥ ΔΗΜΟΤΙΚΗΣ ΕΝΟΤΗΤΑΣ ΝΙΚΗΦΟΡΟΥ-ΔΗΜΟΤΙΚΗ ΚΟΙΝΟΤΗΤΑΣ ΑΔΡΙΑΝΗΣ,success,2,
2026-03-10T18:05:09.836318+00:00,26SYMV018577547,ΠΑΡΑΝΕΣΤΙΟΥ,ΕΡΓΑΣΙΕΣ ΚΑΘΑΡΙΣΜΟΥ ΠΡΑΣΙΝΟΥ ΔΗΜΟΤΙΚΗΣ ΕΝΟΤΗΤΑΣ ΝΙΚΗΦΟΡΟΥ-ΔΗΜΟΤΙΚΕΣ ΚΟΙΝΟΤΗΤΕΣ ΠΛΑΤΑΝΙΑΣ - ΠΤΕΛΕΑΣ,success,1,
2026-03-10T18:05:09.836318+00:00,26SYMV018579344,ΥΠΟΥΡΓΕΙΟ ΠΕΡΙΒΑΛΛΟΝΤΟΣ ΚΑΙ ΕΝΕΡΓΕΙΑΣ,"Σύμβαση αξίας  30.690,00 με φπα 24% για Υποστηρικτικές εργασίες για τη σύνταξη μελέτης για τον σχεδι",success,1,
2026-03-10T18:05:09.836318+00:00,26SYMV018583407,ΠΑΡΑΝΕΣΤΙΟΥ,ΕΡΓΑΣΙΕΣ ΚΑΘΑΡΙΣΜΟΥ ΟΙΚΟΠΕΔΩΝ-ΔΗΜΟΤΙΚΗ ΚΟΙΝΟΤΗΤΑ ΑΔΡΙΑΝΗΣ,success,1,
2026-03-10T18:05:09.836318+00:00,26SYMV018583954,ΠΑΡΑΝΕΣΤΙΟΥ,ΕΡΓΑΣΙΕΣ ΚΑΘΑΡΙΣΜΟΥ ΟΙΚΟΠΕΔΩΝ ΔΗΜΟΤΙΚΩΝ ΚΟΙΝΟΤΗΤΩΝ ΠΥΞΑΡΙΟΥ – ΠΛΑΤΑΝΟΒΡΥΣΗΣ – ΨΗΛΗΣ ΡΑΧΗΣ,success,1,
2026-03-10T18:05:09.836318+00:00,26SYMV018584520,ΠΑΡΑΝΕΣΤΙΟΥ,ΕΡΓΑΣΙΕΣ ΚΑΘΑΡΙΣΜΟΥ ΟΙΚΟΠΕΔΩΝ ΔΗΜΟΤΙΚΩΝ ΚΟΙΝΟΤΗΤΩΝ ΝΙΚΗΦΟΡΟΥ,success,1,
2026-03-10T18:05:09.836318+00:00,26SYMV018585011,ΠΑΡΑΝΕΣΤΙΟΥ,ΕΡΓΑΣΙΕΣ ΚΑΘΑΡΙΣΜΟΥ ΟΙΚΟΠΕΔΩΝ-ΔΗΜΟΤΙΚΩΝ ΚΟΙΝΟΤΗΤΩΝ ΠΛΑΤΑΝΙΑΣ – ΠΤΕΛΕΑΣ,success,1,
2026-03-10T18:05:09.836318+00:00,26SYMV018586904,ΝΟΤΙΟΥ ΠΗΛΙΟΥ,ΔΗΜΙΟΥΡΓΙΑ ΠΕΡΙΜΕΤΡΙΚΩΝ ΑΝΤΙΠΥΡΙΚΩΝ ΖΩΝΩΝ ΜΕΣΟΥ ΠΛΑΤΟΥΣ 10 ΜΕΤΡΩΝ ΠΕΡΙΞ ΟΙΚΙΣΜΩΝ ΕΝΤΟΣ Η΄ ΠΛΗΣΙΟΝ ΔΑ,success,1,
2026-03-10T18:05:09.836318+00:00,26SYMV018599431,ΥΠΟΥΡΓΕΙΟ ΠΕΡΙΒΑΛΛΟΝΤΟΣ ΚΑΙ ΕΝΕΡΓΕΙΑΣ,ΕΡΓΑ ΑΝΤΙΠΥΡΙΚΗΣ ΠΡΟΣΤΑΣΙΑΣ ΔΧ ΑΙΓΑΛΕΩ ΜΕΓΑΡΩΝ ΠΕΙΡΑΙΑ ΠΕΝΤΕΛΗΣ,success,1,
2026-03-10T18:05:09.836318+00:00,26SYMV018599446,ΥΠΟΥΡΓΕΙΟ ΠΕΡΙΒΑΛΛΟΝΤΟΣ ΚΑΙ ΕΝΕΡΓΕΙΑΣ,ΕΡΓΑ ΑΝΥΙΠΥΡΙΚΗΣ ΠΡΟΣΤΑΣΙΑΣ ΔΧ ΚΑΠΑΝΔΡΙΤΙΟΥ ΠΑΡΝΗΘΑΣ ΠΟΡΟΥ,success,1,
2026-03-10T18:05:09.836318+00:00,26SYMV018604798,ΤΕΜΠΩΝ,ΑΝΑΒΑΘΜΙΣΗ ΚΑΙ ΕΠΑΝΑΧΡΗΣΗ ΠΑΛΑΙΩΝ ΠΕΡΙΠΑΤΗΤΙΚΩΝ ΜΟΝΟΠΑΤΙΩΝ ΔΗΜΟΥ ΤΕΜΠΩΝ,no_findings,0,
2026-03-10T18:05:09.836318+00:00,26SYMV018607918,ΑΓΙΟΥ ΔΗΜΗΤΡΙΟΥ,"Σύμβαση ""Κοπή κλάδεμα ψηλών δένδρων -εκρίζωση κορμών δένδρων-αποψιλώσεις-φυτοπροστασία δένδρων""",no_findings,0,
2026-03-10T18:05:09.836318+00:00,26SYMV018607958,ΥΠΟΥΡΓΕΙΟ ΠΕΡΙΒΑΛΛΟΝΤΟΣ ΚΑΙ ΕΝΕΡΓΕΙΑΣ,ΕΡΓΑ ΑΝΤΙΠΥΡΙΚΗΣ ΠΡΟΣΤΑΣΙΑΣ ΔΔ ΔΩΔΕΚΑΝΗΣΟΥ ΛΕΣΒΟΥ ΣΑΜΟΥ ΧΙΟΥ,success,1,
2026-03-11T08:41:27.783002+00:00,26SYMV018614777,ΚΑΝΤΑΝΟΥ - ΣΕΛΙΝΟΥ,Πυροπροστασία Λυκείου Παλαιόχωρας του Δήμου Καντάνου - Σελίνου. (Δαπάνη των αρ. 158 & 160 του Ν. 346,no_findings,0,
2026-03-12T05:52:52.688003+00:00,26SYMV018618377,ΜΕΣΣΗΝΗΣ,"«AΝΤΙΠΥΡΙΚΗ ΠΡΟΣΤΑΣΙΑ ΥΠΟΔΟΜΩΝ Δ.Ε. ΠΕΤΑΛΙΔΙΟΥ, Δ.Ε. ΒΟΥΦΡΑΔΩΝ ΚΑΙ Δ.Ε. ΑΙΠΕΙΑΣ ΕΤΟΥΣ 2026»",success,1,
2026-03-12T05:52:52.688003+00:00,26SYMV018620560,ΜΕΣΣΗΝΗΣ,ΑΝΤΙΠΥΡΙΚΗ ΠΡΟΣΤΑΣΙΑ ΥΠΟΔΟΜΩΝ Δ.Ε. ΜΕΣΣΗΝΗΣ ΚΑΙ Δ.Ε. ΑΝΔΡΟΥΣΑΣ ΕΤΟΥΣ 2026,no_findings,0,
2026-03-13T14:42:48.451460+00:00,26SYMV018611768,ΙΟΝΙΑ ΑΝΑΠΤΥΞΗ ΑΝΑΠΤΥΞΙΑΚΟΣ ΟΡΓΑΝΙΣΜΟΣ ΟΤΑ ΠΕΡΙΦΕΡΕΙΑΣ ΙΟΝΙΩΝ ΝΗΣΩΝ (ΑΟΠΙΝ) Α.Ε.,Ευπρεπισμός Οδικού Δικτύου ΠΕ Κέρκυρας,success,1,
2026-03-13T14:42:48.451460+00:00,26SYMV018628653,ΔΗΜΟΣ ΧΑΛΚΗΔΟΝΟΣ,Σύμβαση περί προμήθειας κ συντήρησης εξοπλισμού πυρασφάλειας Δήμου Χαλκηδόνος.,no_findings,0,
2026-03-14T08:35:37.157890+00:00,26SYMV018638816,ΥΠΟΥΡΓΕΙΟ ΠΕΡΙΒΑΛΛΟΝΤΟΣ ΚΑΙ ΕΝΕΡΓΕΙΑΣ,ΕΡΓΑ ΑΝΤΙΠΥΡΙΚΗΣ ΠΡΟΣΤΑΣΙΑΣ ΔΧ ΙΣΤΙΑΙΑΣ ΛΙΜΝΗΣ,no_findings,0,
2026-03-14T08:35:37.157890+00:00,26SYMV018639041,ΥΠΟΥΡΓΕΙΟ ΠΕΡΙΒΑΛΛΟΝΤΟΣ ΚΑΙ ΕΝΕΡΓΕΙΑΣ,ΕΡΓΑ ΑΝΤΙΠΥΡΙΚΗΣ ΠΡΟΣΤΑΣΙΑΣ ΔΧ ΑΤΑΛΑΝΤΗΣ ΘΗΒΩΝ ΛΙΒΑΔΕΙΑΣ ΣΠΕΡΧΕΙΑΔΑΣ ΧΑΛΚΙΔΑΣ,success,1,
2026-03-14T08:35:37.157890+00:00,26SYMV018642772,ΥΠΟΥΡΓΕΙΟ ΠΕΡΙΒΑΛΛΟΝΤΟΣ ΚΑΙ ΕΝΕΡΓΕΙΑΣ,ΕΡΓΑ ΑΝΤΙΠΥΡΙΚΗΣ ΠΡΟΣΤΑΣΙΑΣ ΔΧ ΣΟΥΦΛΙΟΥ,success,1,
2026-03-14T09:47:44.822094+00:00,26SYMV018642772,,,success,1,
2026-03-14T09:52:14.795908+00:00,26SYMV018614777,,,no_findings,0,
2026-03-16T19:02:08.720346+00:00,26SYMV018611430,,"ΕΓΚΑΤΑΣΤΑΣΗ ΔΙΚΤΥΟΥ ΕΝΕΡΓΗΤΙΚΗΣ ΠΥΡΟΠΡΟΣΤΑΣΙΑΣ ΣΤΟ ΙΔΡΥΜΑ ΠΡΟΣΤΑΣΙΑΣ ΥΠΕΡΗΛΙΚΩΝ ""ΑΓΙΟΣ ΑΧΙΛΛΕΙΟΣ""",success,1,
2026-03-16T19:02:08.720346+00:00,26SYMV018614797,,Εργασίες διαχείρισης πράσινων αποβλήτων του Δήμου Κομοτηνής για το 2026,success,1,
2026-03-16T19:02:08.720346+00:00,26SYMV018615777,,"«AΝΤΙΠΥΡΙΚΗ ΠΡΟΣΤΑΣΙΑ ΥΠΟΔΟΜΩΝ Δ.Ε. ΑΡΙΣΤΟΜΕΝΗ, Δ.Ε. ΤΡΙΚΟΡΦΟΥ ΚΑΙ Δ.Ε. ΙΘΩΜΗΣ ΕΤΟΥΣ 2026»",success,1,
2026-03-16T19:02:08.720346+00:00,26SYMV018639407,ΥΠΟΥΡΓΕΙΟ ΠΕΡΙΒΑΛΛΟΝΤΟΣ ΚΑΙ ΕΝΕΡΓΕΙΑΣ,ΕΡΓΑ ΑΝΤΙΠΥΡΙΚΗΣ ΠΡΟΣΤΑΣΙΑΣ ΔΧ ΚΑΛΑΜΠΑΚΑΣ ΜΟΥΖΑΚΙΟΥ ΤΡΙΚΑΛΩΝ ΚΑΡΠΕΝΗΣΙΟΥ,success,1,
2026-03-16T19:02:08.720346+00:00,26SYMV018640134,,"ΝΕΟ ΥΠΟΕΡΓΟ 248: «ΚΑΘΑΡΙΣΜΟΣ ΑΥΤΟΦΥΟΥΣ ΒΛΑΣΤΗΣΗΣ ΑΠΟ ΤΗΝ ΠΕΡΙΟΧΗ ΤΕΦΑΑ ΚΑΙ ΓΙΑ ΜΗΚΟΣ 1 ΧΛΜ, ΣΤΟΝ ΛΗΘ",success,1,
2026-03-16T19:02:08.720346+00:00,26SYMV018640514,ΑΝΕΞΑΡΤΗΤΟΣ ΔΙΑΧΕΙΡΙΣΤΗΣ ΜΕΤΑΦΟΡΑΣ ΗΛΕΚΤΡΙΚΗΣ ΕΝΕΡΓΕΙΑΣ ΑΔΜΗΕ ΑΕ,ΔΕΑ-5230273_03_2026 - ΤΜΗΜΑ Β: Εκτέλεση υπηρεσιών αποψίλωσης Υποσταθμών και ΚΥΤ Βόρειας Ελλάδας,success,1,
2026-03-16T19:31:18.919271+00:00,26SYMV018318646,,ΣΥΜΒΑΣΗ ΠΑΡΟΧΗΣ ΥΠΗΡΕΣΙΩΝ ΔΑΣΟΛΟΓΟΥ,no_findings,0,
2026-03-16T19:31:18.919271+00:00,26SYMV018322128,ΥΠΟΥΡΓΕΙΟ ΥΠΟΔΟΜΩΝ ΚΑΙ ΜΕΤΑΦΟΡΩΝ,ΟΙΚ & ΗΜ εργασίες  Πυροπροστασίας  κτίριο  ΥΠΥΜΕ Βατάτζη 37,no_findings,0,
2026-03-16T19:31:18.919271+00:00,26SYMV018322366,2Η ΔΥΠΕ ΠΕΙΡΑΙΩΣ ΚΑΙ ΑΙΓΑΙΟΥ,Εργασίες αποψίλωσης στην ΠΝΜΨΥΑ για εξι μήνες (Συμβαση 219.25),success,1,
2026-03-16T19:31:18.919271+00:00,26SYMV018330774,,ΣΥΜΦΩΝΗΤΙΚΟ -ΤΜΗΜΑ ΣΤ. ΕΡΓΑΣΙΕΣ ΚΟΠΗΣ ΠΑΡΟΔΙΑΣ ΒΛΑΣΤΗΣΗΣ ME ΚΑΤΑΛΛΗΛΟ ΜΗΧΑΝΗΜΑ ΕΡΓΟΥ ΦΟΡΤΩΤΗ ΕΚΣΚΑΦΕ,success,1,
2026-03-16T19:31:18.919271+00:00,26SYMV018337839,,"Κοπή κλαδιών-καθαρισμός δρόμων, μονοπατιών Δ.Ε Kοντοβάζαινας, Δ.Ε Τροπαίων, Δ.Ε Κλείτορος  και Δ.Ε Λ",success,1,
2026-03-16T19:31:18.919271+00:00,26SYMV018338969,,"ΠΡΟΜΗΘΕΙΑΣ ΕΞΟΠΛΙΣΜΟΥ ΓΙΑ ΤΗΝ ΑΝΑΒΑΘΜΙΣΗ ΤΩΝ ΙΚΑΝΟΤΗΤΩΝ ΠΑΡΑΚΟΛΟΥΘΗΣΗΣ, ΠΡΟΛΗΨΗΣ ΚΑΙ ΑΝΤΑΠΟΚΡΙΣΗΣ ΕΝ",no_findings,0,
2026-03-16T19:31:18.919271+00:00,26SYMV018350351,,ΣΥΜΒΑΣΗ ΜΙΣΘΩΣΗΣ ΜΗΧΑΝΗΜΑΤΩΝ ΕΡΓΩΝ ΚΑΙ ΑΝΑΘΕΣΗ ΕΚΤΕΛΕΣΗΣ ΕΡΓΑΣΙΩΝ «ΔΡΑΣΕΙΣ ΠΡΟΛΗΨΗΣ ΚΑΙ ΔΙΑΧΕΙΡΙΣΗΣ,no_findings,0,
2026-03-16T19:31:18.919271+00:00,26SYMV018350408,,ΣΥΜΒΑΣΗ ΜΙΣΘΩΣΗΣ ΜΗΧΑΝΗΜΑΤΩΝ ΕΡΓΩΝ ΚΑΙ ΑΝΑΘΕΣΗ ΕΚΤΕΛΕΣΗΣ ΕΡΓΑΣΙΩΝ «ΔΡΑΣΕΙΣ ΠΡΟΛΗΨΗΣ ΚΑΙ ΔΙΑΧΕΙΡΙΣΗΣ,success,1,
2026-03-16T19:31:18.919271+00:00,26SYMV018350471,,ΣΥΜΒΑΣΗ ΜΙΣΘΩΣΗΣ ΜΗΧΑΝΗΜΑΤΩΝ ΕΡΓΩΝ ΚΑΙ ΑΝΑΘΕΣΗ ΕΚΤΕΛΕΣΗΣ ΕΡΓΑΣΙΩΝ «ΔΡΑΣΕΙΣ ΠΡΟΛΗΨΗΣ ΚΑΙ ΔΙΑΧΕΙΡΙΣΗΣ,success,1,
2026-03-16T19:31:18.919271+00:00,26SYMV018363393,,Προμήθεια εξοπλισμού για την υλοποίηση των μέτρων πυροπροστασίας του Παιδικού Σταθμού ΔΚ Φιλώτα του,no_findings,0,
2026-03-16T19:31:18.919271+00:00,26SYMV018366520,,Συμφωνητικό για την συντήρηση πρασίνου,success,1,
2026-03-16T19:31:18.919271+00:00,26SYMV018374248,,Διάθεση υδροφόρου οχήματος σε συνδρομή του ΠΣ στην αντιμετώπιση πυρκαγιάς από 18.1.26 (CORAL),success,1,
2026-03-16T19:31:18.919271+00:00,26SYMV018374461,,Διάθεση υδροφόρου οχήματος σε συνδρομή του ΠΣ στην αντιμετώπιση πυρκαγιάς από 18.1.26 (CORAL),success,1,
2026-03-16T19:31:18.919271+00:00,26SYMV018374617,,Διάθεση υδροφόρου οχήματος σε συνδρομή του ΠΣ στην αντιμετώπιση πυρκαγιάς από 18.1.26 (CORAL),success,1,
2026-03-16T19:31:18.919271+00:00,26SYMV018418370,ΥΠΟΥΡΓΕΙΟ ΚΛΙΜΑΤΙΚΗΣ ΚΡΙΣΗΣ ΚΑΙ ΠΟΛΙΤΙΚΗΣ ΠΡΟΣΤΑΣΙΑΣ,Τμήμα 20: «Bυθιζόμενες αποστραγγιστικές φορητές αντλίες (Ηλεκτροκίνητες)»,no_findings,0,
2026-03-16T19:31:18.919271+00:00,26SYMV018421353,ΕΘΝΙΚΟ & ΚΑΠΟΔΙΣΤΡΙΑΚΟ ΠΑΝΕΠΙΣΤΗΜΙΟ ΑΘΗΝΩΝ,05.02 ΕΠΙΣΚΕΥΗ ΚΑΙ ΣΥΝΤΗΡΗΣΗ ΛΟΙΠΟΥ ΕΞΟΠΛΙΣΜΟΥ,success,1,
2026-03-16T19:31:18.919271+00:00,26SYMV018425675,ΕΤΑΙΡΕΙΑ ΥΔΡΕΥΣΗΣ ΑΠΟΧΕΤΕΥΣΗΣ ΘΕΣΣΑΛΟΝΙΚΗΣ (ΕΥΑΘ ΑΕ),"ΠΡΟΜΗΘΕΙΑ, ΤΟΠΟΘΕΤΗΣΗ ΚΑΙ ΕΛΕΓΧΟΣ ΕΓΚΑΤΑΣΤΑΣΗΣ ΣΤΑΘΜΟΥ ΠΥΡΟΠΡΟΣΤΑΣΙΑΣ ΣΤΟ Α/Σ ΥΔΡΕΥΣΗΣ ΣΙΝΔΟΥ",success,1,
2026-03-16T19:31:18.919271+00:00,26SYMV018426410,ΔΗΜΟΤΙΚΗ ΕΠΙΧΕΙΡΗΣΗ ΥΔΡΕΥΣΗΣ ΑΠΟΧΕΤΕΥΣΗΣ (Δ.Ε.Υ.Α.) ΚΑΒΑΛΑΣ,Συμφωνητικό για την «Παροχή υπηρεσιών αντιπυρικών χειρισμών - καθαρισμού βλάστησης στην περιοχή Παλα,success,1,
2026-03-16T19:31:18.919271+00:00,26SYMV018438233,ΙΔΡΥΜΑ ΝΕΟΛΑΙΑΣ ΚΑΙ ΔΙΑ ΒΙΟΥ ΜΑΘΗΣΗΣ,Προμήθεια πυροσβεστικών ερμαρίων στη Φ.Ε. Ιωαννίνων,success,1,
2026-03-16T19:31:18.919271+00:00,26SYMV018445120,ΥΠΟΥΡΓΕΙΟ ΠΕΡΙΒΑΛΛΟΝΤΟΣ ΚΑΙ ΕΝΕΡΓΕΙΑΣ,"1η ΣΥΜΠΛΗΡΩΜΑΤΙΚΗ ΣΥΜΒΑΣΗ ΓΙΑ ΤΗΝ ΕΚΤΕΛΕΣΗ ΤΟΥ ΕΡΓΟΥ ""ΕΡΓΑΣΙΕΣ ΜΕ ΑΝΑΔΑΣΩΣΗ ΜΕ ΜΑΥΡΗ ΠΕΥΚΗ ΣΕ ΠΕΡΙΟΧ",no_findings,0,
2026-03-16T19:31:18.919271+00:00,26SYMV018445503,ΥΠΟΥΡΓΕΙΟ ΠΡΟΣΤΑΣΙΑΣ ΤΟΥ ΠΟΛΙΤΗ,Σύμβαση Νο 24/2026 Προμήθεια Πυροσβεστήρων για τις ανάγκες του Σ.Κ.Τρικάλων,no_findings,0,
2026-03-16T19:31:18.919271+00:00,26SYMV018452997,ΥΠΟΥΡΓΕΙΟ ΠΡΟΣΤΑΣΙΑΣ ΤΟΥ ΠΟΛΙΤΗ,Σύμβαση Νο 24/2026 Προμήθεια Πυροσβεστήρων για τις ανάγκες του Σ.Κ.Τρικάλων,no_findings,0,
2026-03-16T19:31:18.919271+00:00,26SYMV018456337,ΑΝΕΞΑΡΤΗΤΟΣ ΔΙΑΧΕΙΡΙΣΤΗΣ ΜΕΤΑΦΟΡΑΣ ΗΛΕΚΤΡΙΚΗΣ ΕΝΕΡΓΕΙΑΣ ΑΔΜΗΕ ΑΕ,ΔΕΑ - 7795261_2026 ΥΠΗΡΕΣΙΑ ΚΟΠΗΣ ΧΑΜΗΛΗΣ ΒΛΑΣΤΗΣΗΣ,success,1,
2026-03-16T19:31:18.919271+00:00,26SYMV018464100,ΕΘΝΙΚΟΣ ΟΡΓΑΝΙΣΜΟΣ ΠΡΟΛΗΨΗΣ ΚΑΙ ΑΝΤΙΜΕΤΩΠΙΣΗΣ ΕΞΑΡΤΗΣΕΩΝ,"Παροχή υπηρεσιών καθαρισμού, αποψίλωσης, κοπής δέντρων και αποκατάστασης περίφραξης οικοπέδου Αθήνας",success,1,
2026-03-16T19:31:18.919271+00:00,26SYMV018467497,ΥΠΟΥΡΓΕΙΟ ΠΡΟΣΤΑΣΙΑΣ ΤΟΥ ΠΟΛΙΤΗ,Σύμβαση Νο 24/2026 για την Προμήθεια Πυροσβεστήρων για τις ανάγκες του Σ.Κ.Τρικάλων,no_findings,0,
2026-03-16T19:31:18.919271+00:00,26SYMV018468278,ΥΠΟΥΡΓΕΙΟ ΠΡΟΣΤΑΣΙΑΣ ΤΟΥ ΠΟΛΙΤΗ,ΣΥΜΒΑΣΗ   ΠΡΟΜΗΘΕΙΑΣ  ΥΛΙΚΩΝ ΓΙΑ ΤΟΥΣ ΠΥΡΟΣΒΕΣΤΙΚΟΥΣ ΣΤΑΘΜΟΥΣ ΤΟΥ ΚΤΙΡΙΟΥ ΤΗΣ Δ.ΑΛΛ.ΑΤΤ.,no_findings,0,
2026-03-16T19:31:18.919271+00:00,26SYMV018470300,ΥΠΟΥΡΓΕΙΟ ΠΕΡΙΒΑΛΛΟΝΤΟΣ ΚΑΙ ΕΝΕΡΓΕΙΑΣ,ΣΥΜΒΑΣΗ ΕΡΓΟΥ,no_findings,0,
2026-03-16T19:31:18.919271+00:00,26SYMV018473491,,ΠΡΟΜΗΘΕΙΑΣ ΕΝΟΣ   ΠΥΡΟΣΒΕΣΤΙΚΟΥ ΕΞΟΠΛΙΣΜΟΥ -ΤΜΗΜΑ  3,no_findings,0,
2026-03-16T19:31:18.919271+00:00,26SYMV018477504,,"Σύμβαση για τη διάθεση υδροφόρων οχημάτων στο Πυροσβεστικό Σώμα, από 08-02-2026",success,1,
2026-03-16T19:31:18.919271+00:00,26SYMV018477894,,"Σύμβαση για τη διάθεση υδροφόρων οχημάτων στο Πυροσβεστικό Σώμα, από 08-02-2026",no_findings,0,
2026-03-16T19:31:18.919271+00:00,26SYMV018478113,,"Σύμβαση για τη διάθεση υδροφόρων οχημάτων στο Πυροσβεστικό Σώμα, από 08-02-2026",success,1,
2026-03-16T19:31:18.919271+00:00,26SYMV018478212,,"Σύμβαση για τη διάθεση υδροφόρων οχημάτων στο Πυροσβεστικό Σώμα, από 08-02-2026",success,1,
2026-03-16T19:31:18.919271+00:00,26SYMV018479554,ΔΗΜΟΣΙΑ ΥΠΗΡΕΣΙΑ ΑΠΑΣΧΟΛΗΣΗΣ,Σύμβαση για  Επισκευή/Επαναλειτουργία  συστήματος πυρανίχνευσης της Σχολής  ΑμεΑ Αθηνών,success,1,
2026-03-16T19:31:18.919271+00:00,26SYMV018489783,ΥΠΟΥΡΓΕΙΟ ΠΕΡΙΒΑΛΛΟΝΤΟΣ ΚΑΙ ΕΝΕΡΓΕΙΑΣ,"Σύμβαση Εργασίες ειδικών δασοτεχνικών έργων αντιδιαβρ. αντιπλ. Ζακύνθου, Άρτας, Πρέβεζας κτλ-Τμήμα 1",no_findings,0,
2026-03-16T19:31:18.919271+00:00,26SYMV018489793,ΥΠΟΥΡΓΕΙΟ ΠΕΡΙΒΑΛΛΟΝΤΟΣ ΚΑΙ ΕΝΕΡΓΕΙΑΣ,Σύμβαση Εργασίες ειδικών δασοτεχνικών έργων αντιδιαβρ. αντιπλ. Χαλκίδας - Λαυρίου κτλ-Τμήμα 2,no_findings,0,
2026-03-16T19:31:18.919271+00:00,26SYMV018491493,,"ΠΡΟΜΗΘΕΙΑΣ ΕΝΟΣ (1) ΒΥΤΙΟΦΟΡΟΥ ΟΧΗΜΑΤΟΣ,  ΣΤΟ ΔΗΜΟ ΛΑΓΚΑΔΑ- ΤΜΗΜΑ 1",no_findings,0,
2026-03-16T19:31:18.919271+00:00,26SYMV018509045,,ΚΛΑΔΕΥΣΗ ΚΑΙ ΚΟΠΗ ΧΟΡΤΩΝ ΠΑΡΑΠΛΕΥΡΩΣ ΤΟΥ ΕΠΑΡΧΙΑΚΟΥ ΟΔΙΚΟΥ ΔΙΚΤΥΟΥ Π.Ε. ΤΡΙΚΑΛΩΝ,success,1,
2026-03-16T19:31:18.919271+00:00,26SYMV018512223,ΔΗΜΟΚΡΙΤΕΙΟ ΠΑΝΕΠΙΣΤΗΜΙΟ ΘΡΑΚΗΣ,"ΣΥΜΒΑΣΗ ΓΙΑ ΤΗΝ ΠΡΟΜΗΘΕΙΑ ΗΛΕΚΤΡΟΝΙΚΟΥ ΕΞΟΠΛΙΣΜΟΥ ΚΑΙ ΨΗΦΙΑΚΗΣ ΠΛΑΤΦΟΡΜΑΣ ΜΑΘ,ΚΕ-835555",no_findings,0,
2026-03-16T19:31:18.919271+00:00,26SYMV018512848,2Η ΔΥΠΕ ΠΕΙΡΑΙΩΣ ΚΑΙ ΑΙΓΑΙΟΥ,ΑΝΑΚΟΙΝΩΣΗ ΚΑΤΑΚΥΡΩΣΗΣ ΓΙΑ ΠΡΟΜΗΘΕΙΑ ΠΥΡΟΣΒΕΣΤΙΚΩΝ ΠΡΟΙΟΝΤΩΝ ΓΙΑ ΤΗΝ ΠΣΕΑ,no_findings,0,
2026-03-16T19:31:18.919271+00:00,26SYMV018513019,ΛΙΜΕΝΙΚΟ ΤΑΜΕΙΟ ΦΘΙΩΤΙΔΑΣ,ΣΥΜΒΑΣΗ ΠΑΡΟΧΗΣ ΥΠΗΡΕΣΙΩΝ  ΣΥΝΤΗΡΗΣΗΣ ΤΟΥ ΠΡΑΣΙΝΟΥ ΣΤΗΝ ΧΕΡΣΑΙΑ ΖΩΝΗ ΛΙΜΕΝΑ ΣΤΥΛΙΔΑΣ,success,1,
2026-03-16T19:31:18.919271+00:00,26SYMV018515731,ΠΑΝΕΠΙΣΤΗΜΙΟ ΠΕΙΡΑΙΩΣ,Σύμβαση προμήθεια και συντήρηση πυροσβεστήρων στα κτίρια του Πανεπιστημίου Πειραιώς,no_findings,0,
2026-03-16T19:31:18.919271+00:00,26SYMV018527676,,ΣΥΜΒΑΣΗ ΕΚΤΕΛΕΣΗΣ ΕΡΓΑΣΙΩΝ ΓΙΑ ΤΗΝ ΑΝΤΙΜΕΤΩΠΙΣΗ ΚΑΤΑΣΤΑΣΗΣ ΕΚΤΑΚΤΗΣ ΑΝΑΓΚΗΣ ΠΟΛΙΤΙΚΗΣ ΠΡΟΣΤΑΣΙΑΣ ΠΕΧ,no_findings,0,
2026-03-16T19:31:18.919271+00:00,26SYMV018528147,,ΣΥΜΒΑΣΗ ΕΚΤΕΛΕΣΗΣ ΕΡΓΑΣΙΩΝ ΓΙΑ ΤΗΝ ΑΝΤΙΜΕΤΩΠΙΣΗ ΚΑΤΑΣΤΑΣΗΣ ΕΚΤΑΚΤΗΣ ΑΝΑΓΚΗΣ ΠΟΛΙΤΙΚΗΣ ΠΡΟΣΤΑΣΙΑΣ ΠΕΧ,no_findings,0,
2026-03-16T19:31:18.919271+00:00,26SYMV018528335,,ΣΥΜΒΑΣΗ ΕΚΤΕΛΕΣΗΣ ΕΡΓΑΣΙΩΝ ΓΙΑ ΤΗΝ ΑΝΤΙΜΕΤΩΠΙΣΗ ΚΑΤΑΣΤΑΣΗΣ ΕΚΤΑΚΤΗΣ ΑΝΑΓΚΗΣ ΠΟΛΙΤΙΚΗΣ ΠΡΟΣΤΑΣΙΑΣ ΠΕΧ,no_findings,0,
2026-03-16T19:31:18.919271+00:00,26SYMV018537881,ΠΑΠΑΦΕΙΟ ΚΕΝΤΡΟ ΠΑΙΔΙΚΗΣ ΜΕΡΙΜΝΑΣ,ΣΥΜΒΑΣΗ ΓΙΑ ΕΓΚΑΤΑΣΤΑΣΗ ΣΥΣΤΗΜΑΤΩΝ ΠΥΡΑΝΙΧΝΕΥΣΗΣ ΣΤΟ ΠΑΠΑΦΕΙΟ ΚΕΝΤΡΟ,success,1,
2026-03-16T19:31:18.919271+00:00,26SYMV018539245,ΠΕΡΙΦ. ΠΑΝΕΠΙΣΤ. ΓΕΝ. ΝΟΣΟΚ. ΛΑΡΙΣΑΣ,"ΣΥΜΒΑΣΗ 8/2026 ΓΙΑ ΤΙΣ ""ΥΠΗΡΕΣΙΕΣ ΣΥΝΤΗΡΗΣΗΣ ΟΙΚΟΠΕΔΩΝ""",success,1,
2026-03-16T19:31:18.919271+00:00,26SYMV018540779,,"ΠΡΟΜΗΘΕΙΑ ΕΞΟΠΛΙΣΜΟΥ Δ ΒΟΛΒΗΣ-ΤΜ Β:3 ΗΜΙΦΟΡΤΗΓΑ 4x4 ΔΙΠΛΗ ΚΑΜΠΙΝΑ,ΤΜ Γ:3 ΠΡΟΣΘ ΠΥΡΟΣΒ ΥΠΕΡΚΑΤΑΣΚΕΥΕΣ",no_findings,0,
2026-03-16T19:31:18.919271+00:00,26SYMV018542676,,ΕΡΓΑΣΙΕΣ ΕΝΟΨΕΙ ΤΗΣ ΑΝΤΙΠΥΡΙΚΗΣ ΠΕΡΙΟΔΟΥ (ΕΡΓΑΣΙΕΣ ΔΙΑΧΕΙΡΙΣΗΣ ΒΛΑΣΤΗΣΗΣ ΠΑΡΚΟΥ ΟΣΕ ΣΤΟ ΠΛΑΙΣΙΟ ΠΥΡΟ,success,1,
2026-03-16T19:31:18.919271+00:00,26SYMV018543694,ΔΗΜΟΤΙΚΗ ΕΠΙΧΕΙΡΗΣΗ ΥΔΡΕΥΣΗΣ ΑΠΟΧΕΤΕΥΣΗΣ (Δ.Ε.Υ.Α.) ΠΑΡΟΥ,ΣΥΜΦΩΝΗΤΙΚΟ,success,1,
2026-03-16T19:31:18.919271+00:00,26SYMV018552036,ΚΟΙΝΩΝΙΑ ΤΗΣ ΠΛΗΡΟΦΟΡΙΑΣ ΑΕ,"«Προμήθεια εξοπλισμών συστημάτων πρόληψης, αντιμετώπισης, διαχείρισης και έγκαιρης προειδοποίησης –",no_findings,0,
2026-03-16T19:31:18.919271+00:00,26SYMV018552231,,- Τμήμα 3:  «Συγκρότημα Επί Οχήματος Πολλαπλών Χρήσεων Πυρόσβεσης για όχημα (UNIMOG),no_findings,0,
2026-03-16T19:31:18.919271+00:00,26SYMV018554537,ΥΠΟΥΡΓΕΙΟ ΝΑΥΤΙΛΙΑΣ ΚΑΙ ΝΗΣΙΩΤΙΚΗΣ ΠΟΛΙΤΙΚΗΣ,"ΣΥΜΒΑΣΗ ΕΥΡΩ : # 37.200,00€ #.-",success,1,
2026-03-16T19:31:18.919271+00:00,26SYMV018558167,ΔΗΜΟΤΙΚΗ ΕΠΙΧΕΙΡΗΣΗ ΥΔΡΕΥΣΗΣ ΑΠΟΧΕΤΕΥΣΗΣ ΣΕΡΡΩΝ (Δ.Ε.Υ.ΑΣ),Παροχή Υπηρεσίας κοπής της αυτοφυούς βλάστησης και του χλοοτάπητα των αντλιοστασίων και κτηρίων της,no_findings,0,
2026-03-16T19:31:18.919271+00:00,26SYMV018562037,ΠΑΝΕΠΙΣΤΗΜΙΟ ΠΕΙΡΑΙΩΣ,Αντικατάσταση πυροσβ. συγκροτήματος λόγω βλάβης & αναβάθμιση συστήματος πυρανίχνευσης(Παν. Πειραιώς),success,1,
2026-03-16T19:31:18.919271+00:00,26SYMV018568598,,Σύμβαση για την Προμήθεια απαραίτητου εξοπλισμού για τις ανάγκες των Πυροσβεστικών Υπηρεσιών του Νομ,no_findings,0,
2026-03-16T19:31:18.919271+00:00,26SYMV018574038,,ΣΥΜΒΑΣΗ ΕΚΤΕΛΕΣΗΣ ΕΡΓΑΣΙΩΝ ΓΙΑ ΤΗΝ ΑΝΤΙΜΕΤΩΠΙΣΗ ΚΑΤΑΣΤΑΣΗΣ ΕΚΤΑΚΤΗΣ ΑΝΑΓΚΗΣ ΠΟΛΙΤΙΚΗΣ ΠΡΟΣΤΑΣΙΑΣ ΠΕΧ,no_findings,0,
2026-03-16T19:31:18.919271+00:00,26SYMV018574412,,ΣΥΜΒΑΣΗ ΕΚΤΕΛΕΣΗΣ ΕΡΓΑΣΙΩΝ ΓΙΑ ΤΗΝ ΑΝΤΙΜΕΤΩΠΙΣΗ ΚΑΤΑΣΤΑΣΗΣ ΕΚΤΑΚΤΗΣ ΑΝΑΓΚΗΣ ΠΟΛΙΤΙΚΗΣ ΠΡΟΣΤΑΣΙΑΣ ΠΕΧ,no_findings,0,
2026-03-16T19:31:18.919271+00:00,26SYMV018575101,,ΕΡΓΑΣΙΕΣ ΚΑΘΑΡΙΣΜΟΥ ΠΡΑΣΙΝΟΥ ΔΗΜΟΤΙΚΗΣ ΕΝΟΤΗΤΑΣ ΝΙΚΗΦΟΡΟΥ-ΔΗΜΟΤΙΚΕΣ ΚΟΙΝΟΤΗΤΕΣ ΠΥΞΑΡΙΟΥ – ΠΛΑΤΑΝΟΒΡΥ,success,1,
2026-03-16T19:31:18.919271+00:00,26SYMV018575975,,ΕΡΓΑΣΙΕΣ ΚΑΘΑΡΙΣΜΟΥ ΠΡΑΣΙΝΟΥ ΔΗΜΟΤΙΚΗΣ ΕΝΟΤΗΤΑΣ ΝΙΚΗΦΟΡΟΥ-ΔΗΜΟΤΙΚΗ ΚΟΙΝΟΤΗΤΑΣ ΑΔΡΙΑΝΗΣ,success,2,
2026-03-16T19:31:18.919271+00:00,26SYMV018576564,,ΕΡΓΑΣΙΕΣ ΚΑΘΑΡΙΣΜΟΥ ΠΡΑΣΙΝΟΥ ΔΗΜΟΤΙΚΗΣ ΕΝΟΤΗΤΑΣ ΝΙΚΗΦΟΡΟΥ-ΔΗΜΟΤΙΚΗ ΚΟΙΝΟΤΗΤΑ ΝΙΚΗΦΟΡΟ,success,2,
2026-03-16T19:31:18.919271+00:00,26SYMV018577547,,ΕΡΓΑΣΙΕΣ ΚΑΘΑΡΙΣΜΟΥ ΠΡΑΣΙΝΟΥ ΔΗΜΟΤΙΚΗΣ ΕΝΟΤΗΤΑΣ ΝΙΚΗΦΟΡΟΥ-ΔΗΜΟΤΙΚΕΣ ΚΟΙΝΟΤΗΤΕΣ ΠΛΑΤΑΝΙΑΣ - ΠΤΕΛΕΑΣ,success,1,
2026-03-16T19:31:18.919271+00:00,26SYMV018579344,ΥΠΟΥΡΓΕΙΟ ΠΕΡΙΒΑΛΛΟΝΤΟΣ ΚΑΙ ΕΝΕΡΓΕΙΑΣ,"Σύμβαση αξίας  30.690,00 με φπα 24% για Υποστηρικτικές εργασίες για τη σύνταξη μελέτης για τον σχεδι",no_findings,0,
2026-03-16T19:31:18.919271+00:00,26SYMV018583407,,ΕΡΓΑΣΙΕΣ ΚΑΘΑΡΙΣΜΟΥ ΟΙΚΟΠΕΔΩΝ-ΔΗΜΟΤΙΚΗ ΚΟΙΝΟΤΗΤΑ ΑΔΡΙΑΝΗΣ,success,1,
2026-03-16T19:31:18.919271+00:00,26SYMV018583954,,ΕΡΓΑΣΙΕΣ ΚΑΘΑΡΙΣΜΟΥ ΟΙΚΟΠΕΔΩΝ ΔΗΜΟΤΙΚΩΝ ΚΟΙΝΟΤΗΤΩΝ ΠΥΞΑΡΙΟΥ – ΠΛΑΤΑΝΟΒΡΥΣΗΣ – ΨΗΛΗΣ ΡΑΧΗΣ,success,1,
2026-03-16T19:31:18.919271+00:00,26SYMV018584520,,ΕΡΓΑΣΙΕΣ ΚΑΘΑΡΙΣΜΟΥ ΟΙΚΟΠΕΔΩΝ ΔΗΜΟΤΙΚΩΝ ΚΟΙΝΟΤΗΤΩΝ ΝΙΚΗΦΟΡΟΥ,success,1,
2026-03-16T19:31:18.919271+00:00,26SYMV018585011,,ΕΡΓΑΣΙΕΣ ΚΑΘΑΡΙΣΜΟΥ ΟΙΚΟΠΕΔΩΝ-ΔΗΜΟΤΙΚΩΝ ΚΟΙΝΟΤΗΤΩΝ ΠΛΑΤΑΝΙΑΣ – ΠΤΕΛΕΑΣ,success,1,
2026-03-16T19:31:18.919271+00:00,26SYMV018586904,,ΔΗΜΙΟΥΡΓΙΑ ΠΕΡΙΜΕΤΡΙΚΩΝ ΑΝΤΙΠΥΡΙΚΩΝ ΖΩΝΩΝ ΜΕΣΟΥ ΠΛΑΤΟΥΣ 10 ΜΕΤΡΩΝ ΠΕΡΙΞ ΟΙΚΙΣΜΩΝ ΕΝΤΟΣ Η΄ ΠΛΗΣΙΟΝ ΔΑ,success,1,
2026-03-16T19:31:18.919271+00:00,26SYMV018592859,,Σύμβαση για την Προμήθεια διασωστικού εξοπλισμού για τις ανάγκες της Πυροσβεστικής Ακαδημίας – Σχολή,no_findings,0,
2026-03-16T19:31:18.919271+00:00,26SYMV018599431,ΥΠΟΥΡΓΕΙΟ ΠΕΡΙΒΑΛΛΟΝΤΟΣ ΚΑΙ ΕΝΕΡΓΕΙΑΣ,ΕΡΓΑ ΑΝΤΙΠΥΡΙΚΗΣ ΠΡΟΣΤΑΣΙΑΣ ΔΧ ΑΙΓΑΛΕΩ ΜΕΓΑΡΩΝ ΠΕΙΡΑΙΑ ΠΕΝΤΕΛΗΣ,success,1,
2026-03-16T19:31:18.919271+00:00,26SYMV018599446,ΥΠΟΥΡΓΕΙΟ ΠΕΡΙΒΑΛΛΟΝΤΟΣ ΚΑΙ ΕΝΕΡΓΕΙΑΣ,ΕΡΓΑ ΑΝΥΙΠΥΡΙΚΗΣ ΠΡΟΣΤΑΣΙΑΣ ΔΧ ΚΑΠΑΝΔΡΙΤΙΟΥ ΠΑΡΝΗΘΑΣ ΠΟΡΟΥ,success,1,
2026-03-16T19:31:18.919271+00:00,26SYMV018604798,,ΑΝΑΒΑΘΜΙΣΗ ΚΑΙ ΕΠΑΝΑΧΡΗΣΗ ΠΑΛΑΙΩΝ ΠΕΡΙΠΑΤΗΤΙΚΩΝ ΜΟΝΟΠΑΤΙΩΝ ΔΗΜΟΥ ΤΕΜΠΩΝ,no_findings,0,
2026-03-16T19:31:18.919271+00:00,26SYMV018607918,,"Σύμβαση ""Κοπή κλάδεμα ψηλών δένδρων -εκρίζωση κορμών δένδρων-αποψιλώσεις-φυτοπροστασία δένδρων""",success,1,
2026-03-16T19:31:18.919271+00:00,26SYMV018607958,ΥΠΟΥΡΓΕΙΟ ΠΕΡΙΒΑΛΛΟΝΤΟΣ ΚΑΙ ΕΝΕΡΓΕΙΑΣ,ΕΡΓΑ ΑΝΤΙΠΥΡΙΚΗΣ ΠΡΟΣΤΑΣΙΑΣ ΔΔ ΔΩΔΕΚΑΝΗΣΟΥ ΛΕΣΒΟΥ ΣΑΜΟΥ ΧΙΟΥ,no_findings,0,
2026-03-16T19:31:18.919271+00:00,26SYMV018618377,,"«AΝΤΙΠΥΡΙΚΗ ΠΡΟΣΤΑΣΙΑ ΥΠΟΔΟΜΩΝ Δ.Ε. ΠΕΤΑΛΙΔΙΟΥ, Δ.Ε. ΒΟΥΦΡΑΔΩΝ ΚΑΙ Δ.Ε. ΑΙΠΕΙΑΣ ΕΤΟΥΣ 2026»",success,1,
2026-03-16T19:31:18.919271+00:00,26SYMV018620560,,ΑΝΤΙΠΥΡΙΚΗ ΠΡΟΣΤΑΣΙΑ ΥΠΟΔΟΜΩΝ Δ.Ε. ΜΕΣΣΗΝΗΣ ΚΑΙ Δ.Ε. ΑΝΔΡΟΥΣΑΣ ΕΤΟΥΣ 2026,success,1,
2026-03-16T19:31:18.919271+00:00,26SYMV018628653,,Σύμβαση περί προμήθειας κ συντήρησης εξοπλισμού πυρασφάλειας Δήμου Χαλκηδόνος.,success,1,
2026-03-16T19:31:18.919271+00:00,26SYMV018638816,ΥΠΟΥΡΓΕΙΟ ΠΕΡΙΒΑΛΛΟΝΤΟΣ ΚΑΙ ΕΝΕΡΓΕΙΑΣ,ΕΡΓΑ ΑΝΤΙΠΥΡΙΚΗΣ ΠΡΟΣΤΑΣΙΑΣ ΔΧ ΙΣΤΙΑΙΑΣ ΛΙΜΝΗΣ,success,1,
2026-03-16T19:31:18.919271+00:00,26SYMV018639041,ΥΠΟΥΡΓΕΙΟ ΠΕΡΙΒΑΛΛΟΝΤΟΣ ΚΑΙ ΕΝΕΡΓΕΙΑΣ,ΕΡΓΑ ΑΝΤΙΠΥΡΙΚΗΣ ΠΡΟΣΤΑΣΙΑΣ ΔΧ ΑΤΑΛΑΝΤΗΣ ΘΗΒΩΝ ΛΙΒΑΔΕΙΑΣ ΣΠΕΡΧΕΙΑΔΑΣ ΧΑΛΚΙΔΑΣ,success,1,
2026-03-16T19:31:18.919271+00:00,26SYMV018642772,ΥΠΟΥΡΓΕΙΟ ΠΕΡΙΒΑΛΛΟΝΤΟΣ ΚΑΙ ΕΝΕΡΓΕΙΑΣ,ΕΡΓΑ ΑΝΤΙΠΥΡΙΚΗΣ ΠΡΟΣΤΑΣΙΑΣ ΔΧ ΣΟΥΦΛΙΟΥ,success,1,
2026-03-17T06:00:52.035006+00:00,26SYMV018645512,ΥΠΟΥΡΓΕΙΟ ΚΛΙΜΑΤΙΚΗΣ ΚΡΙΣΗΣ ΚΑΙ ΠΟΛΙΤΙΚΗΣ ΠΡΟΣΤΑΣΙΑΣ,ΣΥΜΒΑΣΗ ΠΡΟΜΗΘΕΙΑΣ ΑΝΤΛΙΩΝ,no_findings,0,
2026-03-17T06:00:52.035006+00:00,26SYMV018646025,,Σύμβαση Κλαδέματα 2026,success,1,
2026-03-17T06:00:52.035006+00:00,26SYMV018646134,,Καθαρισμός δρόμων με ειδικό καταστροφέα.,success,1,
2026-03-17T06:00:52.035006+00:00,26SYMV018648159,ΥΠΟΥΡΓΕΙΟ ΚΛΙΜΑΤΙΚΗΣ ΚΡΙΣΗΣ ΚΑΙ ΠΟΛΙΤΙΚΗΣ ΠΡΟΣΤΑΣΙΑΣ,ΣΥΜΒΑΣΗ ΠΡΟΜΗΘΕΙΑΣ ΑΝΤΛΙΩΝ,no_findings,0,
2026-03-17T06:00:52.035006+00:00,26SYMV018651306,,ΣΥΝΤΗΡΗΣΗ ΑΘΛΗΤΙΚΩΝ ΧΩΡΩΝ ΚΑΙ ΧΩΡΩΝ ΠΡΑΣΙΝΟΥ ΔΗΜΟΥ ΕΛΛΗΝΙΚΟΥ-ΑΡΓΥΡΟΥΠΟΛΗΣ,no_findings,0,
2026-03-17T06:00:52.035006+00:00,26SYMV018652235,,Υπηρεσία εργασιών καθαρισμού και βελτιώσεων βατότητας μονοπατιών Δήμου Η. Ν. Κάσου,success,1,
2026-03-18T06:05:05.647732+00:00,26SYMV018655800,,ΣΥΜΒΑΣΗ ΥΠΗΡΕΣΙΑΣ ΚΛΑΔΟΚΑΘΑΡΙΣΜΟΙ,success,3,
2026-03-18T06:05:05.647732+00:00,26SYMV018656574,,ΣΥΜΒΑΣΗ ΥΠΗΡΕΣΙΑΣ ΚΛΑΔΟΚΑΘΑΡΙΣΜΟΙ,success,3,
2026-03-18T06:05:05.647732+00:00,26SYMV018661475,ΥΠΟΥΡΓΕΙΟ ΑΓΡΟΤΙΚΗΣ ΑΝΑΠΤΥΞΗΣ ΚΑΙ ΤΡΟΦΙΜΩΝ,ΣΥΜΒΑΣΗ Ανάθεσης εκτέλεσης καλλιεργητικών εργασιών στο κτήμα  του Γρ. Αγρ. Ανάπτ. & Ελέγχων Πειραιά,success,1,
2026-03-18T06:05:05.647732+00:00,26SYMV018661963,ΥΠΟΥΡΓΕΙΟ ΠΕΡΙΒΑΛΛΟΝΤΟΣ ΚΑΙ ΕΝΕΡΓΕΙΑΣ,ΕΡΓΑ ΑΝΤΙΠΥΡΙΚΗΣ ΠΡΟΣΤΑΣΙΑΣ ΔΧ ΚΑΛΑΜΑΤΑΣ ΠΥΡΓΟΥ ΣΠΑΡΤΗΣ,success,1,
2026-03-18T06:05:05.647732+00:00,26SYMV018661994,ΥΠΟΥΡΓΕΙΟ ΠΕΡΙΒΑΛΛΟΝΤΟΣ ΚΑΙ ΕΝΕΡΓΕΙΑΣ,ΕΡΓΑ ΑΝΤΙΠΥΡΙΚΗΣ ΠΡΟΣΤΑΣΙΑΣ ΔΔ ΚΑΣΤΟΡΙΑΣ ΦΛΩΡΙΝΑΣ ΠΡΕΒΕΖΑΣ ΘΕΣΠΡΩΤΙΑΣ ΔΧ ΙΩΑΝΝΙΝΩΝ ΚΟΝΙΤΣΑΣ ΜΕΤΣΟΒΟΥ,no_findings,0,
2026-03-19T06:00:12.890343+00:00,26SYMV018664968,ΑΝΕΞΑΡΤΗΤΟΣ ΔΙΑΧΕΙΡΙΣΤΗΣ ΜΕΤΑΦΟΡΑΣ ΗΛΕΚΤΡΙΚΗΣ ΕΝΕΡΓΕΙΑΣ ΑΔΜΗΕ ΑΕ,Καθαρισμός και απομάκρυνση φερτών υλικών στα πρανή καθώς και κοπή και απομάκρυνση δέντρων και βλάστη,success,1,
2026-03-19T06:00:12.890343+00:00,26SYMV018668685,,Προμήθεια πυροσβεστικής εξάρτησης ημιφορτηγού οχήματος,success,1,
2026-03-19T06:00:12.890343+00:00,26SYMV018670757,ΥΠΟΥΡΓΕΙΟ ΠΕΡΙΒΑΛΛΟΝΤΟΣ ΚΑΙ ΕΝΕΡΓΕΙΑΣ,ΕΡΓΑ ΑΝΤΙΠΥΡΙΚΗΣ ΠΡΟΣΤΑΣΙΑΣ ΔΧ ΑΙΓΙΟΥ ΒΥΤΙΝΑΣ ΠΑΤΡΩΝ,success,1,
2026-03-20T05:54:26.184274+00:00,26SYMV018672770,,ΔΑΠΑΝΗ ΓΙΑ ΠΑΡΟΧΗ ΥΠΗΡΕΣΙΩΝ ΠΟΥ ΑΦΟΡΟΥΝ ΕΡΓΑΣΙΕΣ ΒΟΤΑΝΙΣΜΑΤΟΣ ΜΕ ΒΕΝΖΙΝΟΚΙΝΗΤΟ ΧΟΡΤΟΚΟΠΤΙΚΟ ΠΕΖΟΥ ΧΕ,success,1,
2026-03-20T05:54:26.184274+00:00,26SYMV018672786,,ΕΡΓΑΣΙΕΣ ΚΑΘΑΡΙΣΜΟΥ ΠΡΑΣΙΝΟΥ ΔΗΜΟΤΙΚΗΣ ΕΝΟΤΗΤΑΣ ΠΑΡΑΝΕΣΤΙΟΥ,success,2,
2026-03-20T05:54:26.184274+00:00,26SYMV018674436,,Ανάδειξη-αξιοποίηση και αναβάθμιση διαδρομών και μονοπατιών στο Δήμο Δομοκού,success,1,
2026-03-20T05:54:26.184274+00:00,26SYMV018675023,ΥΠΟΥΡΓΕΙΟ ΕΘΝΙΚΗΣ ΑΜΥΝΑΣ,ΣΥΜΒΑΣΗ Νο 03/26,no_findings,0,
2026-03-20T05:54:26.184274+00:00,26SYMV018675201,ΥΠΟΥΡΓΕΙΟ ΕΘΝΙΚΗΣ ΑΜΥΝΑΣ,ΣΥΜΒΑΣΗ Νο 04/26,no_findings,0,
2026-03-20T05:54:26.184274+00:00,26SYMV018676889,ΥΠΟΥΡΓΕΙΟ ΚΛΙΜΑΤΙΚΗΣ ΚΡΙΣΗΣ ΚΑΙ ΠΟΛΙΤΙΚΗΣ ΠΡΟΣΤΑΣΙΑΣ,ΔΙΟΙΚΗΣΗ ΠΥΡΟΣΒΕΣΤΙΚΩΝ ΥΠΗΡΕΣΙΩΝ ΝΟΜΟΥ ΕΥΒΟΙΑΣ,no_findings,0,
2026-03-20T05:54:26.184274+00:00,26SYMV018677580,ΥΠΟΥΡΓΕΙΟ ΚΛΙΜΑΤΙΚΗΣ ΚΡΙΣΗΣ ΚΑΙ ΠΟΛΙΤΙΚΗΣ ΠΡΟΣΤΑΣΙΑΣ,Σύμβαση προμήθειας ειδικού εξοπλισμού δασοπυρόσβεσης,no_findings,0,
2026-03-20T05:54:26.184274+00:00,26SYMV018678356,ΙΟΝΙΟ ΠΑΝΕΠΙΣΤΗΜΙΟ,Συντήρηση κήπων κτιριακών εγκαταστάσεων του Ιονίου Πανεπιστημίου  στην Κεφαλονιά για το έτος 2026,success,2,
2026-03-20T05:54:26.184274+00:00,26SYMV018680063,,"ΔΑΠΑΝΗ ΚΗΠΟΤΕΧΝΙΚΗΣ ΣΥΝΤΗΡΗΣΗΣ ΣΕ ΠΛΑΤΕΙΕΣ, ΝΗΣΙΔΕΣ ΕΡΕΙΣΜΑΤΑ ΟΔΩΝ ΚΑΙ ΠΕΖΟΔΡΟΜΙΑ",no_findings,0,
2026-03-20T05:54:26.184274+00:00,26SYMV018680228,ΥΠΟΥΡΓΕΙΟ ΠΕΡΙΒΑΛΛΟΝΤΟΣ ΚΑΙ ΕΝΕΡΓΕΙΑΣ,ΕΡΓΑ ΑΝΤΙΠΥΡΙΚΗΣ ΠΡΟΣΤΑΣΙΑΣ ΔΧ ΝΙΓΡΙΤΑΣ ΠΟΛΥΓΥΡΟΥ ΣΕΡΡΩΝ ΣΙΔΗΡΟΚΑΣΤΡΟΥ,success,1,
2026-03-21T05:42:25.097643+00:00,26SYMV018682054,ΥΠΟΥΡΓΕΙΟ ΠΕΡΙΒΑΛΛΟΝΤΟΣ ΚΑΙ ΕΝΕΡΓΕΙΑΣ,ΕΡΓΑ ΑΝΤΙΠΥΡΙΚΗΣ ΠΡΟΣΤΑΣΙΑΣ ΔΧ ΑΛΕΞΑΝΔΡΟΥΠΟΛΗΣ ΔΙΔΥΜΟΤΕΙΧΟΥ,success,1,
2026-03-21T05:42:25.097643+00:00,26SYMV018683633,,Σύμβαση για την ανάθεση της υπηρεσίας με τίτλο «Αγορά και συντήρηση πυροσβεστήρων στα Σχολεία»,success,1,
2026-03-21T05:42:25.097643+00:00,26SYMV018684158,,ΣΥΜΒΑΣΗ ΠΡΟΜΗΘΕΙΑΣ ΔΥΟ ΠΥΡΟΣΒΕΣΤΙΚΩΝ ΟΧΗΜΑΤΩΝ ΤΥΠΟΥ pick up 4X4 ΓΙΑ ΤΗΝ ΠΟΛΙΤΙΚΗ ΠΡΟΣΤΑΣΙΑ,no_findings,0,
2026-03-21T05:42:25.097643+00:00,26SYMV018688311,ΠΑΝΕΠΙΣΤΗΜΙΟ ΠΕΙΡΑΙΩΣ,Παράταση έργου Αντικατάσταση πυροσβ. συγκροτήματος λόγω βλάβης & αναβάθμιση συστήματος πυρανίχνευσης,success,1,
2026-03-21T05:42:25.097643+00:00,26SYMV018689005,ΥΠΟΥΡΓΕΙΟ ΠΕΡΙΒΑΛΛΟΝΤΟΣ ΚΑΙ ΕΝΕΡΓΕΙΑΣ,ΕΡΓΑ ΑΝΤΙΠΥΡΙΚΗΣ ΠΡΟΣΤΑΣΙΑΣ ΔΧ ΚΟΡΙΝΘΟΥ,success,1,
2026-03-24T06:01:16.659553+00:00,26SYMV018691227,ΑΝΕΞΑΡΤΗΤΟΣ ΔΙΑΧΕΙΡΙΣΤΗΣ ΜΕΤΑΦΟΡΑΣ ΗΛΕΚΤΡΙΚΗΣ ΕΝΕΡΓΕΙΑΣ ΑΔΜΗΕ ΑΕ,Καθαρισμός Περιβάλλοντα Χώρου στο ΚΥΤ Παλλήνης,success,1,
2026-03-24T06:01:16.659553+00:00,26SYMV018694499,,Σύμβαση Αποκλάδωσης - κοπής δέντρων 2026,success,1,
2026-03-24T06:01:16.659553+00:00,26SYMV018695230,ΥΠΟΥΡΓΕΙΟ ΠΟΛΙΤΙΣΜΟΥ,ΣΥΜΒΑΣΗ ΓΙΑ ΕΡΓΑΣΙΕΣ ΚΑΘΑΡΙΣΜΟΥ-ΑΠΟΨΙΛΩΣΗΣ ΣΕ ΑΡΧΑΙΟΛΟΓΙΚΟΥΣ ΧΩΡΟΥΣ ΤΗΣ ΕΦΑ ΖΑΚΥΝΘΟΥ,success,3,
2026-03-24T06:01:16.659553+00:00,26SYMV018697437,ΑΝΕΞΑΡΤΗΤΟΣ ΔΙΑΧΕΙΡΙΣΤΗΣ ΜΕΤΑΦΟΡΑΣ ΗΛΕΚΤΡΙΚΗΣ ΕΝΕΡΓΕΙΑΣ ΑΔΜΗΕ ΑΕ,ΔΑΓΥ-26043: Προμήθεια τροχήλατων πυροσβεστήρων 50kg ΞΚ / 35KV,no_findings,0,
2026-03-25T06:01:57.123443+00:00,26SYMV018707525,ΕΛΛΗΝΙΚΑ ΑΜΥΝΤΙΚΑ ΣΥΣΤΗΜΑΤΑ  ΑΒΕΕ,ΠΑΡΟΧΗ ΥΠΗΡΕΣΙΩΝ ΔΗΜΙΟΥΡΓΙΑΣ ΝΕΩΝ & ΣΥΝΤΗΡΗΣΗ ΠΑΛΑΙΩΝ ΑΝΤΙΠΥΡΙΚΩΝ ΖΩΝΩΝ,success,1,
2026-03-27T06:15:26.900747+00:00,26SYMV018709031,ΗΛΕΚΤΡΟΝΙΚΟΣ ΕΘΝΙΚΟΣ ΦΟΡΕΑΣ ΚΟΙΝΩΝΙΚΗΣ ΑΣΦΑΛΙΣΗΣ,ΣΥΜΒΑΣΗ  EVERGREEN OE (καθαρ βλάστησης περιβάλλον χώρου Φιλ Εταιρείας 6) ΤΔ Καβάλας,success,1,
2026-03-27T06:15:26.900747+00:00,26SYMV018709112,,Εργασίες καθαρισμού γύρω από τα όρια των οικισμών  ΠΛΑΤΑΝΙΑΣ – ΠΤΕΛΕΑΣ,success,1,
2026-03-27T06:15:26.900747+00:00,26SYMV018709612,,Εργασίες καθαρισμού γύρω από τα όρια των οικισμών Νικηφόρου,success,1,
2026-03-27T06:15:26.900747+00:00,26SYMV018710175,,Εργασίες καθαρισμού γύρω από τα όρια των οικισμών Αδριανής,success,1,
2026-03-27T06:15:26.900747+00:00,26SYMV018710695,,Εργασίες καθαρισμού γύρω από τα όρια των οικισμών Πυξαρίου-Πλατανόβρυσης-Ψηλής Ράχης,success,1,
2026-03-27T06:15:26.900747+00:00,26SYMV018712447,ΥΠΟΥΡΓΕΙΟ ΚΛΙΜΑΤΙΚΗΣ ΚΡΙΣΗΣ ΚΑΙ ΠΟΛΙΤΙΚΗΣ ΠΡΟΣΤΑΣΙΑΣ,Σύμβαση προμήθειας κινητής επιχειρησιακής μονάδας δασοπυρόσβεσης,no_findings,0,
2026-03-28T05:58:48.333129+00:00,26SYMV018718889,ΥΠΟΥΡΓΕΙΟ ΠΕΡΙΒΑΛΛΟΝΤΟΣ ΚΑΙ ΕΝΕΡΓΕΙΑΣ,ΣΥΜΒΑΣΗ ΓΙΑ ΤΗΝ ΕΚΤΕΛΕΣΗ ΕΡΓΩΝ ΑΝΤΙΠΥΡΙΚΗΣ ΠΡΟΣΤΑΣΙΑΣ ΔΧ ΘΑΣΟΥ ΔΡΑΜΑΣ Κ.ΝΕΥΡΟΚΟΠΙΟΥ ΣΤΑΥΡΟΥΠΟΛΗΣ,success,1,
2026-03-28T05:58:48.333129+00:00,26SYMV018719683,,Προμήθεια  μίσθωση  μηχανημάτων  πυρασφάλειας  Δ. Ε. Σούρπης.,success,2,
2026-03-28T05:58:48.333129+00:00,26SYMV018720707,,ΑΠΟΨΙΛΩΣΕΙΣ -ΚΛΑΔΕΜΑ ΔΕΝΤΡΩΝ ΣΕ ΚΟΙΝ.ΧΩΡΟΥΣ ΜΑΛΑΚΑΣΙΟΥ,success,1,
2026-03-28T05:58:48.333129+00:00,26SYMV018721211,,ΑΠΟΨΙΛΩΣΕΙΣ-ΚΛΑΔΕΜΑ ΔΕΝΤΡΩΝ ΣΕ ΚΟΙΝ.ΧΩΡΟΥΣ & ΑΛΣΥΛΙΑ Δ.Ε.ΚΑΛΑΜΠΑΚΑΣ,success,1,
2026-03-28T05:58:48.333129+00:00,26SYMV018722244,ΕΛΛΗΝΙΚΑ ΑΜΥΝΤΙΚΑ ΣΥΣΤΗΜΑΤΑ  ΑΒΕΕ,ΣΥΜΒΑΣΗ ΜΕ ΑΡΙΘΜΟ 4500072439 ΠΑΡΟΧΗ ΥΠΗΡΕΣΙΩΝ ΑΠΟΨΙΛΩΣΗΣ ΚΑΙ ΚΑΘΑΡΙΣΜΟΥ,success,1,
2026-03-28T05:58:48.333129+00:00,26SYMV018724985,ΔΗΜΟΤΙΚΗ ΕΠΙΧΕΙΡΗΣΗ ΥΔΡΕΥΣΗΣ &  ΑΠΟΧΕΤΕΥΣΗΣ ΚΙΛΕΛΕΡ,Εργασίες καθαρισμού περιβάλλοντος χώρου γεωτρήσεων - δεξαμενών,success,1,
2026-03-28T05:58:48.333129+00:00,26SYMV018725481,ΥΠΟΥΡΓΕΙΟ ΠΕΡΙΒΑΛΛΟΝΤΟΣ ΚΑΙ ΕΝΕΡΓΕΙΑΣ,ΣΥΜΒΑΣΗ ΕΚΤΕΛΕΣΗΣ ΕΡΓΩΝ ΑΝΤΙΠΥΡΙΚΗΣ ΠΡΟΣΤΑΣΙΑΣ ΔΔ ΡΟΔΟΠΗΣ ΔΧ ΚΙΛΚΙΣ,success,1,
2026-04-01T06:29:04.146508+00:00,26SYMV018737316,,ΕΡΓΑΣΙΕΣ ΕΥΠΡΕΠΙΣΜΟΥ ΚΑΙ ΚΑΘΑΡΙΟΤΗΤΑΣ ΣΤΑ ΔΗΜΟΤΙΚΑ ΚΟΙΜΗΤΗΡΙΑ,success,1,
2026-04-01T06:29:04.146508+00:00,26SYMV018739467,ΥΠΟΥΡΓΕΙΟ ΠΕΡΙΒΑΛΛΟΝΤΟΣ ΚΑΙ ΕΝΕΡΓΕΙΑΣ,ΣΥΜΒΑΣΗ ΕΚΤΕΛΕΣΗΣ ΕΡΓΩΝ ΑΝΤΙΠΥΡΙΚΗΣ ΠΡΟΣΤΑΣΙΑΣ ΔΔ ΦΩΚΙΔΑΣ ΔΧ ΕΛΑΣΣΟΝΑΣ,success,1,
2026-04-01T06:29:04.146508+00:00,26SYMV018739779,ΥΠΟΥΡΓΕΙΟ ΕΘΝΙΚΗΣ ΑΜΥΝΑΣ,ΠΑΡΟΧΗ ΥΠΗΡΕΣΙΩΝ ΤΕΧΝΙΚΟΥ ΣΥΜΒΟΥΛΟΥ,success,1,
2026-04-01T06:29:04.146508+00:00,26SYMV018741244,,ΣΥΜΦΩΝΗΤΙΚΟ ΑΠΟΨΙΛΩΣΗΣ ΚΟΙΝΟΧΡΗΣΤΩΝ ΧΩΡΩΝ ΚΑΙ ΟΙΚΟΠΕΔΩΝ ΓΙΑ ΠΥΡΟΠΡΟΣΤΑΣΙΑ,success,1,
2026-04-01T06:29:04.146508+00:00,26SYMV018741692,,ΑΠΟΨΙΛΩΣΕΙΣ,success,1,
2026-04-01T06:29:04.146508+00:00,26SYMV018741919,,ΑΠΟΨΙΛΩΣΕΙΣ,success,1,
2026-04-01T06:29:04.146508+00:00,26SYMV018743762,ΥΠΟΥΡΓΕΙΟ ΠΟΛΙΤΙΣΜΟΥ,"ΣΥΜΒΑΣΗ ΓΙΑ ΕΡΓΑΣΙΕΣ ΑΠΟΨΙΛΩΣΗΣ ΒΛΑΣΤΗΣΗΣ ΣΕ ΧΩΡΥΣ ΑΡΜΟΔΙΟΤΗΤΑΣ ΕΦΑΑΡΓ ΠΟΣΟΥ 36.900,00€",no_findings,0,
2026-04-01T06:29:04.146508+00:00,26SYMV018744710,,“Εργασίες συντήρησης πρασίνου σε κοινόχρηστους χώρους”,success,1,
2026-04-01T06:29:04.146508+00:00,26SYMV018745039,,ΑΠΟΨΙΛΩΣΕΙΣ-ΚΛΑΔΕΜΑ ΔΕΝΤΡΩΝ ΣΕ ΚΟΙΝ.ΧΩΡΟΥΣ & ΑΛΣΥΛΙΑ Δ.Ε. ΚΛΕΙΝΟΒΟΥ,success,1,
2026-04-01T06:29:04.146508+00:00,26SYMV018745251,,ΑΠΟΨΙΛΩΣΕΙΣ-ΚΛΑΔΕΜΑ ΔΕΝΤΡΩΝ ΣΕ ΚΟΙΝ.ΧΩΡΟΥΣ & ΑΛΣΥΛΙΑ Δ.Ε. ΚΑΛΑΜΠΑΚΑΣ,success,1,
2026-04-01T06:29:04.146508+00:00,26SYMV018745692,,ΑΠΟΨΙΛΩΣΕΙΣ-ΚΛΑΔΕΜΑ ΔΕΝΤΡΩΝ ΣΕ ΚΟΙΝ.ΧΩΡΟΥΣ & ΑΛΣΥΛΙΑ Δ.Ε. ΒΑΣΙΛΙΚΗΣ,success,1,
2026-04-02T06:14:56.920055+00:00,26SYMV018748708,,«ΚΟΠΗ ΧΟΡΤΩΝ ΚΟΙΝΟΤΗΤΩΝ Δ.Ε. ΠΗΝΕΙΑΣ»,success,1,
2026-04-02T06:14:56.920055+00:00,26SYMV018750112,ΗΛΕΚΤΡΟΝΙΚΟΣ ΕΘΝΙΚΟΣ ΦΟΡΕΑΣ ΚΟΙΝΩΝΙΚΗΣ ΑΣΦΑΛΙΣΗΣ,Σύμβαση που αφορά υπηρ.αποψίλωσης και καθαρισμού οικοπ. εκτάσεων αρμ.ΠΥΣΥ Κ.Μακεδονίας 2026,success,2,
2026-04-02T06:14:56.920055+00:00,26SYMV018751023,ΥΠΟΥΡΓΕΙΟ ΠΟΛΙΤΙΣΜΟΥ,"ΣΥΜΒΑΣΗ για υπηρεσίες απολύμανσης, μυοκτονίας και απεντόμωσης σε χώρους αρμοδιότητας της ΕΕΑ στην Πύ",no_findings,0,
2026-04-02T06:14:56.920055+00:00,26SYMV018752098,ΥΠΟΥΡΓΕΙΟ ΚΛΙΜΑΤΙΚΗΣ ΚΡΙΣΗΣ ΚΑΙ ΠΟΛΙΤΙΚΗΣ ΠΡΟΣΤΑΣΙΑΣ,ΣΥΜΒΑΣΗ ΥΠ' ΑΡΙΘ. 02 / 2026.,no_findings,0,
2026-04-02T06:14:56.920055+00:00,26SYMV018754532,ΥΠΟΥΡΓΕΙΟ ΚΛΙΜΑΤΙΚΗΣ ΚΡΙΣΗΣ ΚΑΙ ΠΟΛΙΤΙΚΗΣ ΠΡΟΣΤΑΣΙΑΣ,Σύμβαση προμήθειας επιχειρησιακού εξοπλισμού της 9ης ΕΜΟΔΕ,no_findings,0,
2026-04-02T06:14:56.920055+00:00,26SYMV018754679,,Εργασίες κοπής χόρτων και συντήρησης χώρων πρασίνου του Δήμου Δίου-Ολύμπου για τα έτη 2026 και 2027,success,1,
2026-04-02T06:14:56.920055+00:00,26SYMV018755812,ΥΠΟΥΡΓΕΙΟ ΠΕΡΙΒΑΛΛΟΝΤΟΣ ΚΑΙ ΕΝΕΡΓΕΙΑΣ,ΣΥΜΒΑΣΗ ΕΚΤΕΛΕΣΗΣ ΕΡΓΩΝ ΑΝΤΙΠΥΡΙΚΗΣ ΠΡΟΣΤΑΣΙΑΣ ΔΔ ΗΡΑΚΛΕΙΟΥ ΛΑΣΙΘΙΟΥ ΡΕΘΥΜΝΟΥ ΧΑΝΙΩΝ,success,1,
2026-04-02T06:14:56.920055+00:00,26SYMV018756094,ΥΠΟΥΡΓΕΙΟ ΠΕΡΙΒΑΛΛΟΝΤΟΣ ΚΑΙ ΕΝΕΡΓΕΙΑΣ,ΣΥΜΒΑΣΗ ΕΚΤΕΛΕΣΗΣ ΕΡΓΩΝ ΑΝΤΙΠΥΡΙΚΗΣ ΠΡΟΣΤΑΣΙΑΣ ΔΧ ΟΛΥΜΠΙΑΣ,success,1,
2026-04-02T06:14:56.920055+00:00,26SYMV018757035,ΗΛΕΚΤΡΟΝΙΚΟΣ ΕΘΝΙΚΟΣ ΦΟΡΕΑΣ ΚΟΙΝΩΝΙΚΗΣ ΑΣΦΑΛΙΣΗΣ,ΣΥΜΒΑΣΗ: ΕΚΣΥΓΧΡΟΝΙΣΜΟΣ ΣΥΣΤΗΜΑΤΩΝ & ΜΕΣΩΝ ΕΝΕΡΓΗΤΙΚΗΣ ΠΥΡΟΠΡΟΣΤΑΣΙΑΣ (ΤΔ ΠΡΕΒΕΖΑΣ),success,1,
2026-04-02T06:14:56.920055+00:00,26SYMV018757352,,υπηρεσιών για ΜΙΣΘΩΣΗ ΜΗΧΑΝΗΜΑΤΟΣ ΓΙΑ ΠΟΛΙΤΙΚΗ ΠΡΟΣΤΑΣΙΑ,no_findings,0,
2026-04-02T06:14:56.920055+00:00,26SYMV018757403,ΑΝΕΞΑΡΤΗΤΟΣ ΔΙΑΧΕΙΡΙΣΤΗΣ ΜΕΤΑΦΟΡΑΣ ΗΛΕΚΤΡΙΚΗΣ ΕΝΕΡΓΕΙΑΣ ΑΔΜΗΕ ΑΕ,ΔΕΑ-526009_ΥΠΗΡΕΣΙΕΣ ΑΠΟΨΙΛΩΣΕΩΝ & ΚΛΑΔΕΜΑΤΩΝ ΓΡΑΜΜΩΝ ΜΕΤΑΦΟΡΑΣ /ΠΤΒΕ,success,2,
2026-04-03T06:14:53.239194+00:00,26SYMV018759536,ΥΠΟΥΡΓΕΙΟ ΕΘΝΙΚΗΣ ΑΜΥΝΑΣ,Εν Συνεχεία Υποστήριξη του Συστήματος Αεροπυρόσβεσης CL 215-415 – Eπισκευές υλικών CL-215/415 (ΤΜΗΜΑ,no_findings,0,
2026-04-03T06:14:53.239194+00:00,26SYMV018760591,ΥΠΟΥΡΓΕΙΟ ΠΟΛΙΤΙΣΜΟΥ,ΣΥΜΒΑΣΗ για υπηρεσίες απεντόμωσης σε χώρους αρμοδιότητας της ΕΕΑ στην Αθήνα με τη διαδικασία της απε,no_findings,0,
2026-04-03T06:14:53.239194+00:00,26SYMV018767793,ΕΛΛΗΝΙΚΑ ΑΜΥΝΤΙΚΑ ΣΥΣΤΗΜΑΤΑ  ΑΒΕΕ,"ΠΑΡΟΧΗ ΥΠΗΡΕΣΙΩΝ ΑΠΟΨΙΛΩΣΗΣ ΚΑΙ ΚΑΘΑΡΙΣΜΟΥ», ΓΙΑ ΤΗΝ ΚΑΛΥΨΗ ΑΝΑΓΚΩΝ ΤΟΥ ΕΡΓΟΣΤΑΣΙΟΥ ΥΜΗΤΤΟΥ",success,1,
2026-04-03T06:14:53.239194+00:00,26SYMV018768552,ΥΠΟΥΡΓΕΙΟ ΠΕΡΙΒΑΛΛΟΝΤΟΣ ΚΑΙ ΕΝΕΡΓΕΙΑΣ,ΣΥΜΒΑΣΗ ΓΙΑ ΤΗΝ ΕΚΤΕΛΕΣΗ ΤΟΥ ΕΡΓΟΥ «Εργασίες αποκατάστασης - αναδάσωσης με Χαλέπιο Πεύκη στο Δημόσιο,no_findings,0,
2026-04-03T06:14:53.239194+00:00,26SYMV018768591,,ΚΛΑΔΟΚΑΘΑΡΙΣΜΟΙ – ΓΕΝΙΚΟΙ ΚΑΘΑΡΙΣΜΟΙ ΠΟΛΙΤΙΚΗ ΠΡΟΣΤΑΣΙΑ,success,3,
2026-04-03T14:44:17.876815+00:00,26SYMV018727367,ΥΠΟΥΡΓΕΙΟ ΠΟΛΙΤΙΣΜΟΥ,"ΕΡΓΑΣΙΕΣ ΚΑΘΑΡΙΣΜΟΥ (ΑΠΟΨΙΛΩΣΗ ΧΟΡΤΩΝ, ΑΠΟΜΑΚΡΥΝΣΗ ΑΥΤΩΝ ΚΑΙ ΡΑΝΤΙΣΜΑ) ΑΡΧΑΙΟΛΟΓΙΚΩΝ ΧΩΡΩΝ ΤΗΣ ΕΦ.Α.",success,1,
2026-04-03T14:44:17.876815+00:00,26SYMV018727701,,ΣΥΜΒΑΣΗ ΠΑΡΟΧΗΣ ΥΠΗΡΕΣΙΩΝ ΓΙΑ ΤΗΝ ΠΡΟΣΤΑΣΙΑ ΔΕΝΔΡΟΣΤΟΙΧΙΩΝ ΚΑΙ ΑΛΣΥΛΛΙΩΝ,no_findings,0,
2026-04-03T14:44:17.876815+00:00,26SYMV018735318,ΥΠΟΥΡΓΕΙΟ ΠΟΛΙΤΙΣΜΟΥ,"ΣΥΜΒΑΣΗ ΓΙΑ ΤΗΝ ΕΚΤΕΛΕΣΗ ΕΡΓΑΣΙΩΝ ΑΠΟΨΙΛΩΣΗΣ, ΑΠΟΜΑΚΡΥΝΣΗΣ ΤΩΝ ΠΡΟΪΟΝΤΩΝ ΑΠΟΨΙΛΩΣΗΣ ΚΑΙ ΤΕΛΙΚΟ ΚΑΘΑΡ",success,1,
2026-04-03T14:44:17.876815+00:00,26SYMV018767789,,ΣΥΜΦΩΝΗΤΙΚΟ   ΑΝΑΘΕΣΗΣ   ΥΠΗΡΕΣΙΑΣ «ΜΙΣΘΩΣΗ ΜΗΧΑΝΗΜΑΤΩΝ ΕΡΓΟΥ ΓΙΑ ΚΑΘΑΡΙΣΜΟ ΔΡΟΜΩΝ ΓΙΑ ΠΥΡΟΠΡΟΣΤΑΣΙΑ,success,2,
2026-04-03T14:44:17.876815+00:00,26SYMV018768156,,ΣΥΜΦΩΝΗΤΙΚΟ   ΑΝΑΘΕΣΗΣ   ΥΠΗΡΕΣΙΑΣ «ΜΙΣΘΩΣΗ ΜΗΧΑΝΗΜΑΤΩΝ ΕΡΓΟΥ ΓΙΑ ΚΑΘΑΡΙΣΜΟ ΔΡΟΜΩΝ ΓΙΑ ΠΥΡΟΠΡΟΣΤΑΣΙΑ,success,1,
2026-04-04T05:59:05.485700+00:00,26SYMV018354251,ΥΠΟΥΡΓΕΙΟ ΚΛΙΜΑΤΙΚΗΣ ΚΡΙΣΗΣ ΚΑΙ ΠΟΛΙΤΙΚΗΣ ΠΡΟΣΤΑΣΙΑΣ,ΔΙΟΙΚΗΣΗ ΠΥΡΟΣΒΕΣΤΙΚΩΝ ΥΠΗΡΕΣΙΩΝ ΝΟΜΟΥ ΕΥΒΟΙΑΣ,success,1,
2026-04-04T05:59:05.485700+00:00,26SYMV018364775,ΥΠΟΥΡΓΕΙΟ ΚΛΙΜΑΤΙΚΗΣ ΚΡΙΣΗΣ ΚΑΙ ΠΟΛΙΤΙΚΗΣ ΠΡΟΣΤΑΣΙΑΣ,"ΣΥΜΒΑΣΗ € 8.406,42 για την παροχή υπηρεσιών για τον καθαρισμό των κτιριακών εγκαταστάσεων των Πυροσβ",no_findings,0,
2026-04-04T05:59:05.485700+00:00,26SYMV018401117,,ΠΡΟΜΗΘΕΙΑ ΒΕΝΖΙΝΟΚΙΝΗΤΩΝ ΚΑΙ ΠΕΤΡΕΛΑΙΟΚΙΝΗΤΩΝ ΦΟΡΗΤΩΝ ΣΥΓΚΡΟΤΗΜΑΤΩΝ ΠΥΡΟΣΒΕΣΗΣ/ΑΝΤΛΗΣΗΣ,no_findings,0,
2026-04-04T05:59:05.485700+00:00,26SYMV018421533,ΥΠΟΥΡΓΕΙΟ ΚΛΙΜΑΤΙΚΗΣ ΚΡΙΣΗΣ ΚΑΙ ΠΟΛΙΤΙΚΗΣ ΠΡΟΣΤΑΣΙΑΣ,ΓΙΑ ΤΟΝ ΚΑΘΑΡΙΣΜΟ ΤΩΝ ΚΤΙΡΙΩΝ ΤΗΣ ΠΥΡΟΣΒΕΣΤΙΚΗΣ ΥΠΗΡΕΣΙΑΣ ΚΑΛΑΜΑΤΑΣ ΚΑΙ ΤΗΣ  Π.Υ.Π/Α ΚΑΛΑΜΑΤΑΣ  ΚΑΙ,success,1,
2026-04-04T05:59:05.485700+00:00,26SYMV018477325,,ΕΓΚΑΤΑΣΤΑΣΗ ΕΞΟΜΟΙΩΤΗ ΠΥΡΚΑΓΙΑΣ ΣΕ ΑΕΡΟΣΚΑΦΟΣ ΣΤΟ ΟΙΚΟΠΕΔΟ ΤΗΣ ΣΧΟΛΗΣ ΠΥΡΟΣΒΕΣΤΩΝ ΣΤΗΝ ΠΤΟΛΕΜΑΪΔΑ,no_findings,0,
2026-04-04T05:59:05.485700+00:00,26SYMV018500905,ΚΕΝΤΡΟ ΚΟΙΝΩΝΙΚΗΣ ΠΡΟΝΟΙΑΣ ΠΕΡΙΦΕΡΕΙΑΣ ΑΤΤΙΚΗΣ,ΣΥΜΒΑΣΗ ΠΡΟΜΗΘΕΙΑΣ ΚΑΙ ΕΓΚΑΤΑΣΤΑΣΗΣ ΠΥΡΟΣΒΕΣΤΗΡΩΝ ΣΤ Κ.Υ ΤΟΥ ΚΚΠΠΑ,success,1,
2026-04-04T05:59:05.485700+00:00,26SYMV018535713,ΥΠΟΥΡΓΕΙΟ ΕΘΝΙΚΗΣ ΑΜΥΝΑΣ,Σύμβαση για την συντήρηση-επισκευή 5 συστημάτων πυρόσβεσης των ΔΑΠ της 680 ΠΑΠ,success,1,
2026-04-04T05:59:05.485700+00:00,26SYMV018582936,,Σύμβαση για  προμήθεια και συντήρηση -έλεγχο πυροσβεστήρων-.,success,1,
2026-04-04T05:59:05.485700+00:00,26SYMV018591438,ΕΙΔΙΚΟΣ ΠΕΡΙΦΕΡΕΙΑΚΟΣ ΔΙΑΒΑΘΜΙΔΙΚΟΣ ΦΟΡΕΑΣ ΔΙΑΧΕΙΡΙΣΗΣ ΣΤΕΡΕΩΝ ΑΠΟΒΛΗΤΩΝ ΝΟΤΙΟΥ ΑΙΓΑΙΟΥ ΑΝΩΝΥΜΗ ΕΤΑΙΡΕΙΑ,"ΣΥΜΒΑΣΗ""Αντικατάσταση Πυροσβεστικού Συγκροτήματος και Τροποποιήσεις Εγκατάστασης στο Χυτά Β. Ρόδου""",success,1,
2026-04-04T05:59:05.485700+00:00,26SYMV018623418,ΔΗΜΟΤΙΚΗ ΕΠΙΧΕΙΡΗΣΗ ΥΔΡΕΥΣΗΣ ΑΠΟΧΕΤΕΥΣΗΣ (Δ.Ε.Υ.Α.) ΘΕΡΜΑΙΚΟΥ,Προμήθεια πυροσβεστικών υδροστομίων και εξαρτημάτων,success,1,
2026-04-04T05:59:05.485700+00:00,26SYMV018718791,ΣΥΝΔΕΣΜΟΣ ΠΡΟΣΤΑΣΙΑΣ ΚΑΙ ΑΝΑΠΤΥΞΗΣ ΥΜΗΤΤΟΥ,ΣΥΜΒΑΣΗ 3/26 Τ.Ε. ΣΥΜΒΟΥΛΕΥΤΙΚΕΣ ΥΠΗΡΕΣΙΕΣ ΔΑΣΟΠΡΟΣΤΑΣΙΑΣ – ΔΑΣΟΠΥΡΟΣΒΕΣΗΣ ΥΜΗΤΤΟΥ,no_findings,0,
2026-04-04T05:59:05.485700+00:00,26SYMV018767862,,ΕΓΚΑΤΑΣΤΑΣΗ ΕΞΟΜΟΙΩΤΗ ΠΥΡΚΑΓΙΑΣ ΣΕ ΑΕΡΟΣΚΑΦΟΣ ΣΤΟ ΟΙΚΟΠΕΔΟ ΤΗΣ ΣΧΟΛΗΣ ΠΥΡΟΣΒΕΣΤΩΝ ΣΤΗΝ ΠΤΟΛΕΜΑΪΔΑ,no_findings,0,
2026-04-04T05:59:05.485700+00:00,26SYMV018770141,,ΣΥΜΦΩΝΗΤΙΚΟ   ΑΝΑΘΕΣΗΣ   ΥΠΗΡΕΣΙΑΣ «ΜΙΣΘΩΣΗ ΜΗΧΑΝΗΜΑΤΩΝ ΕΡΓΟΥ ΓΙΑ ΚΑΘΑΡΙΣΜΟ ΔΡΟΜΩΝ ΓΙΑ ΠΥΡΟΠΡΟΣΤΑΣΙΑ,success,1,
2026-04-04T05:59:05.485700+00:00,26SYMV018770226,,ΣΥΜΦΩΝΗΤΙΚΟ   ΑΝΑΘΕΣΗΣ   ΥΠΗΡΕΣΙΑΣ «ΜΙΣΘΩΣΗ ΜΗΧΑΝΗΜΑΤΩΝ ΕΡΓΟΥ ΓΙΑ ΚΑΘΑΡΙΣΜΟ ΔΡΟΜΩΝ ΓΙΑ ΠΥΡΟΠΡΟΣΤΑΣΙΑ,success,1,
2026-04-04T05:59:05.485700+00:00,26SYMV018771369,,ΣΥΜΒΑΣΗ ΠΑΡΟΧΗΣ ΕΡΓΑΣΙΩΝ ΣΥΝΤΗΡΗΣΗΣ ΧΩΡΩΝ ΠΡΑΣΙΝΟΥ ΣΤΗ Δ.Ε. ΤΡΙΚΚΑΙΩΝ,success,1,
2026-04-04T05:59:05.485700+00:00,26SYMV018771406,,ΣΥΜΒΑΣΗ ΠΑΡΟΧΗΣ ΕΡΓΑΣΙΩΝ ΣΥΝΤΗΡΗΣΗΣ ΧΩΡΩΝ ΠΡΑΣΙΝΟΥ ΣΤΗ Δ.Ε. ΚΟΖΙΑΚΑ,success,1,
2026-04-04T05:59:05.485700+00:00,26SYMV018771743,,ΣΥΜΒΑΣΗ ΠΑΡΟΧΗΣ ΕΡΓΑΣΙΩΝ ΣΥΝΤΗΡΗΣΗΣ ΧΩΡΩΝ ΠΡΑΣΙΝΟΥ ΣΤΗ Δ.Ε. ΚΟΖΙΑΚΑ,success,1,
2026-04-04T05:59:05.485700+00:00,26SYMV018772655,,ΣΥΜΒΑΣΗ ΠΑΡΟΧΗΣ ΕΡΓΑΣΙΩΝΣΥΝΤΗΡΗΣΗΣ ΧΩΡΩΝ ΠΡΑΣΙΝΟΥ ΣΤΗ Δ.Ε. ΠΑΛΗΟΚΑΣΤΡΟΥ,success,1,
2026-04-04T05:59:05.485700+00:00,26SYMV018772954,,ΣΥΜΒΑΣΗ ΠΑΡΟΧΗΣ ΕΡΓΑΣΙΩΝ ΣΥΝΤΗΡΗΣΗΣ ΧΩΡΩΝ ΠΡΑΣΙΝΟΥ ΣΤΗ Δ.Ε. ΠΑΛΗΟΚΑΣΤΡΟΥ,success,1,
2026-04-04T05:59:05.485700+00:00,26SYMV018773943,,ΣΥΜΒΑΣΗ ΠΑΡΟΧΗΣ ΕΡΓΑΣΙΩΝ ΣΥΝΤΗΡΗΣΗΣ ΧΩΡΩΝ ΠΡΑΣΙΝΟΥ ΣΤΗ Δ.Ε. ΕΣΤΙΑΙΩΤΙΔΑΣ,success,1,
2026-04-04T05:59:05.485700+00:00,26SYMV018774071,,ΣΥΜΒΑΣΗ ΠΑΡΟΧΗΣ ΕΡΓΑΣΙΩΝ ΣΥΝΤΗΡΗΣΗΣ ΧΩΡΩΝ ΠΡΑΣΙΝΟΥ ΣΤΗ Δ.Ε. ΤΡΙΚΚΑΙΩΝ,success,1,
2026-04-04T05:59:05.485700+00:00,26SYMV018774453,,ΣΥΜΒΑΣΗ ΠΑΡΟΧΗΣ ΕΡΓΑΣΙΩΝ ΣΥΝΤΗΡΗΣΗΣ ΧΩΡΩΝ ΠΡΑΣΙΝΟΥ ΣΤΗ Δ.Ε. ΤΡΙΚΚΑΙΩΝ,success,1,
2026-04-04T05:59:05.485700+00:00,26SYMV018774794,,ΣΥΜΒΑΣΗ ΠΑΡΟΧΗΣ ΕΡΓΑΣΙΩΝ ΣΥΝΤΗΡΗΣΗΣ ΧΩΡΩΝ ΠΡΑΣΙΝΟΥ ΣΤΗ Δ.Ε. ΕΣΤΙΑΙΩΤΙΔΑΣ,success,1,
2026-04-04T05:59:05.485700+00:00,26SYMV018774862,,ΣΥΜΒΑΣΗ ΠΑΡΟΧΗΣ ΕΡΓΑΣΙΩΝ ΣΥΝΤΗΡΗΣΗΣ ΧΩΡΩΝ ΠΡΑΣΙΝΟΥ ΣΤΗ Δ.Ε. ΤΡΙΚΚΑΙΩΝ,success,1,
2026-04-04T05:59:05.485700+00:00,26SYMV018775398,,ΣΥΜΒΑΣΗ ΠΑΡΟΧΗΣ ΕΡΓΑΣΙΩΝ ΣΥΝΤΗΡΗΣΗΣ ΧΩΡΩΝ ΠΡΑΣΙΝΟΥ ΣΤΗ Δ.Ε. ΤΡΙΚΚΑΙΩΝ,success,1,
2026-04-04T05:59:05.485700+00:00,26SYMV018775741,,ΣΥΜΒΑΣΗ ΠΑΡΟΧΗΣ ΕΡΓΑΣΙΩΝ ΣΥΝΤΗΡΗΣΗΣ ΧΩΡΩΝ ΠΡΑΣΙΝΟΥ ΣΤΗ Δ.Ε. ΜΕΓΑΛΩΝ ΚΑΛΥΒΙΩΝ,success,1,
2026-04-04T05:59:05.485700+00:00,26SYMV018776033,,ΣΥΜΒΑΣΗ ΠΑΡΟΧΗΣ ΕΡΓΑΣΙΩΝ ΣΥΝΤΗΡΗΣΗΣ ΧΩΡΩΝ ΠΡΑΣΙΝΟΥ ΣΤΗ Δ.Ε. ΜΕΓΑΛΩΝ ΚΑΛΥΒΙΩΝ,success,1,
2026-04-04T05:59:05.485700+00:00,26SYMV018776935,,ΣΥΜΒΑΣΗ ΠΑΡΟΧΗΣ ΕΡΓΑΣΙΩΝ ΣΥΝΤΗΡΗΣΗΣ ΧΩΡΩΝ ΠΡΑΣΙΝΟΥ ΣΤΗ Δ.Ε. ΦΑΛΩΡΕΙΑΣ,success,1,
2026-04-04T05:59:05.485700+00:00,26SYMV018777461,,ΣΥΜΒΑΣΗ ΠΑΡΟΧΗΣ ΕΡΓΑΣΙΩΝ ΣΥΝΤΗΡΗΣΗΣ ΧΩΡΩΝ ΠΡΑΣΙΝΟΥ ΣΤΗ Δ.Ε. ΠΑΡΑΛΗΘΑΙΩΝ,success,1,
2026-04-04T05:59:05.485700+00:00,26SYMV018777845,,ΣΥΜΒΑΣΗ ΠΑΡΟΧΗΣ ΕΡΓΑΣΙΩΝ ΣΥΝΤΗΡΗΣΗΣ ΧΩΡΩΝ ΠΡΑΣΙΝΟΥ ΣΤΗ Δ.Ε. ΠΑΡΑΛΗΘΑΙΩΝ,success,1,
2026-04-04T05:59:05.485700+00:00,26SYMV018779100,,ΣΥΜΒΑΣΗ ΠΑΡΟΧΗΣ ΕΡΓΑΣΙΩΝ ΣΥΝΤΗΡΗΣΗΣ ΧΩΡΩΝ ΠΡΑΣΙΝΟΥ ΣΤΗ Δ.Ε.ΚΑΛΛΙΔΕΝΔΡΟΥ,success,1,
2026-04-04T05:59:05.485700+00:00,26SYMV018779228,,ΣΥΜΒΑΣΗ ΠΑΡΟΧΗΣ ΕΡΓΑΣΙΩΝ ΣΥΝΤΗΡΗΣΗΣ ΧΩΡΩΝ ΠΡΑΣΙΝΟΥ ΣΤΗ Δ.Ε.ΚΑΛΛΙΔΕΝΔΡΟΥ,success,1,
2026-04-04T05:59:05.485700+00:00,26SYMV018779399,ΥΠΟΥΡΓΕΙΟ ΠΕΡΙΒΑΛΛΟΝΤΟΣ ΚΑΙ ΕΝΕΡΓΕΙΑΣ,ΣΥΜΒΑΣΗ ΕΚΤΕΛΕΣΗΣ ΕΡΓΩΝ ΑΝΤΙΠΥΡΙΚΗΣ ΠΡΟΣΤΑΣΙΑΣ ΔΧ ΑΡΙΔΑΙΑΣ ΑΡΝΑΙΑΣ ΚΑΙ ΔΔ ΠΙΕΡΙΑΣ,no_findings,0,
2026-04-07T06:23:11.131700+00:00,26SYMV018785792,ΥΠΟΥΡΓΕΙΟ ΠΟΛΙΤΙΣΜΟΥ,Σύμβαση για την παροχή υπηρεσιών κλαδέματος δέντρων και θάμνων,success,1,
2026-04-07T06:23:11.131700+00:00,26SYMV018787128,ΚΡΑΤΙΚΟ ΘΕΑΤΡΟ ΒΟΡΕΙΟΥ ΕΛΛΑΔΟΣ,ΣΥΜΒΑΣΗ ΠΡΟΜΗΘΕΙΑΣ ΚΑΙ ΑΝΤΙΚΑΤΑΣΤΑΣΗΣ ΠΙΝΑΚΩΝ ΚΑΤΑΣΒΕΣΕΩΝ ΠΥΡΑΝΙΧΝΕΥΣΗΣ ΒΑΣΙΛΙΚΟΥ ΘΕΑΤΡΟΥ ΚΘΒΕ,no_findings,0,
2026-04-07T06:23:11.131700+00:00,26SYMV018788129,,"Σύμβαση για τη διάθεση μηχανημάτων-οχημάτων, σε συνδρομή στη ΔΙΔΙΜΥ, κακοκαιρία ERMINIO, από 1-04-26",no_findings,0,
2026-04-07T06:23:11.131700+00:00,26SYMV018789835,,"Σύμβαση για τη διάθεση μηχανημάτων-οχημάτων, σε συνδρομή στη ΔΙΔΙΜΥ, κακοκαιρία ERMINIO, από 1-04-26",no_findings,0,
2026-04-07T06:23:11.131700+00:00,26SYMV018790102,,"Σύμβαση για τη διάθεση μηχανημάτων-οχημάτων, σε συνδρομή στη ΔΙΔΙΜΥ, κακοκαιρία ERMINIO, από 1-04-26",no_findings,0,
2026-04-07T06:23:11.131700+00:00,26SYMV018790260,,"Σύμβαση για τη διάθεση μηχανημάτων-οχημάτων, σε συνδρομή στη ΔΙΔΙΜΥ, κακοκαιρία ERMINIO, από 1-04-26",no_findings,0,
2026-04-07T06:23:11.131700+00:00,26SYMV018790405,,"Σύμβαση για τη διάθεση μηχανημάτων-οχημάτων, σε συνδρομή στη ΔΙΔΙΜΥ, κακοκαιρία ERMINIO, από 1-04-26",no_findings,0,
2026-04-07T06:23:11.131700+00:00,26SYMV018790463,ΥΠΟΥΡΓΕΙΟ ΠΟΛΙΤΙΣΜΟΥ,"Σύμβαση υπηρεσιών διαχείρισης βλάστησης,",success,1,
2026-04-07T06:23:11.131700+00:00,26SYMV018791500,ΠΑΝΕΠΙΣΤΗΜΙΟ ΠΑΤΡΩΝ,ΣΥΜΒΑΣΗ ΠΑΡΟΧΗΣ ΥΠΗΡΕΣΙΩΝ Φ.Κ. 80777,success,1,
2026-04-08T06:25:21.716996+00:00,26SYMV018792574,ΥΠΟΥΡΓΕΙΟ ΠΟΛΙΤΙΣΜΟΥ,ΣΥΜΒΑΣΗ ΧΟΡΤΟΚΟΠΕΣ ΔΙΟΝ ΚΑΙ ΠΛΑΤΑΜΩΝΑ,success,1,
2026-04-08T06:25:21.716996+00:00,26SYMV018793141,,ΣΥΜΒΑΣΗ ΑΝΑΘΕΣΗΣ για την ΠΑΡΟΧΗ ΥΠΗΡ. ΠΥΡΟΠΡΟΣΤΑΣΙΑΣ ΑΚΙΝΗΤΩΝ Δ/ΝΣΗΣ ΠΟΛΙΤ. ΓΗΣ Π.Κ.Μ.,no_findings,0,
2026-04-08T06:25:21.716996+00:00,26SYMV018794028,,ΚΑΤΕΠΕΙΓΟΥΣΑ ΠΡΟΜΗΘΕΙΑ & ΤΟΠΟΘΕΤΗΣΗ ΠΥΡΟΣΒΕΣΤΙΚΩΝ ΚΡΟΥΝΩΝ ΛΟΓΩ ΠΥΡΚΑΓΙΩΝ ΤΟΥ ΑΥΓΟΥΣΤΟΥ ΣΤΟ Δ.ΖΗΡΟΥ,success,1,
2026-04-08T06:25:21.716996+00:00,26SYMV018795146,ΥΠΟΥΡΓΕΙΟ ΠΟΛΙΤΙΣΜΟΥ,ΣΥΜΒΑΣΗ ΤΑΣΚΟΥΔΗΣ ΕΡΓΑΣΙΕΣ ΑΠΟΨΙΛΩΣΗΣ,success,1,
2026-04-08T06:25:21.716996+00:00,26SYMV018795958,,ΣΥΜΒΑΣΗ ΚΑΤΑΣΚΕΥΗΣ ΕΡΓΟΥ ΣΧΕΔΙΑΣΜΟΣ-ΧΑΡΑΞΗ ΚΑΙ ΕΡΓΑΣΙΕΣ ΒΕΛΤ.ΣΗΜΑΝΣΗΣ & ΧΑΡ.ΠΕΖΟΠ.ΔΙΑΔΡΟΜΩΝ,no_findings,0,
2026-04-08T06:25:21.716996+00:00,26SYMV018797577,ΟΡΓΑΝΙΣΜΟΣ ΣΙΔΗΡΟΔΡΟΜΩΝ ΕΛΛΑΔΑΣ (ΟΣΕ),"ΣΥΜΒΑΣΗ 9605 ΓΙΑ ""ΠΑΡΟΧΗ ΥΠΗΡΕΣΙΩΝ ΓΙΑ ΕΡΓΑΣΙΕΣ ΕΚΒΛΑΣΤΗΣΗΣ ΣΤΟΝ ΕΜΠΟΡΙΚΟ ΣΤΑΘΜΟ ΖΑΧΑΡΕΩΣ""",success,1,
2026-04-08T06:25:21.716996+00:00,26SYMV018798671,,"Παροχή υπηρεσιών καθαρισμού – αποψίλωσης κοιμητηρίων Δ.Ε. Φλώρινας, θερινής περιόδου έτους 2026",success,1,
2026-04-08T06:25:21.716996+00:00,26SYMV018798744,ΥΠΟΥΡΓΕΙΟ ΠΟΛΙΤΙΣΜΟΥ,ΣΥΜΒΑΣΗ ΠΑΡΟΧΗΣ ΥΠΗΡΕΣΙΩΝ ΚΑΘΑΡΙΣΜΟΥ ΚΑΙ ΑΠΟΧΩΜΑΤΩΣΕΩΝ,success,1,
2026-04-08T06:25:21.716996+00:00,26SYMV018799041,ΥΠΟΥΡΓΕΙΟ ΠΟΛΙΤΙΣΜΟΥ,ΣΥΜΒΑΣΗ ΠΑΡΟΧΗΣ ΥΠΗΡΕΣΙΩΝ ΚΑΘΑΡΙΣΜΟΥ ΚΑΙ ΑΠΟΨΙΛΩΣΕΩΝ,success,2,
2026-04-08T06:25:21.716996+00:00,26SYMV018799167,,"Παροχή υπηρεσιών καθαρισμού – αποψίλωσης κοιμητηρίων Δ.Ε. Μελίτης, θερινής περιόδου έτους 2026",success,1,
2026-04-08T06:25:21.716996+00:00,26SYMV018799636,,"Παροχή υπηρεσιών καθαρισμού – αποψίλωσης κοιμητηρίων Δ.Ε. Περάσματος, θερινής περιόδου έτους 2026",success,1,
2026-04-08T06:25:21.716996+00:00,26SYMV018800101,,"Παροχή υπηρεσιών καθαρισμού – αποψίλωσης κοιμητηρίων Δ.Ε. Κάτω Κλεινών, θερινής περιόδου έτους 2026",success,1,
2026-04-08T06:25:21.716996+00:00,26SYMV018800240,,ΒΕΛΤΙΩΣΗ ΥΦΙΣΤΑΜΕΝΩΝ ΜΟΝΟΠΑΤΙΩΝ ΕΝΤΟΣ ΤΟΥ ΔΗΜΟΥ ΣΑΡΩΝΙΚΟΥ,success,1,
2026-04-08T06:25:21.716996+00:00,26SYMV018801288,ΜΕΤΟΧΙΚΟ ΤΑΜΕΙΟ ΑΕΡΟΠΟΡΙΑΣ,ΑΠΟΨΙΛΩΣΗ - ΚΑΘΑΡΙΣΜΟ ΟΛΩΝ ΤΩΝ ΞΕΡΩΝ ΧΟΡΤΩΝ – ΚΟΠΗ ΚΛΑΔΙΩΝ ΣΤΑ ΚΤΗΜΑΤΑ ΙΔΙΟΚΤΗΣΙΑΣ ΜΤΑ,success,1,
2026-04-08T06:25:21.716996+00:00,26SYMV018801771,ΥΠΟΥΡΓΕΙΟ ΠΟΛΙΤΙΣΜΟΥ,Σύμβαση για την προμήθεια εξοπλισμού για την αναβάθμιση του πυροσβεστικού συγκροτήματος,no_findings,0,
2026-04-08T06:25:21.716996+00:00,26SYMV018802610,,ΣΥΜΦΩΝΗΤΙΚΟ   ΑΝΑΘΕΣΗΣ   ΥΠΗΡΕΣΙΑΣ «ΜΙΣΘΩΣΗ ΜΗΧΑΝΗΜΑΤΩΝ ΕΡΓΟΥ ΓΙΑ ΚΑΘΑΡΙΣΜΟ ΔΡΟΜΩΝ ΓΙΑ ΠΥΡΟΠΡΟΣΤΑΣΙΑ,success,1,
2026-04-09T06:27:43.998971+00:00,26SYMV018806706,ΥΠΟΥΡΓΕΙΟ ΠΟΛΙΤΙΣΜΟΥ,"Σύμβαση για την παροχή υπηρεσιών που αφορούν στην εκτέλεση εργασιών καθαρισμού, ευπρεπισμού και αποψ",success,2,
2026-04-09T06:27:43.998971+00:00,26SYMV018807829,,Τροπ.σύμβασης-Παροχή υπηρεσιών συντήρησης πρασίνου χώρων φυτών και αφύτευτων επιφανειών σε νησίδες,no_findings,0,
2026-04-09T06:27:43.998971+00:00,26SYMV018808677,ΥΠΟΥΡΓΕΙΟ ΚΛΙΜΑΤΙΚΗΣ ΚΡΙΣΗΣ ΚΑΙ ΠΟΛΙΤΙΚΗΣ ΠΡΟΣΤΑΣΙΑΣ,Σύμβαση προμήθειας αναλώσιμων υλικών για τις φορητές δεξαμενές δασοπυρόσβεσης,no_findings,0,
2026-04-09T06:27:43.998971+00:00,26SYMV018809391,ΥΠΟΥΡΓΕΙΟ ΚΛΙΜΑΤΙΚΗΣ ΚΡΙΣΗΣ ΚΑΙ ΠΟΛΙΤΙΚΗΣ ΠΡΟΣΤΑΣΙΑΣ,Σύμβαση προμήθειας υλικών αναβάθμισης της κινητής επιχειρησιακής μονάδας δασοπυρόσβεσης,no_findings,0,
2026-04-09T06:27:43.998971+00:00,26SYMV018810179,,Ενίσχυση πυροπροστασίας κατοικημένων περιοχών σε οικισμούς με περιαστικά δάση του Δήμου Λαγκαδά,no_findings,0,
2026-04-09T06:27:43.998971+00:00,26SYMV018810458,ΑΝΩΤΑΤΗ ΣΧΟΛΗ ΚΑΛΩΝ ΤΕΧΝΩΝ,ΣΥΜΒΑΣΗ ΓΙΑ ΚΑΘΑΡΙΣΜΟ ΟΙΚΟΠΕΔΟΥ ΣΤΑΘΜΟΥ ΡΕΘΥΜΝΟΥ,success,1,
2026-04-09T06:27:43.998971+00:00,26SYMV018810835,ΕΛΛΗΝΙΚΑ ΑΜΥΝΤΙΚΑ ΣΥΣΤΗΜΑΤΑ  ΑΒΕΕ,"ΠΑΡΟΧΗ ΥΠΗΡΕΣΙΩΝ ΑΠΟΨΙΛΩΣΗΣ ΚΑΙ ΚΑΘΑΡΙΣΜΟΥ», ΓΙΑ ΤΗΝ ΚΑΛΥΨΗ ΑΝΑΓΑΝΑΓΚΩΝ ΤΟΥ ΕΡΓΟΣΤΑΣΙΟΥ ΜΑΝΔΡΑΣ",success,1,
2026-04-09T06:27:43.998971+00:00,26SYMV018811286,,Συμβαση για την Παροχή υπηρεσιών κοπής χόρτων σε κοινόχρηστους χώρους της Δ.Ε. Ακράτας,success,1,
2026-04-09T06:27:43.998971+00:00,26SYMV018811511,,Σύμβαση για την Παροχή υπηρεσιών κοπής χόρτων σε κοινόχρηστους χώρους της Δ.Ε. Διακοπτού,success,1,
2026-04-09T06:27:43.998971+00:00,26SYMV018811604,ΥΠΟΥΡΓΕΙΟ ΠΟΛΙΤΙΣΜΟΥ,"Σύμβαση για εργασίες καθαρισμού και αποψιλώσεων αρχαιολογικών χώρων, στο πλαίσιο εκτέλεσης του έργου",success,1,
2026-04-09T06:27:43.998971+00:00,26SYMV018811623,,Σύμβαση για την Παροχή Υπηρεσιών κοπής χόρτων σε κοινόχρηστους χώρους της ΔΕ Ερινεού,success,1,
2026-04-09T06:27:43.998971+00:00,26SYMV018811723,,Ανάθεση της Παροχή υπηρεσιών κοπής χόρτων σε κοινόχρηστους χώρους της Δ.Ε. Συμπολιτείας,success,1,
2026-04-09T06:27:43.998971+00:00,26SYMV018811803,ΥΠΟΥΡΓΕΙΟ ΠΟΛΙΤΙΣΜΟΥ,Σύμβαση εργασιών αποψίλωσης και διαχείρισης της βλάστησης σε αρχαιολογικούς χώρους και μνημεία,success,5,
2026-04-09T06:27:43.998971+00:00,26SYMV018812449,,Αντιπυρική Προστασία Οικιστικών Περιοχών (Καθαρισμός Ιδιωτικών Οικοπέδων) έτους 2026,no_findings,0,
2026-04-09T06:27:43.998971+00:00,26SYMV018812544,,ΣΥΜΒΑΣΗ ΓΙΑ ΤΙΣ ΥΠΗΡΕΣΙΕΣ AΠΟΜΑΚΡΥΝΣΗΣ ΑΝΑΠΙΘΥΜΗΤΗΣ ΑΥΤΟΦΥΟΥΣ ΒΛΑΣΤΗΣΗΣ ΕΛΕΥΘ.ΧΩΡΩΝ,success,1,
2026-04-09T06:27:43.998971+00:00,26SYMV018812613,,Προμήθεια 1 καινούργιου υδροφόρου οχήματος με εξοπλισμό πυρόσβεσης και πλυστικού (ΤΜΗΜΑ 2) ΕΣΠΑ,no_findings,0,
2026-04-09T06:27:43.998971+00:00,26SYMV018812764,,Συντήρηση χώρων πρασίνου,no_findings,0,
2026-04-09T06:27:43.998971+00:00,26SYMV018814004,ΥΠΟΥΡΓΕΙΟ ΚΛΙΜΑΤΙΚΗΣ ΚΡΙΣΗΣ ΚΑΙ ΠΟΛΙΤΙΚΗΣ ΠΡΟΣΤΑΣΙΑΣ,Ειδική αντλία αερομεταφερόμενου συστήματος,no_findings,0,
2026-04-09T06:27:43.998971+00:00,26SYMV018814007,ΥΠΟΥΡΓΕΙΟ ΚΛΙΜΑΤΙΚΗΣ ΚΡΙΣΗΣ ΚΑΙ ΠΟΛΙΤΙΚΗΣ ΠΡΟΣΤΑΣΙΑΣ,Αντλία με μπαταρία για επινώτιο πυροσβεστήρα,no_findings,0,
2026-04-10T06:55:36.727257+00:00,26SYMV018814017,ΥΠΟΥΡΓΕΙΟ ΚΛΙΜΑΤΙΚΗΣ ΚΡΙΣΗΣ ΚΑΙ ΠΟΛΙΤΙΚΗΣ ΠΡΟΣΤΑΣΙΑΣ,δεξαμενές δασοπυρόσβεσης,no_findings,0,
2026-04-10T06:55:36.727257+00:00,26SYMV018814030,ΥΠΟΥΡΓΕΙΟ ΚΛΙΜΑΤΙΚΗΣ ΚΡΙΣΗΣ ΚΑΙ ΠΟΛΙΤΙΚΗΣ ΠΡΟΣΤΑΣΙΑΣ,Σύστημα μεταφοράς εξοπλισμού,no_findings,0,
2026-04-10T06:55:36.727257+00:00,26SYMV018815541,,ΣΥΜΦΩΝΗΤΙΚΟ   ΑΝΑΘΕΣΗΣ   ΥΠΗΡΕΣΙΑΣ «ΜΙΣΘΩΣΗ ΜΗΧΑΝΗΜΑΤΩΝ ΕΡΓΟΥ ΓΙΑ ΚΑΘΑΡΙΣΜΟ ΔΡΟΜΩΝ ΓΙΑ ΠΥΡΟΠΡΟΣΤΑΣΙΑ,success,1,
2026-04-10T06:55:36.727257+00:00,26SYMV018815687,,ΣΥΜΦΩΝΗΤΙΚΟ   ΑΝΑΘΕΣΗΣ   ΥΠΗΡΕΣΙΑΣ «ΜΙΣΘΩΣΗ ΜΗΧΑΝΗΜΑΤΩΝ ΕΡΓΟΥ ΓΙΑ ΚΑΘΑΡΙΣΜΟ ΔΡΟΜΩΝ ΓΙΑ ΠΥΡΟΠΡΟΣΤΑΣΙΑ,success,1,
2026-04-10T06:55:36.727257+00:00,26SYMV018816107,,ΣΥΜΦΩΝΗΤΙΚΟ   ΑΝΑΘΕΣΗΣ   ΥΠΗΡΕΣΙΑΣ «ΜΙΣΘΩΣΗ ΜΗΧΑΝΗΜΑΤΩΝ ΕΡΓΟΥ ΓΙΑ ΚΑΘΑΡΙΣΜΟ ΔΡΟΜΩΝ ΓΙΑ ΠΥΡΟΠΡΟΣΤΑΣΙΑ,success,1,
2026-04-10T06:55:36.727257+00:00,26SYMV018816726,,ΣΥΜΦΩΝΗΤΙΚΟ   ΑΝΑΘΕΣΗΣ   ΥΠΗΡΕΣΙΑΣ «ΜΙΣΘΩΣΗ ΜΗΧΑΝΗΜΑΤΩΝ ΕΡΓΟΥ ΓΙΑ ΚΑΘΑΡΙΣΜΟ ΔΡΟΜΩΝ ΓΙΑ ΠΥΡΟΠΡΟΣΤΑΣΙΑ,success,1,
2026-04-10T06:55:36.727257+00:00,26SYMV018818428,ΔΗΜΟΤΙΚΟ ΛΙΜΕΝΙΚΟ ΤΑΜΕΙΟ ΜΑΡΚΟΠΟΥΛΟΥ ΜΕΣΟΓΑΙΑΣ,ΣΥΜΒΑΣΗ ΓΙΑ ΑΠΟΨΙΛΩΣΗ ΚΑΙ ΚΑΘΑΡΙΣΜΟ ΑΝΟΙΚΤΩΝ ΧΩΡΩΝ,success,1,
2026-04-15T06:57:00.289637+00:00,26SYMV018822480,ΔΗΜΟΤΙΚΕΣ ΕΠΙΧΕΙΡΗΣΕΙΣ ΡΟΔΟΥ ΜΟΝΟΜΕΤΟΧΙΚΗ ΑΝΩΝΥΜΗ ΕΤΑΙΡΕΙΑ ΚΑΙ ΔΙΑΚΡΙΤΙΚΟ ΤΙΤΛΟ «Δ.Ε.Ρ.Μ.Α.Ε.»,Παροχή υπηρεσιών ενεργητικής & παθητικής πυρασφάλειας για το φυσικό μνημείο της Κοιλάδας Πεταλούδων,no_findings,0,
2026-04-15T06:57:00.289637+00:00,26SYMV018823049,,ΕΡΓΑΣΙΕΣ ΠΥΡΟΠΡΟΣΤΑΣΙΑΣ ΣΤΗ Δ.Ε. ΚΛΕΙΝΟΒΟΥ,success,1,
2026-04-15T06:57:00.289637+00:00,26SYMV018823608,,ΕΡΓΑΣΙΕΣ ΠΥΡΟΠΡΟΣΤΑΣΙΑΣ ΣΤΗ Δ.Ε. ΧΑΣΙΩΝ,success,1,
2026-04-15T06:57:00.289637+00:00,26SYMV018823692,,ΕΡΓΑΣΙΕΣ ΠΥΡΟΠΡΟΣΤΑΣΙΑΣ ΣΤΗ Δ.Ε. ΜΑΛΑΚΑΣΙΟΥ,success,1,
2026-04-15T06:57:00.289637+00:00,26SYMV018823757,,ΕΡΓΑΣΙΕΣ ΠΥΡΟΠΡΟΣΤΑΣΙΑΣ ΣΤΗ Δ.Ε. ΑΣΠΡΟΠΟΤΑΜΟΥ,success,1,
2026-04-15T06:57:00.289637+00:00,26SYMV018823834,,ΕΡΓΑΣΙΕΣ ΠΥΡΟΠΡΟΣΤΑΣΙΑΣ ΣΤΗ Δ.Ε. ΚΑΣΤΑΝΙΑΣ,success,1,
2026-04-15T06:57:00.289637+00:00,26SYMV018824548,,1η ΤΡΟΠΟΠΟΙΗΣΗ ΔΙΑΡΚΕΙΑΣ ΤΗΣ ΣΥΜΒΑΣΗΣ κοπής-κλάδευσης της παρόδιας βλάστησης στο ο.δ. της ΠΕ Πιεριας,success,1,
2026-04-15T06:57:00.289637+00:00,26SYMV018824887,,Ενίσχυση πυροπροστασίας κατοικημένων περιοχών με περιαστικά δάση του Δήμου Ωραιοκάστρου,no_findings,0,
2026-04-16T06:59:39.899124+00:00,26SYMV018826780,,«ΣΥΝΤΗΡΗΣΗ ΧΩΡΩΝ ΠΡΑΣΙΝΟΥ»,no_findings,0,
2026-04-16T06:59:39.899124+00:00,26SYMV018826849,ΥΠΟΥΡΓΕΙΟ ΚΛΙΜΑΤΙΚΗΣ ΚΡΙΣΗΣ ΚΑΙ ΠΟΛΙΤΙΚΗΣ ΠΡΟΣΤΑΣΙΑΣ,δεξαμενές δασοπυρόσβεσης,no_findings,0,
2026-04-16T06:59:39.899124+00:00,26SYMV018828286,,ΔΙΑΘΕΣΗ ΟΧΗΜΑΤΩΝ ΣΤΗ ΔΤΕ ΠΕΑΑ ΛΟΓΩ RED CODE ΑΠΟ 02.04.2026,no_findings,0,
2026-04-16T06:59:39.899124+00:00,26SYMV018828414,,ΔΙΑΘΕΣΗ ΟΧΗΜΑΤΩΝ ΣΤΗ ΔΤΕ ΠΕΑΑ ΣΤΙΣ 02.04.2026 RED CODE,no_findings,0,
2026-04-16T06:59:39.899124+00:00,26SYMV018828554,,ΔΙΑΘΕΣΗ ΟΧΗΜΑΤΩΝ ΣΤΗ ΔΤΕ ΠΕΑΑ 02.04.2026 RED CODE,no_findings,0,
2026-04-16T06:59:39.899124+00:00,26SYMV018828882,,"ΑΠΟΧΛΟΑΣΗ ΚΟΙΝΟΧΡΗΣΤΩΝ ΧΩΡΩΝ, ΠΕΡΙΑΣΤΙΚΩΝ ΑΛΣΩΝ ΚΑΙ ΡΕΥΜΑΤΩΝ ΓΙΑ ΛΟΓΟΥΣ ΠΥΡΑΣΦΑΛΕΙΑΣ",success,1,
2026-04-16T06:59:39.899124+00:00,26SYMV018829526,ΥΠΟΥΡΓΕΙΟ ΠΟΛΙΤΙΣΜΟΥ,Καθαρισμός των αρχαιολογικών χώρων και μνημείων αρμοδιότητας της Εφορείας Αρχαιοτήτων Φωκίδας,success,1,
2026-04-16T06:59:39.899124+00:00,26SYMV018830991,ΥΠΟΥΡΓΕΙΟ ΠΟΛΙΤΙΣΜΟΥ,Σύμβαση για εργασίες αποψίλωσης-καθαρισμού αρχ.χώρου Σπηλαίου Πετραλώνων Χαλκιδικής,success,1,
2026-04-16T06:59:39.899124+00:00,26SYMV018831767,ΥΠΟΥΡΓΕΙΟ ΚΛΙΜΑΤΙΚΗΣ ΚΡΙΣΗΣ ΚΑΙ ΠΟΛΙΤΙΚΗΣ ΠΡΟΣΤΑΣΙΑΣ,προμήθεια επιχειρησιακής μονάδας αντιμετώπισης δασικών πυρκαγιών,no_findings,0,
