run_started_at_local,input_csv,pdf_pages_dataset,filtered_output_csv,keywords_count,rows_total,rows_relevant,rows_not_relevant,rows_subject_match,rows_pdf_match,rows_pdf_available,filtered_rows_written,success,error_message
2026-02-22 14:08:05,/Users/troboukis/Code/fire_protection_2026/data/2026_diavgeia.csv,/Users/troboukis/Code/fire_protection_2026/data/pdf_pages_dataset.csv,/Users/troboukis/Code/fire_protection_2026/data/2026_diavgeia_filtered.csv,36,22970,22886,84,14614,22070,22908,22886,True,NONE
2026-02-24 00:53:06,/Users/troboukis/Code/fire_protection_2026/data/2026_diavgeia.csv,/Users/troboukis/Code/fire_protection_2026/data/pdf_pages_dataset.csv,/Users/troboukis/Code/fire_protection_2026/data/2026_diavgeia_filtered.csv,34,0,0,0,0,0,0,0,False,ValueError: Must have equal len keys and value when setting with an iterable
2026-02-24 00:54:08,/Users/troboukis/Code/fire_protection_2026/data/2026_diavgeia.csv,/Users/troboukis/Code/fire_protection_2026/data/pdf_pages_dataset.csv,/Users/troboukis/Code/fire_protection_2026/data/2026_diavgeia_filtered.csv,34,6523,5918,605,2107,5843,6521,5918,True,NONE
2026-02-24 00:56:02,/Users/troboukis/Code/fire_protection_2026/data/2026_diavgeia.csv,/Users/troboukis/Code/fire_protection_2026/data/pdf_pages_dataset.csv,/Users/troboukis/Code/fire_protection_2026/data/2026_diavgeia_filtered.csv,34,6523,5918,605,2107,5843,6521,5918,True,NONE
2026-02-24 20:12:08,/Users/troboukis/Code/fire_protection_2026/data/2026_diavgeia.csv,/Users/troboukis/Code/fire_protection_2026/data/pdf_pages_dataset.csv,/Users/troboukis/Code/fire_protection_2026/data/2026_diavgeia_filtered.csv,34,6532,5920,612,2109,5843,6521,5920,True,NONE
2026-02-24 20:16:24,/Users/troboukis/Code/fire_protection_2026/data/2026_diavgeia.csv,/Users/troboukis/Code/fire_protection_2026/data/pdf_pages_dataset.csv,/Users/troboukis/Code/fire_protection_2026/data/2026_diavgeia_filtered.csv,34,6532,5920,612,2109,5843,6521,5920,True,NONE
2026-02-25 09:34:54,/Users/troboukis/Code/fire_protection_2026/data/2026_diavgeia.csv,/Users/troboukis/Code/fire_protection_2026/data/pdf_pages_dataset.csv,/Users/troboukis/Code/fire_protection_2026/data/2026_diavgeia_filtered.csv,34,6533,5921,612,2110,5843,6521,5921,True,NONE
2026-02-25 16:17:26,/Users/troboukis/Code/fire_protection_2026/data/2026_diavgeia.csv,/Users/troboukis/Code/fire_protection_2026/data/pdf_pages_dataset.csv,/Users/troboukis/Code/fire_protection_2026/data/2026_diavgeia_filtered.csv,34,6547,5934,613,2116,5853,6531,5934,True,NONE
2026-02-27 11:24:38,/Users/troboukis/Code/fire_protection_2026/data/2026_diavgeia.csv,/Users/troboukis/Code/fire_protection_2026/data/pdf_pages_dataset.csv,/Users/troboukis/Code/fire_protection_2026/data/2026_diavgeia_filtered.csv,34,6566,5940,626,2122,5853,6531,5940,True,NONE
2026-02-27 21:45:19,/Users/troboukis/Code/fire_protection_2026/data/2026_diavgeia.csv,/Users/troboukis/Code/fire_protection_2026/data/pdf_pages_dataset.csv,/Users/troboukis/Code/fire_protection_2026/data/2026_diavgeia_filtered.csv,34,6589,5945,644,2127,5853,6531,5945,True,NONE
2026-02-28 13:22:49,/Users/troboukis/Code/fire_protection_2026/data/2026_diavgeia.csv,/Users/troboukis/Code/fire_protection_2026/data/pdf_pages_dataset.csv,/Users/troboukis/Code/fire_protection_2026/data/2026_diavgeia_filtered.csv,34,6590,5945,645,2127,5853,6531,5945,True,NONE
2026-02-28 20:31:59,/Users/troboukis/Code/fire_protection_2026/data/2026_diavgeia.csv,/Users/troboukis/Code/fire_protection_2026/data/pdf_pages_dataset.csv,/Users/troboukis/Code/fire_protection_2026/data/2026_diavgeia_filtered.csv,34,6590,5945,645,2127,5853,6531,5945,True,NONE
2026-03-02 14:26:11,/Users/troboukis/Code/fire_protection_2026/data/2026_diavgeia.csv,/Users/troboukis/Code/fire_protection_2026/data/pdf_pages_dataset.csv,/Users/troboukis/Code/fire_protection_2026/data/2026_diavgeia_filtered.csv,34,6597,5947,650,2129,5853,6531,5947,True,NONE
2026-03-02 22:22:45,/Users/troboukis/Code/fire_protection_2026/data/2026_diavgeia.csv,/Users/troboukis/Code/fire_protection_2026/data/pdf_pages_dataset.csv,/Users/troboukis/Code/fire_protection_2026/data/2026_diavgeia_filtered.csv,34,6597,5947,650,2129,5853,6531,5947,True,NONE
2026-03-03 12:53:42,/Users/troboukis/Code/fire_protection_2026/data/2026_diavgeia.csv,/Users/troboukis/Code/fire_protection_2026/data/pdf_pages_dataset.csv,/Users/troboukis/Code/fire_protection_2026/data/2026_diavgeia_filtered.csv,34,6603,5950,653,2132,5853,6531,5950,True,NONE
2026-03-03 13:02:37,/Users/troboukis/Code/fire_protection_2026/data/2026_diavgeia.csv,/Users/troboukis/Code/fire_protection_2026/data/pdf_pages_dataset.csv,/Users/troboukis/Code/fire_protection_2026/data/2026_diavgeia_filtered.csv,34,6604,5950,654,2132,5853,6531,5950,True,NONE
2026-03-03 13:06:21,/Users/troboukis/Code/fire_protection_2026/data/2026_diavgeia.csv,/Users/troboukis/Code/fire_protection_2026/data/pdf_pages_dataset.csv,/Users/troboukis/Code/fire_protection_2026/data/2026_diavgeia_filtered.csv,34,6604,5950,654,2132,5853,6531,5950,True,NONE
2026-03-04 20:44:37,/Users/troboukis/Code/fire_protection_2026/data/2026_diavgeia.csv,/Users/troboukis/Code/fire_protection_2026/data/pdf_pages_dataset.csv,/Users/troboukis/Code/fire_protection_2026/data/2026_diavgeia_filtered.csv,34,6624,5954,670,2136,5853,6531,5954,True,NONE
2026-03-05 18:16:05,/Users/troboukis/Code/fire_protection_2026/data/2026_diavgeia.csv,/Users/troboukis/Code/fire_protection_2026/data/pdf_pages_dataset.csv,/Users/troboukis/Code/fire_protection_2026/data/2026_diavgeia_filtered.csv,34,6635,5957,678,2139,5853,6531,5957,True,NONE
2026-03-06 16:24:56,/Users/troboukis/Code/fire_protection_2026/data/2026_diavgeia.csv,/Users/troboukis/Code/fire_protection_2026/data/pdf_pages_dataset.csv,/Users/troboukis/Code/fire_protection_2026/data/2026_diavgeia_filtered.csv,34,6641,5960,681,2142,5853,6531,5960,True,NONE
2026-03-06 22:51:36,/Users/troboukis/Code/fire_protection_2026/data/2026_diavgeia.csv,/Users/troboukis/Code/fire_protection_2026/data/pdf_pages_dataset.csv,/Users/troboukis/Code/fire_protection_2026/data/2026_diavgeia_filtered.csv,34,6643,5960,683,2142,5853,6531,5960,True,NONE
2026-03-08 09:37:59,/Users/troboukis/Code/fire_protection_2026/data/2026_diavgeia.csv,/Users/troboukis/Code/fire_protection_2026/data/pdf_pages_dataset.csv,/Users/troboukis/Code/fire_protection_2026/data/2026_diavgeia_filtered.csv,34,6643,5960,683,2142,5853,6531,5960,True,NONE
2026-03-08 17:23:36,/Users/troboukis/Code/fire_protection_2026/data/2026_diavgeia.csv,/Users/troboukis/Code/fire_protection_2026/data/pdf_pages_dataset.csv,/Users/troboukis/Code/fire_protection_2026/data/2026_diavgeia_filtered.csv,34,6643,5960,683,2142,5853,6531,5960,True,NONE
2026-03-08 19:13:56,/home/runner/work/2026_fire_protection/2026_fire_protection/data/2026_diavgeia.csv,/home/runner/work/2026_fire_protection/2026_fire_protection/data/pdf_pages_dataset.csv,/home/runner/work/2026_fire_protection/2026_fire_protection/data/2026_diavgeia_filtered.csv,34,6643,2142,4501,2142,0,0,2142,True,NONE
2026-03-08 20:04:32,/home/runner/work/2026_fire_protection/2026_fire_protection/data/2026_diavgeia.csv,/home/runner/work/2026_fire_protection/2026_fire_protection/data/pdf_pages_dataset.csv,/home/runner/work/2026_fire_protection/2026_fire_protection/data/2026_diavgeia_filtered.csv,34,6643,2142,4501,2142,0,0,2142,True,NONE
2026-03-09 05:58:04,/home/runner/work/2026_fire_protection/2026_fire_protection/data/2026_diavgeia.csv,/home/runner/work/2026_fire_protection/2026_fire_protection/data/pdf_pages_dataset.csv,/home/runner/work/2026_fire_protection/2026_fire_protection/data/2026_diavgeia_filtered.csv,34,6643,2142,4501,2142,0,0,2142,True,NONE
2026-03-09 08:43:48,/home/runner/work/2026_fire_protection/2026_fire_protection/data/2026_diavgeia.csv,/home/runner/work/2026_fire_protection/2026_fire_protection/data/pdf_pages_dataset.csv,/home/runner/work/2026_fire_protection/2026_fire_protection/data/2026_diavgeia_filtered.csv,34,6645,2143,4502,2143,0,0,2143,True,NONE
2026-03-09 14:50:54,/home/runner/work/2026_fire_protection/2026_fire_protection/data/2026_diavgeia.csv,/home/runner/work/2026_fire_protection/2026_fire_protection/data/pdf_pages_dataset.csv,/home/runner/work/2026_fire_protection/2026_fire_protection/data/2026_diavgeia_filtered.csv,34,6648,2143,4505,2143,0,0,2143,True,NONE
2026-03-09 18:53:05,/home/runner/work/2026_fire_protection/2026_fire_protection/data/2026_diavgeia.csv,/home/runner/work/2026_fire_protection/2026_fire_protection/data/pdf_pages_dataset.csv,/home/runner/work/2026_fire_protection/2026_fire_protection/data/2026_diavgeia_filtered.csv,34,6648,2143,4505,2143,0,0,2143,True,NONE
2026-03-10 05:45:13,/home/runner/work/2026_fire_protection/2026_fire_protection/data/2026_diavgeia.csv,/home/runner/work/2026_fire_protection/2026_fire_protection/data/pdf_pages_dataset.csv,/home/runner/work/2026_fire_protection/2026_fire_protection/data/2026_diavgeia_filtered.csv,34,6648,2143,4505,2143,0,0,2143,True,NONE
2026-03-10 08:41:19,/home/runner/work/2026_fire_protection/2026_fire_protection/data/2026_diavgeia.csv,/home/runner/work/2026_fire_protection/2026_fire_protection/data/pdf_pages_dataset.csv,/home/runner/work/2026_fire_protection/2026_fire_protection/data/2026_diavgeia_filtered.csv,34,6652,2144,4508,2144,0,0,2144,True,NONE
2026-03-10 18:46:03,/home/runner/work/2026_fire_protection/2026_fire_protection/data/2026_diavgeia.csv,/home/runner/work/2026_fire_protection/2026_fire_protection/data/pdf_pages_dataset.csv,/home/runner/work/2026_fire_protection/2026_fire_protection/data/2026_diavgeia_filtered.csv,34,6658,2147,4511,2147,0,0,2147,True,NONE
2026-03-10 21:35:08,/Users/troboukis/Code/fire_protection_2026/data/2026_diavgeia.csv,/Users/troboukis/Code/fire_protection_2026/data/pdf_pages_dataset.csv,/Users/troboukis/Code/fire_protection_2026/data/2026_diavgeia_filtered.csv,34,0,0,0,0,0,0,0,False,"TypeError: Invalid value '['αγροτικού οδικού δικτύου', 'Προϋπολογισμού', 'ΠΕΡΙΜΕΤΡΙΚΩΝ ΖΩΝΩΝ', 'ΠΟΛΙΤΙΚΗΣ ΠΡΟΣΤΑΣΙΑΣ', 'Δημοτικού δάσους', 'Αγροτική Οδοποιία']' for dtype 'float64'"
2026-03-10 21:42:57,/Users/troboukis/Code/fire_protection_2026/data/2026_diavgeia.csv,/Users/troboukis/Code/fire_protection_2026/data/pdf_pages_dataset.csv,/Users/troboukis/Code/fire_protection_2026/data/2026_diavgeia_filtered.csv,34,6658,5965,693,2147,5853,6531,5965,True,NONE
2026-03-10 21:51:34,/Users/troboukis/Code/fire_protection_2026/data/2026_diavgeia.csv,/Users/troboukis/Code/fire_protection_2026/data/pdf_pages_dataset.csv,/Users/troboukis/Code/fire_protection_2026/data/2026_diavgeia_filtered.csv,34,6658,5965,693,2147,5853,6531,5965,True,NONE
2026-03-10 20:01:04,/home/runner/work/2026_fire_protection/2026_fire_protection/data/2026_diavgeia.csv,/home/runner/work/2026_fire_protection/2026_fire_protection/data/pdf_pages_dataset.csv,/home/runner/work/2026_fire_protection/2026_fire_protection/data/2026_diavgeia_filtered.csv,34,6658,2147,4511,2147,0,0,2147,True,NONE
2026-03-11 08:40:36,/home/runner/work/2026_fire_protection/2026_fire_protection/data/2026_diavgeia.csv,/home/runner/work/2026_fire_protection/2026_fire_protection/data/pdf_pages_dataset.csv,/home/runner/work/2026_fire_protection/2026_fire_protection/data/2026_diavgeia_filtered.csv,34,6659,2147,4512,2147,0,0,2147,True,NONE
2026-03-11 14:44:39,/home/runner/work/2026_fire_protection/2026_fire_protection/data/2026_diavgeia.csv,/home/runner/work/2026_fire_protection/2026_fire_protection/data/pdf_pages_dataset.csv,/home/runner/work/2026_fire_protection/2026_fire_protection/data/2026_diavgeia_filtered.csv,34,6666,2151,4515,2151,0,0,2151,True,NONE
2026-03-11 18:53:46,/home/runner/work/2026_fire_protection/2026_fire_protection/data/2026_diavgeia.csv,/home/runner/work/2026_fire_protection/2026_fire_protection/data/pdf_pages_dataset.csv,/home/runner/work/2026_fire_protection/2026_fire_protection/data/2026_diavgeia_filtered.csv,34,6666,2151,4515,2151,0,0,2151,True,NONE
2026-03-12 05:51:52,/home/runner/work/2026_fire_protection/2026_fire_protection/data/2026_diavgeia.csv,/home/runner/work/2026_fire_protection/2026_fire_protection/data/pdf_pages_dataset.csv,/home/runner/work/2026_fire_protection/2026_fire_protection/data/2026_diavgeia_filtered.csv,34,6666,2151,4515,2151,0,0,2151,True,NONE
2026-03-12 08:42:17,/home/runner/work/2026_fire_protection/2026_fire_protection/data/2026_diavgeia.csv,/home/runner/work/2026_fire_protection/2026_fire_protection/data/pdf_pages_dataset.csv,/home/runner/work/2026_fire_protection/2026_fire_protection/data/2026_diavgeia_filtered.csv,34,6667,2151,4516,2151,0,0,2151,True,NONE
2026-03-12 14:48:58,/home/runner/work/2026_fire_protection/2026_fire_protection/data/2026_diavgeia.csv,/home/runner/work/2026_fire_protection/2026_fire_protection/data/pdf_pages_dataset.csv,/home/runner/work/2026_fire_protection/2026_fire_protection/data/2026_diavgeia_filtered.csv,34,6681,2154,4527,2154,0,0,2154,True,NONE
2026-03-12 18:53:37,/home/runner/work/2026_fire_protection/2026_fire_protection/data/2026_diavgeia.csv,/home/runner/work/2026_fire_protection/2026_fire_protection/data/pdf_pages_dataset.csv,/home/runner/work/2026_fire_protection/2026_fire_protection/data/2026_diavgeia_filtered.csv,34,6681,2154,4527,2154,0,0,2154,True,NONE
2026-03-13 05:48:35,/home/runner/work/2026_fire_protection/2026_fire_protection/data/2026_diavgeia.csv,/home/runner/work/2026_fire_protection/2026_fire_protection/data/pdf_pages_dataset.csv,/home/runner/work/2026_fire_protection/2026_fire_protection/data/2026_diavgeia_filtered.csv,34,6683,2155,4528,2155,0,0,2155,True,NONE
2026-03-13 08:39:13,/home/runner/work/2026_fire_protection/2026_fire_protection/data/2026_diavgeia.csv,/home/runner/work/2026_fire_protection/2026_fire_protection/data/pdf_pages_dataset.csv,/home/runner/work/2026_fire_protection/2026_fire_protection/data/2026_diavgeia_filtered.csv,34,6687,2158,4529,2158,0,0,2158,True,NONE
2026-03-13 11:41:27,/Users/troboukis/Code/fire_protection_2026/data/2026_diavgeia.csv,/Users/troboukis/Code/fire_protection_2026/data/pdf_pages_dataset.csv,/Users/troboukis/Code/fire_protection_2026/data/2026_diavgeia_filtered.csv,34,6687,5977,710,2158,5855,6533,5977,True,NONE
2026-03-13 14:41:55,/home/runner/work/2026_fire_protection/2026_fire_protection/data/2026_diavgeia.csv,/home/runner/work/2026_fire_protection/2026_fire_protection/data/pdf_pages_dataset.csv,/home/runner/work/2026_fire_protection/2026_fire_protection/data/2026_diavgeia_filtered.csv,34,6692,2162,4530,2162,0,0,2162,True,NONE
2026-03-13 18:40:40,/home/runner/work/2026_fire_protection/2026_fire_protection/data/2026_diavgeia.csv,/home/runner/work/2026_fire_protection/2026_fire_protection/data/pdf_pages_dataset.csv,/home/runner/work/2026_fire_protection/2026_fire_protection/data/2026_diavgeia_filtered.csv,34,6692,2162,4530,2162,0,0,2162,True,NONE
2026-03-14 08:34:33,/home/runner/work/2026_fire_protection/2026_fire_protection/data/2026_diavgeia.csv,/home/runner/work/2026_fire_protection/2026_fire_protection/data/pdf_pages_dataset.csv,/home/runner/work/2026_fire_protection/2026_fire_protection/data/2026_diavgeia_filtered.csv,34,6692,2162,4530,2162,0,0,2162,True,NONE
2026-03-14 11:39:26,/Users/troboukis/Code/fire_protection_2026/data/2026_diavgeia.csv,/Users/troboukis/Code/fire_protection_2026/data/pdf_pages_dataset.csv,/Users/troboukis/Code/fire_protection_2026/data/2026_diavgeia_filtered.csv,34,6692,5982,710,2162,5856,6534,5982,True,NONE
2026-03-14 14:08:59,/Users/troboukis/Code/fire_protection_2026/data/2026_diavgeia.csv,/Users/troboukis/Code/fire_protection_2026/data/pdf_pages_dataset.csv,/Users/troboukis/Code/fire_protection_2026/data/2026_diavgeia_filtered.csv,34,6692,5982,710,2162,5856,6534,5982,True,NONE
2026-03-14 14:13:20,/Users/troboukis/Code/fire_protection_2026/data/2026_diavgeia.csv,/Users/troboukis/Code/fire_protection_2026/data/pdf_pages_dataset.csv,/Users/troboukis/Code/fire_protection_2026/data/2026_diavgeia_filtered.csv,34,6692,5982,710,2162,5856,6534,5982,True,NONE
2026-03-14 14:28:18,/home/runner/work/2026_fire_protection/2026_fire_protection/data/2026_diavgeia.csv,/home/runner/work/2026_fire_protection/2026_fire_protection/data/pdf_pages_dataset.csv,/home/runner/work/2026_fire_protection/2026_fire_protection/data/2026_diavgeia_filtered.csv,34,6692,2162,4530,2162,0,0,2162,True,NONE
2026-03-14 19:13:15,/home/runner/work/2026_fire_protection/2026_fire_protection/data/2026_diavgeia.csv,/home/runner/work/2026_fire_protection/2026_fire_protection/data/pdf_pages_dataset.csv,/home/runner/work/2026_fire_protection/2026_fire_protection/data/2026_diavgeia_filtered.csv,34,6692,2162,4530,2162,0,0,2162,True,NONE
2026-03-15 06:05:23,/home/runner/work/2026_fire_protection/2026_fire_protection/data/2026_diavgeia.csv,/home/runner/work/2026_fire_protection/2026_fire_protection/data/pdf_pages_dataset.csv,/home/runner/work/2026_fire_protection/2026_fire_protection/data/2026_diavgeia_filtered.csv,34,6692,2162,4530,2162,0,0,2162,True,NONE
2026-03-15 08:36:14,/home/runner/work/2026_fire_protection/2026_fire_protection/data/2026_diavgeia.csv,/home/runner/work/2026_fire_protection/2026_fire_protection/data/pdf_pages_dataset.csv,/home/runner/work/2026_fire_protection/2026_fire_protection/data/2026_diavgeia_filtered.csv,34,6692,2162,4530,2162,0,0,2162,True,NONE
2026-03-15 14:29:49,/home/runner/work/2026_fire_protection/2026_fire_protection/data/2026_diavgeia.csv,/home/runner/work/2026_fire_protection/2026_fire_protection/data/pdf_pages_dataset.csv,/home/runner/work/2026_fire_protection/2026_fire_protection/data/2026_diavgeia_filtered.csv,34,6692,2162,4530,2162,0,0,2162,True,NONE
2026-03-15 18:38:31,/home/runner/work/2026_fire_protection/2026_fire_protection/data/2026_diavgeia.csv,/home/runner/work/2026_fire_protection/2026_fire_protection/data/pdf_pages_dataset.csv,/home/runner/work/2026_fire_protection/2026_fire_protection/data/2026_diavgeia_filtered.csv,34,6692,2162,4530,2162,0,0,2162,True,NONE
2026-03-16 06:20:56,/home/runner/work/2026_fire_protection/2026_fire_protection/data/2026_diavgeia.csv,/home/runner/work/2026_fire_protection/2026_fire_protection/data/pdf_pages_dataset.csv,/home/runner/work/2026_fire_protection/2026_fire_protection/data/2026_diavgeia_filtered.csv,34,6692,2162,4530,2162,0,0,2162,True,NONE
2026-03-16 08:56:28,/home/runner/work/2026_fire_protection/2026_fire_protection/data/2026_diavgeia.csv,/home/runner/work/2026_fire_protection/2026_fire_protection/data/pdf_pages_dataset.csv,/home/runner/work/2026_fire_protection/2026_fire_protection/data/2026_diavgeia_filtered.csv,34,6695,2162,4533,2162,0,0,2162,True,NONE
2026-03-16 14:59:33,/home/runner/work/2026_fire_protection/2026_fire_protection/data/2026_diavgeia.csv,/home/runner/work/2026_fire_protection/2026_fire_protection/data/pdf_pages_dataset.csv,/home/runner/work/2026_fire_protection/2026_fire_protection/data/2026_diavgeia_filtered.csv,34,6707,2165,4542,2165,0,0,2165,True,NONE
2026-03-16 18:31:51,/Users/troboukis/Code/fire_protection_2026/data/2026_diavgeia.csv,/Users/troboukis/Code/fire_protection_2026/data/pdf_pages_dataset.csv,/Users/troboukis/Code/fire_protection_2026/data/2026_diavgeia_filtered.csv,34,6707,5985,722,2165,5856,6534,5985,True,NONE
2026-03-16 19:00:42,/home/runner/work/2026_fire_protection/2026_fire_protection/data/2026_diavgeia.csv,/home/runner/work/2026_fire_protection/2026_fire_protection/data/pdf_pages_dataset.csv,/home/runner/work/2026_fire_protection/2026_fire_protection/data/2026_diavgeia_filtered.csv,34,6707,2165,4542,2165,0,0,2165,True,NONE
2026-03-16 21:25:19,/Users/troboukis/Code/fire_protection_2026/data/2026_diavgeia.csv,/Users/troboukis/Code/fire_protection_2026/data/pdf_pages_dataset.csv,/Users/troboukis/Code/fire_protection_2026/data/2026_diavgeia_filtered.csv,34,6707,5985,722,2165,5856,6534,5985,True,NONE
2026-03-16 22:21:30,/home/runner/work/2026_fire_protection/2026_fire_protection/data/2026_diavgeia.csv,/home/runner/work/2026_fire_protection/2026_fire_protection/data/pdf_pages_dataset.csv,/home/runner/work/2026_fire_protection/2026_fire_protection/data/2026_diavgeia_filtered.csv,34,6707,2165,4542,2165,0,0,2165,True,NONE
2026-03-17 05:59:21,/home/runner/work/2026_fire_protection/2026_fire_protection/data/2026_diavgeia.csv,/home/runner/work/2026_fire_protection/2026_fire_protection/data/pdf_pages_dataset.csv,/home/runner/work/2026_fire_protection/2026_fire_protection/data/2026_diavgeia_filtered.csv,34,6707,2165,4542,2165,0,0,2165,True,NONE
2026-03-17 14:56:18,/home/runner/work/2026_fire_protection/2026_fire_protection/data/2026_diavgeia.csv,/home/runner/work/2026_fire_protection/2026_fire_protection/data/pdf_pages_dataset.csv,/home/runner/work/2026_fire_protection/2026_fire_protection/data/2026_diavgeia_filtered.csv,34,6721,2168,4553,2168,0,0,2168,True,NONE
2026-03-17 19:01:07,/home/runner/work/2026_fire_protection/2026_fire_protection/data/2026_diavgeia.csv,/home/runner/work/2026_fire_protection/2026_fire_protection/data/pdf_pages_dataset.csv,/home/runner/work/2026_fire_protection/2026_fire_protection/data/2026_diavgeia_filtered.csv,34,6722,2168,4554,2168,0,0,2168,True,NONE
2026-03-18 06:03:27,/home/runner/work/2026_fire_protection/2026_fire_protection/data/2026_diavgeia.csv,/home/runner/work/2026_fire_protection/2026_fire_protection/data/pdf_pages_dataset.csv,/home/runner/work/2026_fire_protection/2026_fire_protection/data/2026_diavgeia_filtered.csv,34,6722,2168,4554,2168,0,0,2168,True,NONE
2026-03-18 08:49:39,/home/runner/work/2026_fire_protection/2026_fire_protection/data/2026_diavgeia.csv,/home/runner/work/2026_fire_protection/2026_fire_protection/data/pdf_pages_dataset.csv,/home/runner/work/2026_fire_protection/2026_fire_protection/data/2026_diavgeia_filtered.csv,34,6724,2169,4555,2169,0,0,2169,True,NONE
2026-03-18 15:02:57,/home/runner/work/2026_fire_protection/2026_fire_protection/data/2026_diavgeia.csv,/home/runner/work/2026_fire_protection/2026_fire_protection/data/pdf_pages_dataset.csv,/home/runner/work/2026_fire_protection/2026_fire_protection/data/2026_diavgeia_filtered.csv,34,6727,2171,4556,2171,0,0,2171,True,NONE
2026-03-18 18:58:48,/home/runner/work/2026_fire_protection/2026_fire_protection/data/2026_diavgeia.csv,/home/runner/work/2026_fire_protection/2026_fire_protection/data/pdf_pages_dataset.csv,/home/runner/work/2026_fire_protection/2026_fire_protection/data/2026_diavgeia_filtered.csv,34,6727,2171,4556,2171,0,0,2171,True,NONE
2026-03-19 05:58:33,/home/runner/work/2026_fire_protection/2026_fire_protection/data/2026_diavgeia.csv,/home/runner/work/2026_fire_protection/2026_fire_protection/data/pdf_pages_dataset.csv,/home/runner/work/2026_fire_protection/2026_fire_protection/data/2026_diavgeia_filtered.csv,34,6727,2171,4556,2171,0,0,2171,True,NONE
2026-03-19 08:41:44,/home/runner/work/2026_fire_protection/2026_fire_protection/data/2026_diavgeia.csv,/home/runner/work/2026_fire_protection/2026_fire_protection/data/pdf_pages_dataset.csv,/home/runner/work/2026_fire_protection/2026_fire_protection/data/2026_diavgeia_filtered.csv,34,6732,2171,4561,2171,0,0,2171,True,NONE
2026-03-19 14:46:16,/home/runner/work/2026_fire_protection/2026_fire_protection/data/2026_diavgeia.csv,/home/runner/work/2026_fire_protection/2026_fire_protection/data/pdf_pages_dataset.csv,/home/runner/work/2026_fire_protection/2026_fire_protection/data/2026_diavgeia_filtered.csv,34,6741,2172,4569,2172,0,0,2172,True,NONE
2026-03-19 18:57:57,/home/runner/work/2026_fire_protection/2026_fire_protection/data/2026_diavgeia.csv,/home/runner/work/2026_fire_protection/2026_fire_protection/data/pdf_pages_dataset.csv,/home/runner/work/2026_fire_protection/2026_fire_protection/data/2026_diavgeia_filtered.csv,34,6741,2172,4569,2172,0,0,2172,True,NONE
2026-03-20 05:52:40,/home/runner/work/2026_fire_protection/2026_fire_protection/data/2026_diavgeia.csv,/home/runner/work/2026_fire_protection/2026_fire_protection/data/pdf_pages_dataset.csv,/home/runner/work/2026_fire_protection/2026_fire_protection/data/2026_diavgeia_filtered.csv,34,6744,2172,4572,2172,0,0,2172,True,NONE
2026-03-20 08:40:04,/home/runner/work/2026_fire_protection/2026_fire_protection/data/2026_diavgeia.csv,/home/runner/work/2026_fire_protection/2026_fire_protection/data/pdf_pages_dataset.csv,/home/runner/work/2026_fire_protection/2026_fire_protection/data/2026_diavgeia_filtered.csv,34,6749,2174,4575,2174,0,0,2174,True,NONE
2026-03-20 14:42:35,/home/runner/work/2026_fire_protection/2026_fire_protection/data/2026_diavgeia.csv,/home/runner/work/2026_fire_protection/2026_fire_protection/data/pdf_pages_dataset.csv,/home/runner/work/2026_fire_protection/2026_fire_protection/data/2026_diavgeia_filtered.csv,34,6757,2177,4580,2177,0,0,2177,True,NONE
2026-03-20 18:48:52,/home/runner/work/2026_fire_protection/2026_fire_protection/data/2026_diavgeia.csv,/home/runner/work/2026_fire_protection/2026_fire_protection/data/pdf_pages_dataset.csv,/home/runner/work/2026_fire_protection/2026_fire_protection/data/2026_diavgeia_filtered.csv,34,6757,2177,4580,2177,0,0,2177,True,NONE
2026-03-21 05:40:32,/home/runner/work/2026_fire_protection/2026_fire_protection/data/2026_diavgeia.csv,/home/runner/work/2026_fire_protection/2026_fire_protection/data/pdf_pages_dataset.csv,/home/runner/work/2026_fire_protection/2026_fire_protection/data/2026_diavgeia_filtered.csv,34,6757,2177,4580,2177,0,0,2177,True,NONE
2026-03-21 08:32:43,/home/runner/work/2026_fire_protection/2026_fire_protection/data/2026_diavgeia.csv,/home/runner/work/2026_fire_protection/2026_fire_protection/data/pdf_pages_dataset.csv,/home/runner/work/2026_fire_protection/2026_fire_protection/data/2026_diavgeia_filtered.csv,34,6757,2177,4580,2177,0,0,2177,True,NONE
2026-03-21 14:26:28,/home/runner/work/2026_fire_protection/2026_fire_protection/data/2026_diavgeia.csv,/home/runner/work/2026_fire_protection/2026_fire_protection/data/pdf_pages_dataset.csv,/home/runner/work/2026_fire_protection/2026_fire_protection/data/2026_diavgeia_filtered.csv,34,6757,2177,4580,2177,0,0,2177,True,NONE
2026-03-21 18:35:50,/home/runner/work/2026_fire_protection/2026_fire_protection/data/2026_diavgeia.csv,/home/runner/work/2026_fire_protection/2026_fire_protection/data/pdf_pages_dataset.csv,/home/runner/work/2026_fire_protection/2026_fire_protection/data/2026_diavgeia_filtered.csv,34,6757,2177,4580,2177,0,0,2177,True,NONE
2026-03-21 23:35:36,/Users/troboukis/Code/fire_protection_2026/data/2026_diavgeia.csv,/Users/troboukis/Code/fire_protection_2026/data/pdf_pages_dataset.csv,/Users/troboukis/Code/fire_protection_2026/data/2026_diavgeia_filtered.csv,34,6757,5997,760,2177,5856,6534,5997,True,NONE
2026-03-22 05:53:37,/home/runner/work/2026_fire_protection/2026_fire_protection/data/2026_diavgeia.csv,/home/runner/work/2026_fire_protection/2026_fire_protection/data/pdf_pages_dataset.csv,/home/runner/work/2026_fire_protection/2026_fire_protection/data/2026_diavgeia_filtered.csv,34,6757,2177,4580,2177,0,0,2177,True,NONE
2026-03-22 08:34:08,/home/runner/work/2026_fire_protection/2026_fire_protection/data/2026_diavgeia.csv,/home/runner/work/2026_fire_protection/2026_fire_protection/data/pdf_pages_dataset.csv,/home/runner/work/2026_fire_protection/2026_fire_protection/data/2026_diavgeia_filtered.csv,34,6757,2177,4580,2177,0,0,2177,True,NONE
2026-03-22 16:10:38,/Users/troboukis/Code/fire_protection_2026/data/2026_diavgeia.csv,/Users/troboukis/Code/fire_protection_2026/data/pdf_pages_dataset.csv,/Users/troboukis/Code/fire_protection_2026/data/2026_diavgeia_filtered.csv,34,6757,5997,760,2177,5856,6534,5997,True,NONE
2026-03-22 14:28:19,/home/runner/work/2026_fire_protection/2026_fire_protection/data/2026_diavgeia.csv,/home/runner/work/2026_fire_protection/2026_fire_protection/data/pdf_pages_dataset.csv,/home/runner/work/2026_fire_protection/2026_fire_protection/data/2026_diavgeia_filtered.csv,34,6757,2177,4580,2177,0,0,2177,True,NONE
2026-03-22 18:36:52,/home/runner/work/2026_fire_protection/2026_fire_protection/data/2026_diavgeia.csv,/home/runner/work/2026_fire_protection/2026_fire_protection/data/pdf_pages_dataset.csv,/home/runner/work/2026_fire_protection/2026_fire_protection/data/2026_diavgeia_filtered.csv,34,6757,2177,4580,2177,0,0,2177,True,NONE
2026-03-23 06:11:14,/home/runner/work/2026_fire_protection/2026_fire_protection/data/2026_diavgeia.csv,/home/runner/work/2026_fire_protection/2026_fire_protection/data/pdf_pages_dataset.csv,/home/runner/work/2026_fire_protection/2026_fire_protection/data/2026_diavgeia_filtered.csv,34,6757,2177,4580,2177,0,0,2177,True,NONE
2026-03-23 08:55:39,/home/runner/work/2026_fire_protection/2026_fire_protection/data/2026_diavgeia.csv,/home/runner/work/2026_fire_protection/2026_fire_protection/data/pdf_pages_dataset.csv,/home/runner/work/2026_fire_protection/2026_fire_protection/data/2026_diavgeia_filtered.csv,34,6758,2177,4581,2177,0,0,2177,True,NONE
2026-03-23 14:54:34,/home/runner/work/2026_fire_protection/2026_fire_protection/data/2026_diavgeia.csv,/home/runner/work/2026_fire_protection/2026_fire_protection/data/pdf_pages_dataset.csv,/home/runner/work/2026_fire_protection/2026_fire_protection/data/2026_diavgeia_filtered.csv,34,6767,2180,4587,2180,0,0,2180,True,NONE
2026-03-23 18:54:15,/home/runner/work/2026_fire_protection/2026_fire_protection/data/2026_diavgeia.csv,/home/runner/work/2026_fire_protection/2026_fire_protection/data/pdf_pages_dataset.csv,/home/runner/work/2026_fire_protection/2026_fire_protection/data/2026_diavgeia_filtered.csv,34,6767,2180,4587,2180,0,0,2180,True,NONE
2026-03-24 05:59:53,/home/runner/work/2026_fire_protection/2026_fire_protection/data/2026_diavgeia.csv,/home/runner/work/2026_fire_protection/2026_fire_protection/data/pdf_pages_dataset.csv,/home/runner/work/2026_fire_protection/2026_fire_protection/data/2026_diavgeia_filtered.csv,34,6767,2180,4587,2180,0,0,2180,True,NONE
2026-03-24 08:53:39,/home/runner/work/2026_fire_protection/2026_fire_protection/data/2026_diavgeia.csv,/home/runner/work/2026_fire_protection/2026_fire_protection/data/pdf_pages_dataset.csv,/home/runner/work/2026_fire_protection/2026_fire_protection/data/2026_diavgeia_filtered.csv,34,6772,2182,4590,2182,0,0,2182,True,NONE
2026-03-24 15:01:44,/home/runner/work/2026_fire_protection/2026_fire_protection/data/2026_diavgeia.csv,/home/runner/work/2026_fire_protection/2026_fire_protection/data/pdf_pages_dataset.csv,/home/runner/work/2026_fire_protection/2026_fire_protection/data/2026_diavgeia_filtered.csv,34,6779,2186,4593,2186,0,0,2186,True,NONE
2026-03-24 19:02:29,/home/runner/work/2026_fire_protection/2026_fire_protection/data/2026_diavgeia.csv,/home/runner/work/2026_fire_protection/2026_fire_protection/data/pdf_pages_dataset.csv,/home/runner/work/2026_fire_protection/2026_fire_protection/data/2026_diavgeia_filtered.csv,34,6780,2187,4593,2187,0,0,2187,True,NONE
2026-03-25 06:00:32,/home/runner/work/2026_fire_protection/2026_fire_protection/data/2026_diavgeia.csv,/home/runner/work/2026_fire_protection/2026_fire_protection/data/pdf_pages_dataset.csv,/home/runner/work/2026_fire_protection/2026_fire_protection/data/2026_diavgeia_filtered.csv,34,6780,2187,4593,2187,0,0,2187,True,NONE
2026-03-25 08:51:52,/home/runner/work/2026_fire_protection/2026_fire_protection/data/2026_diavgeia.csv,/home/runner/work/2026_fire_protection/2026_fire_protection/data/pdf_pages_dataset.csv,/home/runner/work/2026_fire_protection/2026_fire_protection/data/2026_diavgeia_filtered.csv,34,6780,2187,4593,2187,0,0,2187,True,NONE
2026-03-25 11:22:54,/Users/troboukis/Code/fire_protection_2026/data/2026_diavgeia.csv,/Users/troboukis/Code/fire_protection_2026/data/pdf_pages_dataset.csv,/Users/troboukis/Code/fire_protection_2026/data/2026_diavgeia_filtered.csv,34,6780,6007,773,2187,5856,6534,6007,True,NONE
2026-03-25 12:47:45,/Users/troboukis/Code/fire_protection_2026/data/2026_diavgeia.csv,/Users/troboukis/Code/fire_protection_2026/data/pdf_pages_dataset.csv,/Users/troboukis/Code/fire_protection_2026/data/2026_diavgeia_filtered.csv,34,6780,6007,773,2187,5856,6534,6007,True,NONE
2026-03-25 14:58:50,/home/runner/work/2026_fire_protection/2026_fire_protection/data/2026_diavgeia.csv,/home/runner/work/2026_fire_protection/2026_fire_protection/data/pdf_pages_dataset.csv,/home/runner/work/2026_fire_protection/2026_fire_protection/data/2026_diavgeia_filtered.csv,34,6780,2187,4593,2187,0,0,2187,True,NONE
2026-03-25 18:55:49,/home/runner/work/2026_fire_protection/2026_fire_protection/data/2026_diavgeia.csv,/home/runner/work/2026_fire_protection/2026_fire_protection/data/pdf_pages_dataset.csv,/home/runner/work/2026_fire_protection/2026_fire_protection/data/2026_diavgeia_filtered.csv,34,6780,2187,4593,2187,0,0,2187,True,NONE
2026-03-26 06:15:29,/home/runner/work/2026_fire_protection/2026_fire_protection/data/2026_diavgeia.csv,/home/runner/work/2026_fire_protection/2026_fire_protection/data/pdf_pages_dataset.csv,/home/runner/work/2026_fire_protection/2026_fire_protection/data/2026_diavgeia_filtered.csv,34,6780,2187,4593,2187,0,0,2187,True,NONE
2026-03-26 08:55:54,/home/runner/work/2026_fire_protection/2026_fire_protection/data/2026_diavgeia.csv,/home/runner/work/2026_fire_protection/2026_fire_protection/data/pdf_pages_dataset.csv,/home/runner/work/2026_fire_protection/2026_fire_protection/data/2026_diavgeia_filtered.csv,34,6787,2188,4599,2188,0,0,2188,True,NONE
2026-03-26 15:04:37,/home/runner/work/2026_fire_protection/2026_fire_protection/data/2026_diavgeia.csv,/home/runner/work/2026_fire_protection/2026_fire_protection/data/pdf_pages_dataset.csv,/home/runner/work/2026_fire_protection/2026_fire_protection/data/2026_diavgeia_filtered.csv,34,6796,2190,4606,2190,0,0,2190,True,NONE
2026-03-26 19:04:19,/home/runner/work/2026_fire_protection/2026_fire_protection/data/2026_diavgeia.csv,/home/runner/work/2026_fire_protection/2026_fire_protection/data/pdf_pages_dataset.csv,/home/runner/work/2026_fire_protection/2026_fire_protection/data/2026_diavgeia_filtered.csv,34,6796,2190,4606,2190,0,0,2190,True,NONE
2026-03-27 06:13:35,/home/runner/work/2026_fire_protection/2026_fire_protection/data/2026_diavgeia.csv,/home/runner/work/2026_fire_protection/2026_fire_protection/data/pdf_pages_dataset.csv,/home/runner/work/2026_fire_protection/2026_fire_protection/data/2026_diavgeia_filtered.csv,34,6796,2190,4606,2190,0,0,2190,True,NONE
2026-03-27 08:53:13,/home/runner/work/2026_fire_protection/2026_fire_protection/data/2026_diavgeia.csv,/home/runner/work/2026_fire_protection/2026_fire_protection/data/pdf_pages_dataset.csv,/home/runner/work/2026_fire_protection/2026_fire_protection/data/2026_diavgeia_filtered.csv,34,6806,2192,4614,2192,0,0,2192,True,NONE
2026-03-27 14:50:10,/home/runner/work/2026_fire_protection/2026_fire_protection/data/2026_diavgeia.csv,/home/runner/work/2026_fire_protection/2026_fire_protection/data/pdf_pages_dataset.csv,/home/runner/work/2026_fire_protection/2026_fire_protection/data/2026_diavgeia_filtered.csv,34,6813,2194,4619,2194,0,0,2194,True,NONE
2026-03-27 18:55:30,/home/runner/work/2026_fire_protection/2026_fire_protection/data/2026_diavgeia.csv,/home/runner/work/2026_fire_protection/2026_fire_protection/data/pdf_pages_dataset.csv,/home/runner/work/2026_fire_protection/2026_fire_protection/data/2026_diavgeia_filtered.csv,34,6814,2194,4620,2194,0,0,2194,True,NONE
2026-03-27 23:58:15,/Users/troboukis/Code/fire_protection_2026/data/2026_diavgeia.csv,/Users/troboukis/Code/fire_protection_2026/data/pdf_pages_dataset.csv,/Users/troboukis/Code/fire_protection_2026/data/2026_diavgeia_filtered.csv,34,6814,6014,800,2194,5856,6534,6014,True,NONE
2026-03-28 05:56:58,/home/runner/work/2026_fire_protection/2026_fire_protection/data/2026_diavgeia.csv,/home/runner/work/2026_fire_protection/2026_fire_protection/data/pdf_pages_dataset.csv,/home/runner/work/2026_fire_protection/2026_fire_protection/data/2026_diavgeia_filtered.csv,34,6814,2194,4620,2194,0,0,2194,True,NONE
2026-03-28 08:38:52,/home/runner/work/2026_fire_protection/2026_fire_protection/data/2026_diavgeia.csv,/home/runner/work/2026_fire_protection/2026_fire_protection/data/pdf_pages_dataset.csv,/home/runner/work/2026_fire_protection/2026_fire_protection/data/2026_diavgeia_filtered.csv,34,6814,2194,4620,2194,0,0,2194,True,NONE
2026-03-28 13:56:40,/Users/troboukis/Code/fire_protection_2026/data/2026_diavgeia.csv,/Users/troboukis/Code/fire_protection_2026/data/pdf_pages_dataset.csv,/Users/troboukis/Code/fire_protection_2026/data/2026_diavgeia_filtered.csv,34,6814,6014,800,2194,5856,6534,6014,True,NONE
2026-03-28 14:31:53,/home/runner/work/2026_fire_protection/2026_fire_protection/data/2026_diavgeia.csv,/home/runner/work/2026_fire_protection/2026_fire_protection/data/pdf_pages_dataset.csv,/home/runner/work/2026_fire_protection/2026_fire_protection/data/2026_diavgeia_filtered.csv,34,6814,2194,4620,2194,0,0,2194,True,NONE
2026-03-28 18:39:48,/home/runner/work/2026_fire_protection/2026_fire_protection/data/2026_diavgeia.csv,/home/runner/work/2026_fire_protection/2026_fire_protection/data/pdf_pages_dataset.csv,/home/runner/work/2026_fire_protection/2026_fire_protection/data/2026_diavgeia_filtered.csv,34,6814,2194,4620,2194,0,0,2194,True,NONE
2026-03-29 06:12:02,/home/runner/work/2026_fire_protection/2026_fire_protection/data/2026_diavgeia.csv,/home/runner/work/2026_fire_protection/2026_fire_protection/data/pdf_pages_dataset.csv,/home/runner/work/2026_fire_protection/2026_fire_protection/data/2026_diavgeia_filtered.csv,34,6815,2195,4620,2195,0,0,2195,True,NONE
2026-03-29 08:39:30,/home/runner/work/2026_fire_protection/2026_fire_protection/data/2026_diavgeia.csv,/home/runner/work/2026_fire_protection/2026_fire_protection/data/pdf_pages_dataset.csv,/home/runner/work/2026_fire_protection/2026_fire_protection/data/2026_diavgeia_filtered.csv,34,6815,2195,4620,2195,0,0,2195,True,NONE
2026-03-29 15:10:05,/home/runner/work/2026_fire_protection/2026_fire_protection/data/2026_diavgeia.csv,/home/runner/work/2026_fire_protection/2026_fire_protection/data/pdf_pages_dataset.csv,/home/runner/work/2026_fire_protection/2026_fire_protection/data/2026_diavgeia_filtered.csv,34,6815,2195,4620,2195,0,0,2195,True,NONE
2026-03-29 15:25:18,/home/runner/work/2026_fire_protection/2026_fire_protection/data/2026_diavgeia.csv,/home/runner/work/2026_fire_protection/2026_fire_protection/data/pdf_pages_dataset.csv,/home/runner/work/2026_fire_protection/2026_fire_protection/data/2026_diavgeia_filtered.csv,34,6815,2195,4620,2195,0,0,2195,True,NONE
2026-03-29 18:41:26,/home/runner/work/2026_fire_protection/2026_fire_protection/data/2026_diavgeia.csv,/home/runner/work/2026_fire_protection/2026_fire_protection/data/pdf_pages_dataset.csv,/home/runner/work/2026_fire_protection/2026_fire_protection/data/2026_diavgeia_filtered.csv,34,6815,2195,4620,2195,0,0,2195,True,NONE
2026-03-30 06:30:08,/home/runner/work/2026_fire_protection/2026_fire_protection/data/2026_diavgeia.csv,/home/runner/work/2026_fire_protection/2026_fire_protection/data/pdf_pages_dataset.csv,/home/runner/work/2026_fire_protection/2026_fire_protection/data/2026_diavgeia_filtered.csv,34,6816,2195,4621,2195,0,0,2195,True,NONE
2026-03-30 09:11:50,/home/runner/work/2026_fire_protection/2026_fire_protection/data/2026_diavgeia.csv,/home/runner/work/2026_fire_protection/2026_fire_protection/data/pdf_pages_dataset.csv,/home/runner/work/2026_fire_protection/2026_fire_protection/data/2026_diavgeia_filtered.csv,34,6822,2197,4625,2197,0,0,2197,True,NONE
2026-03-30 15:03:10,/home/runner/work/2026_fire_protection/2026_fire_protection/data/2026_diavgeia.csv,/home/runner/work/2026_fire_protection/2026_fire_protection/data/pdf_pages_dataset.csv,/home/runner/work/2026_fire_protection/2026_fire_protection/data/2026_diavgeia_filtered.csv,34,6832,2201,4631,2201,0,0,2201,True,NONE
2026-03-30 18:58:58,/home/runner/work/2026_fire_protection/2026_fire_protection/data/2026_diavgeia.csv,/home/runner/work/2026_fire_protection/2026_fire_protection/data/pdf_pages_dataset.csv,/home/runner/work/2026_fire_protection/2026_fire_protection/data/2026_diavgeia_filtered.csv,34,6832,2201,4631,2201,0,0,2201,True,NONE
2026-03-31 08:50:06,/home/runner/work/2026_fire_protection/2026_fire_protection/data/2026_diavgeia.csv,/home/runner/work/2026_fire_protection/2026_fire_protection/data/pdf_pages_dataset.csv,/home/runner/work/2026_fire_protection/2026_fire_protection/data/2026_diavgeia_filtered.csv,34,6840,2201,4639,2201,0,0,2201,True,NONE
2026-03-31 08:59:15,/home/runner/work/2026_fire_protection/2026_fire_protection/data/2026_diavgeia.csv,/home/runner/work/2026_fire_protection/2026_fire_protection/data/pdf_pages_dataset.csv,/home/runner/work/2026_fire_protection/2026_fire_protection/data/2026_diavgeia_filtered.csv,34,6841,2201,4640,2201,0,0,2201,True,NONE
2026-03-31 15:02:11,/home/runner/work/2026_fire_protection/2026_fire_protection/data/2026_diavgeia.csv,/home/runner/work/2026_fire_protection/2026_fire_protection/data/pdf_pages_dataset.csv,/home/runner/work/2026_fire_protection/2026_fire_protection/data/2026_diavgeia_filtered.csv,34,6848,2202,4646,2202,0,0,2202,True,NONE
2026-03-31 22:12:07,/Users/troboukis/Code/fire_protection_2026/data/2026_diavgeia.csv,/Users/troboukis/Code/fire_protection_2026/data/pdf_pages_dataset.csv,/Users/troboukis/Code/fire_protection_2026/data/2026_diavgeia_filtered.csv,34,6848,6022,826,2202,5856,6534,6022,True,NONE
2026-04-01 06:26:50,/home/runner/work/2026_fire_protection/2026_fire_protection/data/2026_diavgeia.csv,/home/runner/work/2026_fire_protection/2026_fire_protection/data/pdf_pages_dataset.csv,/home/runner/work/2026_fire_protection/2026_fire_protection/data/2026_diavgeia_filtered.csv,34,6850,2202,4648,2202,0,0,2202,True,NONE
2026-04-01 09:03:54,/home/runner/work/2026_fire_protection/2026_fire_protection/data/2026_diavgeia.csv,/home/runner/work/2026_fire_protection/2026_fire_protection/data/pdf_pages_dataset.csv,/home/runner/work/2026_fire_protection/2026_fire_protection/data/2026_diavgeia_filtered.csv,34,6852,2202,4650,2202,0,0,2202,True,NONE
2026-04-01 15:04:06,/home/runner/work/2026_fire_protection/2026_fire_protection/data/2026_diavgeia.csv,/home/runner/work/2026_fire_protection/2026_fire_protection/data/pdf_pages_dataset.csv,/home/runner/work/2026_fire_protection/2026_fire_protection/data/2026_diavgeia_filtered.csv,34,6856,2203,4653,2203,0,0,2203,True,NONE
2026-04-01 19:01:20,/home/runner/work/2026_fire_protection/2026_fire_protection/data/2026_diavgeia.csv,/home/runner/work/2026_fire_protection/2026_fire_protection/data/pdf_pages_dataset.csv,/home/runner/work/2026_fire_protection/2026_fire_protection/data/2026_diavgeia_filtered.csv,34,6856,2203,4653,2203,0,0,2203,True,NONE
2026-04-02 06:12:44,/home/runner/work/2026_fire_protection/2026_fire_protection/data/2026_diavgeia.csv,/home/runner/work/2026_fire_protection/2026_fire_protection/data/pdf_pages_dataset.csv,/home/runner/work/2026_fire_protection/2026_fire_protection/data/2026_diavgeia_filtered.csv,34,6857,2204,4653,2204,0,0,2204,True,NONE
2026-04-02 08:56:20,/home/runner/work/2026_fire_protection/2026_fire_protection/data/2026_diavgeia.csv,/home/runner/work/2026_fire_protection/2026_fire_protection/data/pdf_pages_dataset.csv,/home/runner/work/2026_fire_protection/2026_fire_protection/data/2026_diavgeia_filtered.csv,34,6858,2204,4654,2204,0,0,2204,True,NONE
2026-04-02 14:55:59,/home/runner/work/2026_fire_protection/2026_fire_protection/data/2026_diavgeia.csv,/home/runner/work/2026_fire_protection/2026_fire_protection/data/pdf_pages_dataset.csv,/home/runner/work/2026_fire_protection/2026_fire_protection/data/2026_diavgeia_filtered.csv,34,6864,2207,4657,2207,0,0,2207,True,NONE
2026-04-02 18:56:33,/home/runner/work/2026_fire_protection/2026_fire_protection/data/2026_diavgeia.csv,/home/runner/work/2026_fire_protection/2026_fire_protection/data/pdf_pages_dataset.csv,/home/runner/work/2026_fire_protection/2026_fire_protection/data/2026_diavgeia_filtered.csv,34,6864,2207,4657,2207,0,0,2207,True,NONE
2026-04-02 22:15:08,/Users/troboukis/Code/fire_protection_2026/data/2026_diavgeia.csv,/Users/troboukis/Code/fire_protection_2026/data/pdf_pages_dataset.csv,/Users/troboukis/Code/fire_protection_2026/data/2026_diavgeia_filtered.csv,34,6864,6027,837,2207,5856,6534,6027,True,NONE
2026-04-03 06:12:53,/home/runner/work/2026_fire_protection/2026_fire_protection/data/2026_diavgeia.csv,/home/runner/work/2026_fire_protection/2026_fire_protection/data/pdf_pages_dataset.csv,/home/runner/work/2026_fire_protection/2026_fire_protection/data/2026_diavgeia_filtered.csv,34,6864,2207,4657,2207,0,0,2207,True,NONE
2026-04-03 08:53:49,/home/runner/work/2026_fire_protection/2026_fire_protection/data/2026_diavgeia.csv,/home/runner/work/2026_fire_protection/2026_fire_protection/data/pdf_pages_dataset.csv,/home/runner/work/2026_fire_protection/2026_fire_protection/data/2026_diavgeia_filtered.csv,34,6878,2214,4664,2214,0,0,2214,True,NONE
2026-04-03 14:42:04,/home/runner/work/2026_fire_protection/2026_fire_protection/data/2026_diavgeia.csv,/home/runner/work/2026_fire_protection/2026_fire_protection/data/pdf_pages_dataset.csv,/home/runner/work/2026_fire_protection/2026_fire_protection/data/2026_diavgeia_filtered.csv,34,6891,2219,4672,2219,0,0,2219,True,NONE
2026-04-03 19:11:30,/Users/troboukis/Code/fire_protection_2026/data/2026_diavgeia.csv,/Users/troboukis/Code/fire_protection_2026/data/pdf_pages_dataset.csv,/Users/troboukis/Code/fire_protection_2026/data/2026_diavgeia_filtered.csv,34,6891,6039,852,2219,5856,6534,6039,True,NONE
2026-04-04 05:57:06,/home/runner/work/2026_fire_protection/2026_fire_protection/data/2026_diavgeia.csv,/home/runner/work/2026_fire_protection/2026_fire_protection/data/pdf_pages_dataset.csv,/home/runner/work/2026_fire_protection/2026_fire_protection/data/2026_diavgeia_filtered.csv,34,6891,2219,4672,2219,0,0,2219,True,NONE
2026-04-04 08:40:39,/home/runner/work/2026_fire_protection/2026_fire_protection/data/2026_diavgeia.csv,/home/runner/work/2026_fire_protection/2026_fire_protection/data/pdf_pages_dataset.csv,/home/runner/work/2026_fire_protection/2026_fire_protection/data/2026_diavgeia_filtered.csv,34,6891,2219,4672,2219,0,0,2219,True,NONE
2026-04-04 14:33:23,/home/runner/work/2026_fire_protection/2026_fire_protection/data/2026_diavgeia.csv,/home/runner/work/2026_fire_protection/2026_fire_protection/data/pdf_pages_dataset.csv,/home/runner/work/2026_fire_protection/2026_fire_protection/data/2026_diavgeia_filtered.csv,34,6892,2219,4673,2219,0,0,2219,True,NONE
2026-04-04 18:41:33,/home/runner/work/2026_fire_protection/2026_fire_protection/data/2026_diavgeia.csv,/home/runner/work/2026_fire_protection/2026_fire_protection/data/pdf_pages_dataset.csv,/home/runner/work/2026_fire_protection/2026_fire_protection/data/2026_diavgeia_filtered.csv,34,6894,2221,4673,2221,0,0,2221,True,NONE
2026-04-05 06:14:28,/home/runner/work/2026_fire_protection/2026_fire_protection/data/2026_diavgeia.csv,/home/runner/work/2026_fire_protection/2026_fire_protection/data/pdf_pages_dataset.csv,/home/runner/work/2026_fire_protection/2026_fire_protection/data/2026_diavgeia_filtered.csv,34,6894,2221,4673,2221,0,0,2221,True,NONE
2026-04-05 08:42:39,/home/runner/work/2026_fire_protection/2026_fire_protection/data/2026_diavgeia.csv,/home/runner/work/2026_fire_protection/2026_fire_protection/data/pdf_pages_dataset.csv,/home/runner/work/2026_fire_protection/2026_fire_protection/data/2026_diavgeia_filtered.csv,34,6894,2221,4673,2221,0,0,2221,True,NONE
2026-04-06 11:07:37,/Users/troboukis/Code/fire_protection_2026/data/2026_diavgeia.csv,/Users/troboukis/Code/fire_protection_2026/data/pdf_pages_dataset.csv,/Users/troboukis/Code/fire_protection_2026/data/2026_diavgeia_filtered.csv,34,6899,6043,856,2223,5856,6534,6043,True,NONE
2026-04-06 11:29:50,/Users/troboukis/Code/fire_protection_2026/data/2026_diavgeia.csv,/Users/troboukis/Code/fire_protection_2026/data/pdf_pages_dataset.csv,/Users/troboukis/Code/fire_protection_2026/data/2026_diavgeia_filtered.csv,34,6902,6044,858,2224,5856,6534,6044,True,NONE
2026-04-06 08:37:44,/home/runner/work/2026_fire_protection/2026_fire_protection/data/2026_diavgeia.csv,/home/runner/work/2026_fire_protection/2026_fire_protection/data/pdf_pages_dataset.csv,/home/runner/work/2026_fire_protection/2026_fire_protection/data/2026_diavgeia_filtered.csv,34,6902,2224,4678,2224,0,0,2224,True,NONE
2026-04-06 09:08:23,/home/runner/work/2026_fire_protection/2026_fire_protection/data/2026_diavgeia.csv,/home/runner/work/2026_fire_protection/2026_fire_protection/data/pdf_pages_dataset.csv,/home/runner/work/2026_fire_protection/2026_fire_protection/data/2026_diavgeia_filtered.csv,34,6903,2224,4679,2224,0,0,2224,True,NONE
2026-04-06 14:45:58,/home/runner/work/2026_fire_protection/2026_fire_protection/data/2026_diavgeia.csv,/home/runner/work/2026_fire_protection/2026_fire_protection/data/pdf_pages_dataset.csv,/home/runner/work/2026_fire_protection/2026_fire_protection/data/2026_diavgeia_filtered.csv,34,6907,2225,4682,2225,0,0,2225,True,NONE
2026-04-06 18:58:54,/home/runner/work/2026_fire_protection/2026_fire_protection/data/2026_diavgeia.csv,/home/runner/work/2026_fire_protection/2026_fire_protection/data/pdf_pages_dataset.csv,/home/runner/work/2026_fire_protection/2026_fire_protection/data/2026_diavgeia_filtered.csv,34,6909,2227,4682,2227,0,0,2227,True,NONE
2026-04-07 06:21:04,/home/runner/work/2026_fire_protection/2026_fire_protection/data/2026_diavgeia.csv,/home/runner/work/2026_fire_protection/2026_fire_protection/data/pdf_pages_dataset.csv,/home/runner/work/2026_fire_protection/2026_fire_protection/data/2026_diavgeia_filtered.csv,34,6909,2227,4682,2227,0,0,2227,True,NONE
2026-04-07 09:02:11,/home/runner/work/2026_fire_protection/2026_fire_protection/data/2026_diavgeia.csv,/home/runner/work/2026_fire_protection/2026_fire_protection/data/pdf_pages_dataset.csv,/home/runner/work/2026_fire_protection/2026_fire_protection/data/2026_diavgeia_filtered.csv,34,6913,2228,4685,2228,0,0,2228,True,NONE
2026-04-07 15:07:48,/home/runner/work/2026_fire_protection/2026_fire_protection/data/2026_diavgeia.csv,/home/runner/work/2026_fire_protection/2026_fire_protection/data/pdf_pages_dataset.csv,/home/runner/work/2026_fire_protection/2026_fire_protection/data/2026_diavgeia_filtered.csv,34,6925,2231,4694,2231,0,0,2231,True,NONE
2026-04-07 19:02:40,/home/runner/work/2026_fire_protection/2026_fire_protection/data/2026_diavgeia.csv,/home/runner/work/2026_fire_protection/2026_fire_protection/data/pdf_pages_dataset.csv,/home/runner/work/2026_fire_protection/2026_fire_protection/data/2026_diavgeia_filtered.csv,34,6926,2231,4695,2231,0,0,2231,True,NONE
2026-04-08 06:23:07,/home/runner/work/2026_fire_protection/2026_fire_protection/data/2026_diavgeia.csv,/home/runner/work/2026_fire_protection/2026_fire_protection/data/pdf_pages_dataset.csv,/home/runner/work/2026_fire_protection/2026_fire_protection/data/2026_diavgeia_filtered.csv,34,6926,2231,4695,2231,0,0,2231,True,NONE
2026-04-08 09:00:41,/home/runner/work/2026_fire_protection/2026_fire_protection/data/2026_diavgeia.csv,/home/runner/work/2026_fire_protection/2026_fire_protection/data/pdf_pages_dataset.csv,/home/runner/work/2026_fire_protection/2026_fire_protection/data/2026_diavgeia_filtered.csv,34,6931,2235,4696,2235,0,0,2235,True,NONE
2026-04-08 15:09:54,/home/runner/work/2026_fire_protection/2026_fire_protection/data/2026_diavgeia.csv,/home/runner/work/2026_fire_protection/2026_fire_protection/data/pdf_pages_dataset.csv,/home/runner/work/2026_fire_protection/2026_fire_protection/data/2026_diavgeia_filtered.csv,34,6940,2239,4701,2239,0,0,2239,True,NONE
2026-04-08 19:15:28,/home/runner/work/2026_fire_protection/2026_fire_protection/data/2026_diavgeia.csv,/home/runner/work/2026_fire_protection/2026_fire_protection/data/pdf_pages_dataset.csv,/home/runner/work/2026_fire_protection/2026_fire_protection/data/2026_diavgeia_filtered.csv,34,6940,2239,4701,2239,0,0,2239,True,NONE
2026-04-09 06:25:30,/home/runner/work/2026_fire_protection/2026_fire_protection/data/2026_diavgeia.csv,/home/runner/work/2026_fire_protection/2026_fire_protection/data/pdf_pages_dataset.csv,/home/runner/work/2026_fire_protection/2026_fire_protection/data/2026_diavgeia_filtered.csv,34,6942,2239,4703,2239,0,0,2239,True,NONE
2026-04-09 09:07:20,/home/runner/work/2026_fire_protection/2026_fire_protection/data/2026_diavgeia.csv,/home/runner/work/2026_fire_protection/2026_fire_protection/data/pdf_pages_dataset.csv,/home/runner/work/2026_fire_protection/2026_fire_protection/data/2026_diavgeia_filtered.csv,34,6947,2239,4708,2239,0,0,2239,True,NONE
2026-04-09 15:22:46,/home/runner/work/2026_fire_protection/2026_fire_protection/data/2026_diavgeia.csv,/home/runner/work/2026_fire_protection/2026_fire_protection/data/pdf_pages_dataset.csv,/home/runner/work/2026_fire_protection/2026_fire_protection/data/2026_diavgeia_filtered.csv,34,6947,2239,4708,2239,0,0,2239,True,NONE
2026-04-09 19:07:14,/home/runner/work/2026_fire_protection/2026_fire_protection/data/2026_diavgeia.csv,/home/runner/work/2026_fire_protection/2026_fire_protection/data/pdf_pages_dataset.csv,/home/runner/work/2026_fire_protection/2026_fire_protection/data/2026_diavgeia_filtered.csv,34,6947,2239,4708,2239,0,0,2239,True,NONE
2026-04-10 06:53:19,/home/runner/work/2026_fire_protection/2026_fire_protection/data/2026_diavgeia.csv,/home/runner/work/2026_fire_protection/2026_fire_protection/data/pdf_pages_dataset.csv,/home/runner/work/2026_fire_protection/2026_fire_protection/data/2026_diavgeia_filtered.csv,34,6947,2239,4708,2239,0,0,2239,True,NONE
2026-04-10 09:08:25,/home/runner/work/2026_fire_protection/2026_fire_protection/data/2026_diavgeia.csv,/home/runner/work/2026_fire_protection/2026_fire_protection/data/pdf_pages_dataset.csv,/home/runner/work/2026_fire_protection/2026_fire_protection/data/2026_diavgeia_filtered.csv,34,6947,2239,4708,2239,0,0,2239,True,NONE
2026-04-10 14:47:40,/home/runner/work/2026_fire_protection/2026_fire_protection/data/2026_diavgeia.csv,/home/runner/work/2026_fire_protection/2026_fire_protection/data/pdf_pages_dataset.csv,/home/runner/work/2026_fire_protection/2026_fire_protection/data/2026_diavgeia_filtered.csv,34,6947,2239,4708,2239,0,0,2239,True,NONE
2026-04-10 18:52:42,/home/runner/work/2026_fire_protection/2026_fire_protection/data/2026_diavgeia.csv,/home/runner/work/2026_fire_protection/2026_fire_protection/data/pdf_pages_dataset.csv,/home/runner/work/2026_fire_protection/2026_fire_protection/data/2026_diavgeia_filtered.csv,34,6947,2239,4708,2239,0,0,2239,True,NONE
2026-04-11 06:00:56,/home/runner/work/2026_fire_protection/2026_fire_protection/data/2026_diavgeia.csv,/home/runner/work/2026_fire_protection/2026_fire_protection/data/pdf_pages_dataset.csv,/home/runner/work/2026_fire_protection/2026_fire_protection/data/2026_diavgeia_filtered.csv,34,6947,2239,4708,2239,0,0,2239,True,NONE
2026-04-11 08:41:33,/home/runner/work/2026_fire_protection/2026_fire_protection/data/2026_diavgeia.csv,/home/runner/work/2026_fire_protection/2026_fire_protection/data/pdf_pages_dataset.csv,/home/runner/work/2026_fire_protection/2026_fire_protection/data/2026_diavgeia_filtered.csv,34,6947,2239,4708,2239,0,0,2239,True,NONE
2026-04-11 14:36:51,/home/runner/work/2026_fire_protection/2026_fire_protection/data/2026_diavgeia.csv,/home/runner/work/2026_fire_protection/2026_fire_protection/data/pdf_pages_dataset.csv,/home/runner/work/2026_fire_protection/2026_fire_protection/data/2026_diavgeia_filtered.csv,34,6947,2239,4708,2239,0,0,2239,True,NONE
2026-04-11 18:42:57,/home/runner/work/2026_fire_protection/2026_fire_protection/data/2026_diavgeia.csv,/home/runner/work/2026_fire_protection/2026_fire_protection/data/pdf_pages_dataset.csv,/home/runner/work/2026_fire_protection/2026_fire_protection/data/2026_diavgeia_filtered.csv,34,6947,2239,4708,2239,0,0,2239,True,NONE
2026-04-12 06:23:52,/home/runner/work/2026_fire_protection/2026_fire_protection/data/2026_diavgeia.csv,/home/runner/work/2026_fire_protection/2026_fire_protection/data/pdf_pages_dataset.csv,/home/runner/work/2026_fire_protection/2026_fire_protection/data/2026_diavgeia_filtered.csv,34,6947,2239,4708,2239,0,0,2239,True,NONE
2026-04-12 08:46:35,/home/runner/work/2026_fire_protection/2026_fire_protection/data/2026_diavgeia.csv,/home/runner/work/2026_fire_protection/2026_fire_protection/data/pdf_pages_dataset.csv,/home/runner/work/2026_fire_protection/2026_fire_protection/data/2026_diavgeia_filtered.csv,34,6947,2239,4708,2239,0,0,2239,True,NONE
2026-04-12 14:39:25,/home/runner/work/2026_fire_protection/2026_fire_protection/data/2026_diavgeia.csv,/home/runner/work/2026_fire_protection/2026_fire_protection/data/pdf_pages_dataset.csv,/home/runner/work/2026_fire_protection/2026_fire_protection/data/2026_diavgeia_filtered.csv,34,6947,2239,4708,2239,0,0,2239,True,NONE
2026-04-12 18:47:45,/home/runner/work/2026_fire_protection/2026_fire_protection/data/2026_diavgeia.csv,/home/runner/work/2026_fire_protection/2026_fire_protection/data/pdf_pages_dataset.csv,/home/runner/work/2026_fire_protection/2026_fire_protection/data/2026_diavgeia_filtered.csv,34,6947,2239,4708,2239,0,0,2239,True,NONE
2026-04-13 07:13:55,/home/runner/work/2026_fire_protection/2026_fire_protection/data/2026_diavgeia.csv,/home/runner/work/2026_fire_protection/2026_fire_protection/data/pdf_pages_dataset.csv,/home/runner/work/2026_fire_protection/2026_fire_protection/data/2026_diavgeia_filtered.csv,34,6947,2239,4708,2239,0,0,2239,True,NONE
2026-04-13 09:54:32,/home/runner/work/2026_fire_protection/2026_fire_protection/data/2026_diavgeia.csv,/home/runner/work/2026_fire_protection/2026_fire_protection/data/pdf_pages_dataset.csv,/home/runner/work/2026_fire_protection/2026_fire_protection/data/2026_diavgeia_filtered.csv,34,6947,2239,4708,2239,0,0,2239,True,NONE
2026-04-13 15:15:31,/home/runner/work/2026_fire_protection/2026_fire_protection/data/2026_diavgeia.csv,/home/runner/work/2026_fire_protection/2026_fire_protection/data/pdf_pages_dataset.csv,/home/runner/work/2026_fire_protection/2026_fire_protection/data/2026_diavgeia_filtered.csv,34,6947,2239,4708,2239,0,0,2239,True,NONE
2026-04-13 19:13:47,/home/runner/work/2026_fire_protection/2026_fire_protection/data/2026_diavgeia.csv,/home/runner/work/2026_fire_protection/2026_fire_protection/data/pdf_pages_dataset.csv,/home/runner/work/2026_fire_protection/2026_fire_protection/data/2026_diavgeia_filtered.csv,34,6947,2239,4708,2239,0,0,2239,True,NONE
2026-04-14 06:53:11,/home/runner/work/2026_fire_protection/2026_fire_protection/data/2026_diavgeia.csv,/home/runner/work/2026_fire_protection/2026_fire_protection/data/pdf_pages_dataset.csv,/home/runner/work/2026_fire_protection/2026_fire_protection/data/2026_diavgeia_filtered.csv,34,6947,2239,4708,2239,0,0,2239,True,NONE
2026-04-14 09:17:41,/home/runner/work/2026_fire_protection/2026_fire_protection/data/2026_diavgeia.csv,/home/runner/work/2026_fire_protection/2026_fire_protection/data/pdf_pages_dataset.csv,/home/runner/work/2026_fire_protection/2026_fire_protection/data/2026_diavgeia_filtered.csv,34,6949,2240,4709,2240,0,0,2240,True,NONE
2026-04-14 15:20:37,/home/runner/work/2026_fire_protection/2026_fire_protection/data/2026_diavgeia.csv,/home/runner/work/2026_fire_protection/2026_fire_protection/data/pdf_pages_dataset.csv,/home/runner/work/2026_fire_protection/2026_fire_protection/data/2026_diavgeia_filtered.csv,34,6954,2241,4713,2241,0,0,2241,True,NONE
2026-04-14 19:14:25,/home/runner/work/2026_fire_protection/2026_fire_protection/data/2026_diavgeia.csv,/home/runner/work/2026_fire_protection/2026_fire_protection/data/pdf_pages_dataset.csv,/home/runner/work/2026_fire_protection/2026_fire_protection/data/2026_diavgeia_filtered.csv,34,6954,2241,4713,2241,0,0,2241,True,NONE
2026-04-15 06:54:55,/home/runner/work/2026_fire_protection/2026_fire_protection/data/2026_diavgeia.csv,/home/runner/work/2026_fire_protection/2026_fire_protection/data/pdf_pages_dataset.csv,/home/runner/work/2026_fire_protection/2026_fire_protection/data/2026_diavgeia_filtered.csv,34,6954,2241,4713,2241,0,0,2241,True,NONE
2026-04-15 09:19:11,/home/runner/work/2026_fire_protection/2026_fire_protection/data/2026_diavgeia.csv,/home/runner/work/2026_fire_protection/2026_fire_protection/data/pdf_pages_dataset.csv,/home/runner/work/2026_fire_protection/2026_fire_protection/data/2026_diavgeia_filtered.csv,34,6956,2241,4715,2241,0,0,2241,True,NONE
2026-04-15 15:05:35,/home/runner/work/2026_fire_protection/2026_fire_protection/data/2026_diavgeia.csv,/home/runner/work/2026_fire_protection/2026_fire_protection/data/pdf_pages_dataset.csv,/home/runner/work/2026_fire_protection/2026_fire_protection/data/2026_diavgeia_filtered.csv,34,6960,2243,4717,2243,0,0,2243,True,NONE
2026-04-15 19:16:58,/home/runner/work/2026_fire_protection/2026_fire_protection/data/2026_diavgeia.csv,/home/runner/work/2026_fire_protection/2026_fire_protection/data/pdf_pages_dataset.csv,/home/runner/work/2026_fire_protection/2026_fire_protection/data/2026_diavgeia_filtered.csv,34,6961,2243,4718,2243,0,0,2243,True,NONE
2026-04-16 06:57:30,/home/runner/work/2026_fire_protection/2026_fire_protection/data/2026_diavgeia.csv,/home/runner/work/2026_fire_protection/2026_fire_protection/data/pdf_pages_dataset.csv,/home/runner/work/2026_fire_protection/2026_fire_protection/data/2026_diavgeia_filtered.csv,34,6962,2244,4718,2244,0,0,2244,True,NONE
2026-04-16 09:18:56,/home/runner/work/2026_fire_protection/2026_fire_protection/data/2026_diavgeia.csv,/home/runner/work/2026_fire_protection/2026_fire_protection/data/pdf_pages_dataset.csv,/home/runner/work/2026_fire_protection/2026_fire_protection/data/2026_diavgeia_filtered.csv,34,6963,2245,4718,2245,0,0,2245,True,NONE
2026-04-16 15:25:58,/home/runner/work/2026_fire_protection/2026_fire_protection/data/2026_diavgeia.csv,/home/runner/work/2026_fire_protection/2026_fire_protection/data/pdf_pages_dataset.csv,/home/runner/work/2026_fire_protection/2026_fire_protection/data/2026_diavgeia_filtered.csv,34,6968,2245,4723,2245,0,0,2245,True,NONE
2026-04-16 21:54:47,/Users/troboukis/Code/fire_protection_2026/data/2026_diavgeia.csv,/Users/troboukis/Code/fire_protection_2026/data/pdf_pages_dataset.csv,/Users/troboukis/Code/fire_protection_2026/data/2026_diavgeia_filtered.csv,34,6969,6067,902,2245,5858,6536,6067,True,NONE
2026-04-16 19:12:20,/home/runner/work/2026_fire_protection/2026_fire_protection/data/2026_diavgeia.csv,/home/runner/work/2026_fire_protection/2026_fire_protection/data/pdf_pages_dataset.csv,/home/runner/work/2026_fire_protection/2026_fire_protection/data/2026_diavgeia_filtered.csv,34,6969,2245,4724,2245,0,0,2245,True,NONE
2026-04-17 06:58:23,/home/runner/work/2026_fire_protection/2026_fire_protection/data/2026_diavgeia.csv,/home/runner/work/2026_fire_protection/2026_fire_protection/data/pdf_pages_dataset.csv,/home/runner/work/2026_fire_protection/2026_fire_protection/data/2026_diavgeia_filtered.csv,34,6969,2245,4724,2245,0,0,2245,True,NONE
2026-04-17 09:17:16,/home/runner/work/2026_fire_protection/2026_fire_protection/data/2026_diavgeia.csv,/home/runner/work/2026_fire_protection/2026_fire_protection/data/pdf_pages_dataset.csv,/home/runner/work/2026_fire_protection/2026_fire_protection/data/2026_diavgeia_filtered.csv,34,6969,2245,4724,2245,0,0,2245,True,NONE
2026-04-17 14:55:27,/home/runner/work/2026_fire_protection/2026_fire_protection/data/2026_diavgeia.csv,/home/runner/work/2026_fire_protection/2026_fire_protection/data/pdf_pages_dataset.csv,/home/runner/work/2026_fire_protection/2026_fire_protection/data/2026_diavgeia_filtered.csv,34,6981,2246,4735,2246,0,0,2246,True,NONE
2026-04-17 18:59:37,/home/runner/work/2026_fire_protection/2026_fire_protection/data/2026_diavgeia.csv,/home/runner/work/2026_fire_protection/2026_fire_protection/data/pdf_pages_dataset.csv,/home/runner/work/2026_fire_protection/2026_fire_protection/data/2026_diavgeia_filtered.csv,34,6981,2246,4735,2246,0,0,2246,True,NONE
2026-04-18 06:13:58,/home/runner/work/2026_fire_protection/2026_fire_protection/data/2026_diavgeia.csv,/home/runner/work/2026_fire_protection/2026_fire_protection/data/pdf_pages_dataset.csv,/home/runner/work/2026_fire_protection/2026_fire_protection/data/2026_diavgeia_filtered.csv,34,6981,2246,4735,2246,0,0,2246,True,NONE
2026-04-18 08:49:46,/home/runner/work/2026_fire_protection/2026_fire_protection/data/2026_diavgeia.csv,/home/runner/work/2026_fire_protection/2026_fire_protection/data/pdf_pages_dataset.csv,/home/runner/work/2026_fire_protection/2026_fire_protection/data/2026_diavgeia_filtered.csv,34,6981,2246,4735,2246,0,0,2246,True,NONE
2026-04-18 14:39:03,/home/runner/work/2026_fire_protection/2026_fire_protection/data/2026_diavgeia.csv,/home/runner/work/2026_fire_protection/2026_fire_protection/data/pdf_pages_dataset.csv,/home/runner/work/2026_fire_protection/2026_fire_protection/data/2026_diavgeia_filtered.csv,34,6981,2246,4735,2246,0,0,2246,True,NONE
2026-04-18 18:51:04,/home/runner/work/2026_fire_protection/2026_fire_protection/data/2026_diavgeia.csv,/home/runner/work/2026_fire_protection/2026_fire_protection/data/pdf_pages_dataset.csv,/home/runner/work/2026_fire_protection/2026_fire_protection/data/2026_diavgeia_filtered.csv,34,6981,2246,4735,2246,0,0,2246,True,NONE
2026-04-19 06:28:27,/home/runner/work/2026_fire_protection/2026_fire_protection/data/2026_diavgeia.csv,/home/runner/work/2026_fire_protection/2026_fire_protection/data/pdf_pages_dataset.csv,/home/runner/work/2026_fire_protection/2026_fire_protection/data/2026_diavgeia_filtered.csv,34,6981,2246,4735,2246,0,0,2246,True,NONE
2026-04-19 08:53:39,/home/runner/work/2026_fire_protection/2026_fire_protection/data/2026_diavgeia.csv,/home/runner/work/2026_fire_protection/2026_fire_protection/data/pdf_pages_dataset.csv,/home/runner/work/2026_fire_protection/2026_fire_protection/data/2026_diavgeia_filtered.csv,34,6981,2246,4735,2246,0,0,2246,True,NONE
2026-04-19 14:39:50,/home/runner/work/2026_fire_protection/2026_fire_protection/data/2026_diavgeia.csv,/home/runner/work/2026_fire_protection/2026_fire_protection/data/pdf_pages_dataset.csv,/home/runner/work/2026_fire_protection/2026_fire_protection/data/2026_diavgeia_filtered.csv,34,6981,2246,4735,2246,0,0,2246,True,NONE
2026-04-19 18:50:59,/home/runner/work/2026_fire_protection/2026_fire_protection/data/2026_diavgeia.csv,/home/runner/work/2026_fire_protection/2026_fire_protection/data/pdf_pages_dataset.csv,/home/runner/work/2026_fire_protection/2026_fire_protection/data/2026_diavgeia_filtered.csv,34,6981,2246,4735,2246,0,0,2246,True,NONE
2026-04-20 07:16:18,/home/runner/work/2026_fire_protection/2026_fire_protection/data/2026_diavgeia.csv,/home/runner/work/2026_fire_protection/2026_fire_protection/data/pdf_pages_dataset.csv,/home/runner/work/2026_fire_protection/2026_fire_protection/data/2026_diavgeia_filtered.csv,34,6986,2246,4740,2246,0,0,2246,True,NONE
2026-04-20 09:58:54,/home/runner/work/2026_fire_protection/2026_fire_protection/data/2026_diavgeia.csv,/home/runner/work/2026_fire_protection/2026_fire_protection/data/pdf_pages_dataset.csv,/home/runner/work/2026_fire_protection/2026_fire_protection/data/2026_diavgeia_filtered.csv,34,6988,2246,4742,2246,0,0,2246,True,NONE
2026-04-20 15:16:21,/home/runner/work/2026_fire_protection/2026_fire_protection/data/2026_diavgeia.csv,/home/runner/work/2026_fire_protection/2026_fire_protection/data/pdf_pages_dataset.csv,/home/runner/work/2026_fire_protection/2026_fire_protection/data/2026_diavgeia_filtered.csv,34,6990,2247,4743,2247,0,0,2247,True,NONE
2026-04-20 19:04:24,/home/runner/work/2026_fire_protection/2026_fire_protection/data/2026_diavgeia.csv,/home/runner/work/2026_fire_protection/2026_fire_protection/data/pdf_pages_dataset.csv,/home/runner/work/2026_fire_protection/2026_fire_protection/data/2026_diavgeia_filtered.csv,34,6990,2247,4743,2247,0,0,2247,True,NONE
2026-04-21 06:59:14,/home/runner/work/2026_fire_protection/2026_fire_protection/data/2026_diavgeia.csv,/home/runner/work/2026_fire_protection/2026_fire_protection/data/pdf_pages_dataset.csv,/home/runner/work/2026_fire_protection/2026_fire_protection/data/2026_diavgeia_filtered.csv,34,6990,2247,4743,2247,0,0,2247,True,NONE
2026-04-21 10:36:14,/Users/troboukis/Code/fire_protection_2026/data/2026_diavgeia.csv,/Users/troboukis/Code/fire_protection_2026/data/pdf_pages_dataset.csv,/Users/troboukis/Code/fire_protection_2026/data/2026_diavgeia_filtered.csv,34,6990,6069,921,2247,5858,6536,6069,True,NONE
2026-04-21 09:26:09,/home/runner/work/2026_fire_protection/2026_fire_protection/data/2026_diavgeia.csv,/home/runner/work/2026_fire_protection/2026_fire_protection/data/pdf_pages_dataset.csv,/home/runner/work/2026_fire_protection/2026_fire_protection/data/2026_diavgeia_filtered.csv,34,6995,2250,4745,2250,0,0,2250,True,NONE
2026-04-21 12:59:10,/Users/troboukis/Code/fire_protection_2026/data/2026_diavgeia.csv,/Users/troboukis/Code/fire_protection_2026/data/pdf_pages_dataset.csv,/Users/troboukis/Code/fire_protection_2026/data/2026_diavgeia_filtered.csv,34,6996,6072,924,2250,5858,6536,6072,True,NONE
2026-04-21 13:03:13,/Users/troboukis/Code/fire_protection_2026/data/2026_diavgeia.csv,/Users/troboukis/Code/fire_protection_2026/data/pdf_pages_dataset.csv,/Users/troboukis/Code/fire_protection_2026/data/2026_diavgeia_filtered.csv,34,6996,6072,924,2250,5858,6536,6072,True,NONE
2026-04-21 15:43:48,/Users/troboukis/Code/fire_protection_2026/data/2026_diavgeia.csv,/Users/troboukis/Code/fire_protection_2026/data/pdf_pages_dataset.csv,/Users/troboukis/Code/fire_protection_2026/data/2026_diavgeia_filtered.csv,34,6998,6072,926,2250,5858,6536,6072,True,NONE
2026-04-21 15:13:06,/home/runner/work/2026_fire_protection/2026_fire_protection/data/2026_diavgeia.csv,/home/runner/work/2026_fire_protection/2026_fire_protection/data/pdf_pages_dataset.csv,/home/runner/work/2026_fire_protection/2026_fire_protection/data/2026_diavgeia_filtered.csv,34,6998,2250,4748,2250,0,0,2250,True,NONE
2026-04-21 19:10:20,/home/runner/work/2026_fire_protection/2026_fire_protection/data/2026_diavgeia.csv,/home/runner/work/2026_fire_protection/2026_fire_protection/data/pdf_pages_dataset.csv,/home/runner/work/2026_fire_protection/2026_fire_protection/data/2026_diavgeia_filtered.csv,34,6998,2250,4748,2250,0,0,2250,True,NONE
2026-04-22 06:59:50,/home/runner/work/2026_fire_protection/2026_fire_protection/data/2026_diavgeia.csv,/home/runner/work/2026_fire_protection/2026_fire_protection/data/pdf_pages_dataset.csv,/home/runner/work/2026_fire_protection/2026_fire_protection/data/2026_diavgeia_filtered.csv,34,6998,2250,4748,2250,0,0,2250,True,NONE
2026-04-22 09:20:44,/home/runner/work/2026_fire_protection/2026_fire_protection/data/2026_diavgeia.csv,/home/runner/work/2026_fire_protection/2026_fire_protection/data/pdf_pages_dataset.csv,/home/runner/work/2026_fire_protection/2026_fire_protection/data/2026_diavgeia_filtered.csv,34,7007,2250,4757,2250,0,0,2250,True,NONE
2026-04-22 15:13:07,/home/runner/work/2026_fire_protection/2026_fire_protection/data/2026_diavgeia.csv,/home/runner/work/2026_fire_protection/2026_fire_protection/data/pdf_pages_dataset.csv,/home/runner/work/2026_fire_protection/2026_fire_protection/data/2026_diavgeia_filtered.csv,34,7015,2250,4765,2250,0,0,2250,True,NONE
2026-04-22 19:12:10,/home/runner/work/2026_fire_protection/2026_fire_protection/data/2026_diavgeia.csv,/home/runner/work/2026_fire_protection/2026_fire_protection/data/pdf_pages_dataset.csv,/home/runner/work/2026_fire_protection/2026_fire_protection/data/2026_diavgeia_filtered.csv,34,7015,2250,4765,2250,0,0,2250,True,NONE
2026-04-22 23:49:23,/Users/troboukis/Code/fire_protection_2026/data/2026_diavgeia.csv,/Users/troboukis/Code/fire_protection_2026/data/pdf_pages_dataset.csv,/Users/troboukis/Code/fire_protection_2026/data/2026_diavgeia_filtered.csv,34,7015,6072,943,2250,5858,6536,6072,True,NONE
2026-04-23 07:01:23,/home/runner/work/2026_fire_protection/2026_fire_protection/data/2026_diavgeia.csv,/home/runner/work/2026_fire_protection/2026_fire_protection/data/pdf_pages_dataset.csv,/home/runner/work/2026_fire_protection/2026_fire_protection/data/2026_diavgeia_filtered.csv,34,7017,2250,4767,2250,0,0,2250,True,NONE
2026-04-23 09:27:52,/home/runner/work/2026_fire_protection/2026_fire_protection/data/2026_diavgeia.csv,/home/runner/work/2026_fire_protection/2026_fire_protection/data/pdf_pages_dataset.csv,/home/runner/work/2026_fire_protection/2026_fire_protection/data/2026_diavgeia_filtered.csv,34,7023,2253,4770,2253,0,0,2253,True,NONE
2026-04-23 15:52:35,/home/runner/work/2026_fire_protection/2026_fire_protection/data/2026_diavgeia.csv,/home/runner/work/2026_fire_protection/2026_fire_protection/data/pdf_pages_dataset.csv,/home/runner/work/2026_fire_protection/2026_fire_protection/data/2026_diavgeia_filtered.csv,34,7030,2256,4774,2256,0,0,2256,True,NONE
2026-04-23 19:10:40,/home/runner/work/2026_fire_protection/2026_fire_protection/data/2026_diavgeia.csv,/home/runner/work/2026_fire_protection/2026_fire_protection/data/pdf_pages_dataset.csv,/home/runner/work/2026_fire_protection/2026_fire_protection/data/2026_diavgeia_filtered.csv,34,7030,2256,4774,2256,0,0,2256,True,NONE
2026-04-23 23:11:00,/Users/troboukis/Code/fire_protection_2026/data/2026_diavgeia.csv,/Users/troboukis/Code/fire_protection_2026/data/pdf_pages_dataset.csv,/Users/troboukis/Code/fire_protection_2026/data/2026_diavgeia_filtered.csv,34,7030,6078,952,2256,5858,6536,6078,True,NONE
2026-04-24 06:12:05,/home/runner/work/2026_fire_protection/2026_fire_protection/data/2026_diavgeia.csv,/home/runner/work/2026_fire_protection/2026_fire_protection/data/pdf_pages_dataset.csv,/home/runner/work/2026_fire_protection/2026_fire_protection/data/2026_diavgeia_filtered.csv,34,7031,2256,4775,2256,0,0,2256,True,NONE
2026-04-24 07:04:43,/home/runner/work/2026_fire_protection/2026_fire_protection/data/2026_diavgeia.csv,/home/runner/work/2026_fire_protection/2026_fire_protection/data/pdf_pages_dataset.csv,/home/runner/work/2026_fire_protection/2026_fire_protection/data/2026_diavgeia_filtered.csv,34,7031,2256,4775,2256,0,0,2256,True,NONE
2026-04-24 09:45:17,/home/runner/work/2026_fire_protection/2026_fire_protection/data/2026_diavgeia.csv,/home/runner/work/2026_fire_protection/2026_fire_protection/data/pdf_pages_dataset.csv,/home/runner/work/2026_fire_protection/2026_fire_protection/data/2026_diavgeia_filtered.csv,34,7037,2256,4781,2256,0,0,2256,True,NONE
2026-04-24 14:07:41,/Users/troboukis/Code/fire_protection_2026/data/2026_diavgeia.csv,/Users/troboukis/Code/fire_protection_2026/data/pdf_pages_dataset.csv,/Users/troboukis/Code/fire_protection_2026/data/2026_diavgeia_filtered.csv,34,7040,6078,962,2256,5858,6536,6078,True,NONE
2026-04-24 15:08:04,/home/runner/work/2026_fire_protection/2026_fire_protection/data/2026_diavgeia.csv,/home/runner/work/2026_fire_protection/2026_fire_protection/data/pdf_pages_dataset.csv,/home/runner/work/2026_fire_protection/2026_fire_protection/data/2026_diavgeia_filtered.csv,34,7042,2256,4786,2256,0,0,2256,True,NONE
2026-04-24 18:50:12,/home/runner/work/2026_fire_protection/2026_fire_protection/data/2026_diavgeia.csv,/home/runner/work/2026_fire_protection/2026_fire_protection/data/pdf_pages_dataset.csv,/home/runner/work/2026_fire_protection/2026_fire_protection/data/2026_diavgeia_filtered.csv,34,7042,2256,4786,2256,0,0,2256,True,NONE
2026-04-25 05:20:24,/home/runner/work/2026_fire_protection/2026_fire_protection/data/2026_diavgeia.csv,/home/runner/work/2026_fire_protection/2026_fire_protection/data/pdf_pages_dataset.csv,/home/runner/work/2026_fire_protection/2026_fire_protection/data/2026_diavgeia_filtered.csv,34,7042,2256,4786,2256,0,0,2256,True,NONE
2026-04-25 06:20:49,/home/runner/work/2026_fire_protection/2026_fire_protection/data/2026_diavgeia.csv,/home/runner/work/2026_fire_protection/2026_fire_protection/data/pdf_pages_dataset.csv,/home/runner/work/2026_fire_protection/2026_fire_protection/data/2026_diavgeia_filtered.csv,34,7042,2256,4786,2256,0,0,2256,True,NONE
2026-04-25 08:52:13,/home/runner/work/2026_fire_protection/2026_fire_protection/data/2026_diavgeia.csv,/home/runner/work/2026_fire_protection/2026_fire_protection/data/pdf_pages_dataset.csv,/home/runner/work/2026_fire_protection/2026_fire_protection/data/2026_diavgeia_filtered.csv,34,7042,2256,4786,2256,0,0,2256,True,NONE
2026-04-25 14:41:08,/home/runner/work/2026_fire_protection/2026_fire_protection/data/2026_diavgeia.csv,/home/runner/work/2026_fire_protection/2026_fire_protection/data/pdf_pages_dataset.csv,/home/runner/work/2026_fire_protection/2026_fire_protection/data/2026_diavgeia_filtered.csv,34,7042,2256,4786,2256,0,0,2256,True,NONE
2026-04-25 18:52:18,/home/runner/work/2026_fire_protection/2026_fire_protection/data/2026_diavgeia.csv,/home/runner/work/2026_fire_protection/2026_fire_protection/data/pdf_pages_dataset.csv,/home/runner/work/2026_fire_protection/2026_fire_protection/data/2026_diavgeia_filtered.csv,34,7042,2256,4786,2256,0,0,2256,True,NONE
2026-04-26 06:59:08,/home/runner/work/2026_fire_protection/2026_fire_protection/data/2026_diavgeia.csv,/home/runner/work/2026_fire_protection/2026_fire_protection/data/pdf_pages_dataset.csv,/home/runner/work/2026_fire_protection/2026_fire_protection/data/2026_diavgeia_filtered.csv,34,7042,2256,4786,2256,0,0,2256,True,NONE
2026-04-26 09:00:19,/home/runner/work/2026_fire_protection/2026_fire_protection/data/2026_diavgeia.csv,/home/runner/work/2026_fire_protection/2026_fire_protection/data/pdf_pages_dataset.csv,/home/runner/work/2026_fire_protection/2026_fire_protection/data/2026_diavgeia_filtered.csv,34,7042,2256,4786,2256,0,0,2256,True,NONE
2026-04-26 14:42:20,/home/runner/work/2026_fire_protection/2026_fire_protection/data/2026_diavgeia.csv,/home/runner/work/2026_fire_protection/2026_fire_protection/data/pdf_pages_dataset.csv,/home/runner/work/2026_fire_protection/2026_fire_protection/data/2026_diavgeia_filtered.csv,34,7042,2256,4786,2256,0,0,2256,True,NONE
2026-04-26 18:53:39,/home/runner/work/2026_fire_protection/2026_fire_protection/data/2026_diavgeia.csv,/home/runner/work/2026_fire_protection/2026_fire_protection/data/pdf_pages_dataset.csv,/home/runner/work/2026_fire_protection/2026_fire_protection/data/2026_diavgeia_filtered.csv,34,7042,2256,4786,2256,0,0,2256,True,NONE
2026-04-27 07:34:47,/home/runner/work/2026_fire_protection/2026_fire_protection/data/2026_diavgeia.csv,/home/runner/work/2026_fire_protection/2026_fire_protection/data/pdf_pages_dataset.csv,/home/runner/work/2026_fire_protection/2026_fire_protection/data/2026_diavgeia_filtered.csv,34,7044,2256,4788,2256,0,0,2256,True,NONE
2026-04-27 10:14:34,/home/runner/work/2026_fire_protection/2026_fire_protection/data/2026_diavgeia.csv,/home/runner/work/2026_fire_protection/2026_fire_protection/data/pdf_pages_dataset.csv,/home/runner/work/2026_fire_protection/2026_fire_protection/data/2026_diavgeia_filtered.csv,34,7046,2257,4789,2257,0,0,2257,True,NONE
2026-04-27 15:47:55,/home/runner/work/2026_fire_protection/2026_fire_protection/data/2026_diavgeia.csv,/home/runner/work/2026_fire_protection/2026_fire_protection/data/pdf_pages_dataset.csv,/home/runner/work/2026_fire_protection/2026_fire_protection/data/2026_diavgeia_filtered.csv,34,7047,2257,4790,2257,0,0,2257,True,NONE
2026-04-27 19:20:16,/home/runner/work/2026_fire_protection/2026_fire_protection/data/2026_diavgeia.csv,/home/runner/work/2026_fire_protection/2026_fire_protection/data/pdf_pages_dataset.csv,/home/runner/work/2026_fire_protection/2026_fire_protection/data/2026_diavgeia_filtered.csv,34,7047,2257,4790,2257,0,0,2257,True,NONE
2026-04-28 07:31:35,/home/runner/work/2026_fire_protection/2026_fire_protection/data/2026_diavgeia.csv,/home/runner/work/2026_fire_protection/2026_fire_protection/data/pdf_pages_dataset.csv,/home/runner/work/2026_fire_protection/2026_fire_protection/data/2026_diavgeia_filtered.csv,34,7051,2258,4793,2258,0,0,2258,True,NONE
2026-04-28 10:13:27,/home/runner/work/2026_fire_protection/2026_fire_protection/data/2026_diavgeia.csv,/home/runner/work/2026_fire_protection/2026_fire_protection/data/pdf_pages_dataset.csv,/home/runner/work/2026_fire_protection/2026_fire_protection/data/2026_diavgeia_filtered.csv,34,7053,2258,4795,2258,0,0,2258,True,NONE
2026-04-28 14:48:54,/home/runner/work/2026_fire_protection/2026_fire_protection/data/2026_diavgeia.csv,/home/runner/work/2026_fire_protection/2026_fire_protection/data/pdf_pages_dataset.csv,/home/runner/work/2026_fire_protection/2026_fire_protection/data/2026_diavgeia_filtered.csv,34,7057,2260,4797,2260,0,0,2260,True,NONE
2026-04-28 18:01:09,/Users/troboukis/Code/fire_protection_2026/data/2026_diavgeia.csv,/Users/troboukis/Code/fire_protection_2026/data/pdf_pages_dataset.csv,/Users/troboukis/Code/fire_protection_2026/data/2026_diavgeia_filtered.csv,34,7058,6082,976,2260,5858,6536,6082,True,NONE
