title,referenceNumber,prevReferenceNo,noticeReferenceNumber,nextRefNo,nextExtended,nextModified,submissionDate,contractSignedDate,startDate,noEndDate,endDate,cancelled,cancellationDate,cancellationType,cancellationReason,decisionRelatedAda,contractNumber,organizationVatNumber,greekOrganizationVatNumber,diavgeiaADA,budget,contractBudget,bidsSubmitted,maxBidsSubmitted,numberOfSections,centralGovernmentAuthority,nutsCode_key,nutsCode_value,organization_key,organization_value,procedureType_key,procedureType_value,awardProcedure,nutsCity,nutsPostalCode,centralizedMarkets,contractType,assignCriteria,classificationOfPublicLawOrganization,typeOfContractingAuthority,contractingAuthorityActivity,contractDuration,contractDurationUnitOfMeasure,contractRelatedADA,fundingDetails_cofund,fundingDetails_selfFund,fundingDetails_espa,fundingDetails_regularBudget,unitsOperator,signers,contractingMembers_count,contractingMembers_vatNumbers,contractingMembers_names,contractingMembers_details,firstMember_vatNumber,firstMember_name,totalCostWithVAT,totalCostWithoutVAT,shortDescriptions,cpv_keys,cpv_values,greenContracts,auctionRefNo,paymentRefNo
2η ΠΑΡΑΤΑΣΗ- ΣΥΜΒΑΣΗ ΔΙΚΤΥΑ ΥΠΟΔΟΜΩΝ ΛΕΙΤΟΥΡΓΙΚΟΤΗΤΑΣ ΥΠΟΕΡΓΟ 1ο -ΝΕΑ ΕΡΓΑ ΥΠΟΔΟΜΗΣ ΤΑΤΟΙ,26SYMV018926671,26SYMV018317247,,,,,2026-04-30T13:21:44.745,2024-08-27,2024-08-27,False,2026-06-15,False,,,,,232457,090283815,False,,,12365121.62,1.0,1,1,Ναι,EL3,ATTIKΗ,100081912,ΥΠΟΥΡΓΕΙΟ ΠΟΛΙΤΙΣΜΟΥ,1,Ανοιχτή διαδικασία,,ΑΘΗΝΑ,10433,Δεν χρησιμοποιείται,Έργα,Βάσει τιμής,Κεντρική Κυβέρνηση,Κεντρική Διοίκηση,Πολιτισμός και θρησκεία,16,Μήνες,6ΚΩΕ46ΜΤΛΡ-ΙΘΨ,5161718,,,,ΔΙΕΥΘΥΝΣΗ ΠΡΟΣΤΑΣΙΑΣ ΚΑΙ ΑΝΑΣΤΗΛΩΣΗΣ ΝΕΩΤΕΡΩΝ ΚΑΙ ΣΥΓΧΡΟΝΩΝ ΜΝΗΜΕΙΩΝ,ΙΩΑΝΝΑ ΚΑΡΑΝΗ - Αναπληρωτής Προϊστάμενος,1,"[""802565985""]","[""ΕΡΕΤΒΟ Α.Ε. ΕΤΒΟ Α.Τ.Ε. ΝΗΡΙΚΟΣ ΤΕΧΝΙΚΗ Α.Ε. ΚΟΙΝΟΠΡΑΞΙΑ με διακριτικό τίτλο ΔΙΚΤΥΩΝ ΤΑΤΟΪΟΥ Κ/Ξ""]","[{""countryKey"": ""GR"", ""countryValue"": ""Ελλάδα"", ""name"": ""ΕΡΕΤΒΟ Α.Ε. ΕΤΒΟ Α.Τ.Ε. ΝΗΡΙΚΟΣ ΤΕΧΝΙΚΗ Α.Ε. ΚΟΙΝΟΠΡΑΞΙΑ με διακριτικό τίτλο ΔΙΚΤΥΩΝ ΤΑΤΟΪΟΥ Κ/Ξ"", ""vatNumber"": ""802565985""}]",802565985,ΕΡΕΤΒΟ Α.Ε. ΕΤΒΟ Α.Τ.Ε. ΝΗΡΙΚΟΣ ΤΕΧΝΙΚΗ Α.Ε. ΚΟΙΝΟΠΡΑΞΙΑ με διακριτικό τίτλο ΔΙΚΤΥΩΝ ΤΑΤΟΪΟΥ Κ/Ξ,15332750.81,12365121.62,"2η Παράταση για την σύμβαση του έργου: «Δίκτυα Υποδομών Λειτουργικότητας», στο πλαίσιο της Πράξης «SUB. 1 - Νέα έργα υποδομής στο πρώην Βασιλικό Κτήμα Τατοΐου» (ΟΠΣ ΤΑ: 5161718)",45000000-7 | 45343200-5 | 45252130-8 | 45343100-4 | 45231300-8 | 45232420-2 | 45315000-8 | 45232121-6 | 45351000-2 | 45232332-8 | 45252127-4,Κατασκευαστικές εργασίες | Εργασίες εγκατάστασης εξοπλισμών πυρόσβεσης | Εξοπλισμός σταθμού επεξεργασίας λυμάτων | Εργασίες πυροπροστασίας | Κατασκευαστικές εργασίες για αγωγούς ύδρευσης και αποχέτευσης | Κατασκευαστικές εργασίες αποχετευτικών δικτύων | Ηλεκτρολογικές εργασίες εγκατάστασης θέρμανσης και άλλου ηλεκτρολογικού εξοπλισμού κτιρίων | Κατασκευαστικές εργασίες για σωληνώσεις διανομής νερού άρδευσης | Εργασίες μηχανολογικών εγκαταστάσεων | Εργασίες σχετιζόμενες με εγκαταστάσεις τηλεπικοινωνιών | Κατασκευαστικές εργασίες για σταθμούς επεξεργασίας λυμάτων,Δεν εμπίπτει στο ΕΣΔ,24AWRD015248428,[]
1Η ΤΡΟΠΟΠΟΙΗΣΗ ΣΥΜΒΑΣΗΣ ΜΕ ΑΡΙΘΜΟ 4500072439 ΠΑΡΟΧΗ ΥΠΗΡΕΣΙΩΝ ΑΠΟΨΙΛΩΣΗΣ ΚΑΙ ΚΑΘΑΡΙΣΜΟΥ,26SYMV018920237,26SYMV018722244,,,,,2026-04-30T08:46:15.67,2026-04-29,2026-04-29,False,2026-05-10,False,,,,,4500072439,997180750,False,,,29690.0,,2,1,Όχι,EL,ΕΛΛΑΔΑ,99200358,ΕΛΛΗΝΙΚΑ ΑΜΥΝΤΙΚΑ ΣΥΣΤΗΜΑΤΑ  ΑΒΕΕ,6,Απευθείας ανάθεση,,ΥΜΗΤΤΟΣ,17237,Δεν χρησιμοποιείται,Υπηρεσίες,Βάσει τιμής,Εκτός Γενικής Κυβέρνησης,ΝΠΙΔ,Άμυνα,1,Μήνες,6ΧΗΔ46ΨΧΗΘ-ΦΩΔ,,,,61,ΓΡΑΦΕΙΟ ΔΙΕΥΘΥΝΟΝΤΟΣ ΣΥΜΒΟΥΛΟΥ,ΧΡΙΣΤΟΦΟΡΟΣ - ΕΜΜΑΝΟΥΗΛ ΜΠΟΥΤΣΙΚΑΚΗΣ - Διευθύνων Σύμβουλος,1,"[""998309282""]","[""IPIROTIKI FACILITY SERVICES ΑΝΩΝΥΜΟΣ ΙΔΙΩΤΙΚΗ ΕΤΑΙΡΕΙΑ ΠΑΡΟΧΗΣ ΥΠΗΡΕΣΙΩΝ ΚΑΘΑΡΙΣΜΟΥ, ΕΜΠΟΡΙΚΗ ΚΑΙ ΑΝΤΙΠΡΟΣΩΠΕΙΩΝ""]","[{""countryKey"": ""GR"", ""countryValue"": ""Ελλάδα"", ""name"": ""IPIROTIKI FACILITY SERVICES ΑΝΩΝΥΜΟΣ ΙΔΙΩΤΙΚΗ ΕΤΑΙΡΕΙΑ ΠΑΡΟΧΗΣ ΥΠΗΡΕΣΙΩΝ ΚΑΘΑΡΙΣΜΟΥ, ΕΜΠΟΡΙΚΗ ΚΑΙ ΑΝΤΙΠΡΟΣΩΠΕΙΩΝ"", ""vatNumber"": ""998309282""}]",998309282,"IPIROTIKI FACILITY SERVICES ΑΝΩΝΥΜΟΣ ΙΔΙΩΤΙΚΗ ΕΤΑΙΡΕΙΑ ΠΑΡΟΧΗΣ ΥΠΗΡΕΣΙΩΝ ΚΑΘΑΡΙΣΜΟΥ, ΕΜΠΟΡΙΚΗ ΚΑΙ ΑΝΤΙΠΡΟΣΩΠΕΙΩΝ",36815.6,29690.0,1Η ΤΡΟΠΟΠΟΙΗΣΗ ΠΑΡΟΧΗ ΥΠΗΡΕΣΙΩΝ ΑΠΟΨΙΛΩΣΗΣ ΚΑΙ ΚΑΘΑΡΙΣΜΟΥ,77312000-0,Υπηρεσίες εκκαθάρισης από αγριόχορτα,Δεν εμπίπτει στο ΕΣΔ,26AWRD018717730,[]
1Η ΤΡΟΠΟΠΟΙΗΣΗ ΠΑΡΟΧΗ ΥΠΗΡΕΣΙΩΝ ΔΗΜΙΟΥΡΓΙΑΣ ΝΕΩΝ & ΣΥΝΤΗΡΗΣΗ ΠΑΛΑΙΩΝ ΑΝΤΙΠΥΡΙΚΩΝ ΖΩΝΩΝ,26SYMV018920332,26SYMV018707525,,,,,2026-04-30T08:52:41.675,2026-04-29,2026-04-29,False,2026-05-10,False,,,,,4500072440,997180750,False,,,60000.0,,2,1,Όχι,EL,ΕΛΛΑΔΑ,99200358,ΕΛΛΗΝΙΚΑ ΑΜΥΝΤΙΚΑ ΣΥΣΤΗΜΑΤΑ  ΑΒΕΕ,6,Απευθείας ανάθεση,,YMHTTOS,17237,Δεν χρησιμοποιείται,Υπηρεσίες,Βάσει τιμής,Εκτός Γενικής Κυβέρνησης,ΝΠΙΔ,Άμυνα,1,Μήνες,6Τ3846ΨΧΗΘ-227,,,,61,ΓΡΑΦΕΙΟ ΔΙΕΥΘΥΝΟΝΤΟΣ ΣΥΜΒΟΥΛΟΥ,ΧΡΙΣΤΟΦΟΡΟΣ - ΕΜΜΑΝΟΥΗΛ ΜΠΟΥΤΣΙΚΑΚΗΣ - Διευθύνων Σύμβουλος,1,"[""998309282""]","[""IPIROTIKI FACILITY SERVICES ΑΝΩΝΥΜΟΣ ΙΔΙΩΤΙΚΗ ΕΤΑΙΡΕΙΑ ΠΑΡΟΧΗΣ ΥΠΗΡΕΣΙΩΝ ΚΑΘΑΡΙΣΜΟΥ, ΕΜΠΟΡΙΚΗ ΚΑΙ ΑΝΤΙΠΡΟΣΩΠΕΙΩΝ""]","[{""countryKey"": ""GR"", ""countryValue"": ""Ελλάδα"", ""name"": ""IPIROTIKI FACILITY SERVICES ΑΝΩΝΥΜΟΣ ΙΔΙΩΤΙΚΗ ΕΤΑΙΡΕΙΑ ΠΑΡΟΧΗΣ ΥΠΗΡΕΣΙΩΝ ΚΑΘΑΡΙΣΜΟΥ, ΕΜΠΟΡΙΚΗ ΚΑΙ ΑΝΤΙΠΡΟΣΩΠΕΙΩΝ"", ""vatNumber"": ""998309282""}]",998309282,"IPIROTIKI FACILITY SERVICES ΑΝΩΝΥΜΟΣ ΙΔΙΩΤΙΚΗ ΕΤΑΙΡΕΙΑ ΠΑΡΟΧΗΣ ΥΠΗΡΕΣΙΩΝ ΚΑΘΑΡΙΣΜΟΥ, ΕΜΠΟΡΙΚΗ ΚΑΙ ΑΝΤΙΠΡΟΣΩΠΕΙΩΝ",74400.0,60000.0,1Η ΤΡΟΠΟΠΟΙΗΣΗ ΠΑΡΟΧΗ ΥΠΗΡΕΣΙΩΝ ΔΗΜΙΟΥΡΓΙΑΣ ΝΕΩΝ & ΣΥΝΤΗΡΗΣΗ ΠΑΛΑΙΩΝ ΑΝΤΙΠΥΡΙΚΩΝ ΖΩΝΩΝ,75251110-4,Υπηρεσίες πρόληψης πυρκαγιών,Δεν εμπίπτει στο ΕΣΔ,26AWRD018700377,[]
ΣΥΜΒΑΣΗ ΓΙΑ ΤΗΝ ΠΡΟΜΗΘΕΙΑ 80 ΦΟΡΗΤΩΝ ΠΥΡΟΣΒΕΣΤΗΡΩΝ ΞΗΡΑΣ ΚΟΝΕΩΣ ΒΑΡΟΥΣ 6 ΚΙΛΩΝ ,26SYMV018924623,,,,,,2026-04-30T11:57:34.183,2026-04-29,2026-04-30,True,,False,,,,,7/2026,997875116,True,,,3225.8,,7,1,Όχι,EL305,Ανατολική Αττική,5002,ΠΕΡΙΦΕΡΕΙΑ ΑΤΤΙΚΗΣ,6,Απευθείας ανάθεση,,ΠΑΛΛΗΝΗ,15351,Δεν χρησιμοποιείται,Προμήθειες,Βάσει τιμής,ΟΤΑ,ΝΠΔΔ,Γενικές δημόσιες υπηρεσίες,15,Ημέρες,91ΠΟ7Λ7-7Δ4,,,,3120989001,ΔΙΕΥΘΥΝΣΗ ΟΙΚΟΝΟΜΙΚΩΝ Π.Ε. ΑΝΑΤΟΛΙΚΗΣ ΑΤΤΙΚΗΣ,ΣΤΑΥΡΟΥΛΑ ΜΑΚΡΗ - Αναπληρωτής Θεματικός Αντιπεριφερειάρχης,1,"[""802976473""]","[""ΚΑΛΟΦΩΛΙΑΣ ΔΗΜΗΤΡΙΟΣ MONΟΠΡΟΣΩΠΗ I.K.E.""]","[{""countryKey"": ""GR"", ""countryValue"": ""Ελλάδα"", ""name"": ""ΚΑΛΟΦΩΛΙΑΣ ΔΗΜΗΤΡΙΟΣ MONΟΠΡΟΣΩΠΗ I.K.E."", ""vatNumber"": ""802976473""}]",802976473,ΚΑΛΟΦΩΛΙΑΣ ΔΗΜΗΤΡΙΟΣ MONΟΠΡΟΣΩΠΗ I.K.E.,2579.2,2080.0,ΦΟΡΗΤΟΣ ΠΥΡΟΣΒΕΣΤΗΡΑΣ ΞΗΡΑΣ ΚΟΝΕΩΣ ΒΑΡΟΥΣ 6 ΚΙΛΩΝ ,35111320-4,Φορητοί πυροσβεστήρες,Δεν εμπίπτει στο ΕΣΔ,26AWRD018860794,[]
ΣΥΜΒΑΣΗ  για την υπηρεσία απομάκρυνσης αγριόχορτων από ΜΔΠΠ_Τμήμα 8,26SYMV018929432,,,,,,2026-04-30T19:12:06.565,2026-04-29,2026-04-29,False,2026-12-15,False,,,,,1361,099965892,True,,,28605.0,,1,14,Όχι,EL613,"Μαγνησία, Σποράδες",100061036,ΟΡΓΑΝΙΣΜΟΣ ΦΥΣΙΚΟΥ ΠΕΡΙΒΑΛΛΟΝΤΟΣ ΚΑΙ ΚΛΙΜΑΤΙΚΗΣ ΑΛΛΑΓΗΣ,6,Απευθείας ανάθεση,,ΑΘΗΝΑ,11525,Δεν χρησιμοποιείται,Υπηρεσίες,Βάσει τιμής,Κεντρική Κυβέρνηση,ΝΠΙΔ,Περιβάλλον,8,Μήνες, 9ΠΘΜ46ΜΑΖΤ-Ο8Λ,,,,61-00,ΤΜΗΜΑ ΠΡΟΜΗΘΕΙΩΝ,Κωνσταντίνος Τριάντης - Διευθύνων Σύμβουλος,1,"[""043778194""]","["" ΑΡΕΤΗ  ΓΚΑΡΑΝΑΤΣΙΟΥ""]","[{""countryKey"": ""GR"", ""countryValue"": ""Ελλάδα"", ""name"": "" ΑΡΕΤΗ  ΓΚΑΡΑΝΑΤΣΙΟΥ"", ""vatNumber"": ""043778194""}]",043778194, ΑΡΕΤΗ  ΓΚΑΡΑΝΑΤΣΙΟΥ,6076.0,4900.0,H δαπάνη αφορά την υπηρεσία κοπής και απομάκρυνσης αγριόχορτων από περιβάλλοντες χώρους των κτιρίων της ΜΔΠΠ 8_Τμήμα 8. ,77312000-0,Υπηρεσίες εκκαθάρισης από αγριόχορτα,Δεν εμπίπτει στο ΕΣΔ,26AWRD018888068,[]
ΑΠΟΨΙΛΩΣΕΙΣ ΚΛΑΔΕΜΑ ΔΕΝΤΡΩΝ ΣΕ ΚΟΙΝΟΧΡΗΣΤΟΥΣ ΧΩΡΟΥΣ & ΑΛΣΥΛΙΩΝ Δ.Ε ΚΑΣΤΑΝΙΑΣ,26SYMV018921338,,,,,,2026-04-30T09:42:56.701,2026-04-30,2026-04-30,False,2026-10-30,False,,,,,8660,998753608,True,,,6448.9,,1,1,Όχι,EL611,"Καρδίτσα, Τρίκαλα",100062933,ΔΗΜΟΣ ΜΕΤΕΩΡΩΝ,6,Απευθείας ανάθεση,,ΚΑΛΑΜΠΑΚΑ,42200,Δεν χρησιμοποιείται,Υπηρεσίες,Βάσει τιμής,ΟΤΑ,ΝΠΔΔ,Γενικές δημόσιες υπηρεσίες,6,Μήνες,Ψ5ΦΚ46ΜΜΥΗ-ΔΚΥ,,03.035.2420301001,,,ΠΡΟΥΠΟΛΟΓΙΣΜΟΥ-ΛΟΓΙΣΤΗΡΙΟΥ ΚΑΙ ΠΡΟΜΗΘΕΙΩΝ,Ελευθέριος Αβραμόπουλος - Δήμαρχος,1,"[""111325859""]","[""ΓΙΑΝΝΟΥΛΑΣ ΗΛΙΑΣ""]","[{""countryKey"": ""GR"", ""countryValue"": ""Ελλάδα"", ""name"": ""ΓΙΑΝΝΟΥΛΑΣ ΗΛΙΑΣ"", ""vatNumber"": ""111325859""}]",111325859,ΓΙΑΝΝΟΥΛΑΣ ΗΛΙΑΣ,7996.64,6448.9,"Εκρίζωση μεγάλων δένδρων περιμέτρου κορμού έως 0,30 m ",77340000-5,Κλάδεμα δένδρων και θάμνων,Δεν εμπίπτει στο ΕΣΔ,26AWRD018921169,[]
ΑΠΟΨΙΛΩΣΕΙΣ ΚΛΑΔΕΜΑ ΔΕΝΤΡΩΝ ΣΕ ΚΟΙΝΟΧΡΗΣΤΟΥΣ ΧΩΡΟΥΣ & ΑΛΣΥΛΙΩΝ Δ.Ε ΚΛΕΙΝΟΒΟΥ,26SYMV018921805,,,,,,2026-04-30T10:02:07.118,2026-04-30,2026-04-30,False,2026-10-30,False,,,,,8673,998753608,True,,,3194.45,,1,1,Όχι,EL611,"Καρδίτσα, Τρίκαλα",100062933,ΔΗΜΟΣ ΜΕΤΕΩΡΩΝ,6,Απευθείας ανάθεση,,ΚΑΛΑΜΠΑΚΑ,42200,Δεν χρησιμοποιείται,Υπηρεσίες,Βάσει τιμής,ΟΤΑ,ΝΠΔΔ,Γενικές δημόσιες υπηρεσίες,6,Μήνες,ΡΒ1546ΜΜΥΗ-2Ν5,,04.035.2420301001,,,ΤΟΜΕΑΣ ΔΙΟΙΚΗΣΗΣ & ΟΙΚΟΝΟΜΙΚΩΝ -ΤΜΗΜΑ ΠΡΟΜΗΘΕΙΩΝ,Ελευθέριος Αβραμόπουλος - Δήμαρχος,1,"[""111325859""]","[""ΓΙΑΝΝΟΥΛΑΣ ΗΛΙΑΣ""]","[{""countryKey"": ""GR"", ""countryValue"": ""Ελλάδα"", ""name"": ""ΓΙΑΝΝΟΥΛΑΣ ΗΛΙΑΣ"", ""vatNumber"": ""111325859""}]",111325859,ΓΙΑΝΝΟΥΛΑΣ ΗΛΙΑΣ,3961.12,3194.45,"Εκρίζωση μεγάλων δένδρων περιμέτρου κορμού έως 0,30 m ",77340000-5,Κλάδεμα δένδρων και θάμνων,Δεν εμπίπτει στο ΕΣΔ,26AWRD018921655,[]
ΑΠΟΨΙΛΩΣΕΙΣ ΚΛΑΔΕΜΑ ΔΕΝΤΡΩΝ ΣΕ ΚΟΙΝΟΧΡΗΣΤΟΥΣ ΧΩΡΟΥΣ & ΑΛΣΥΛΙΩΝ Δ.Ε ΤΥΜΦΑΙΩΝ,26SYMV018922109,,,,,,2026-04-30T10:14:14.458,2026-04-30,2026-04-30,False,2026-10-30,False,,,,,8679,998753608,True,,,4848.9,,1,1,Όχι,EL611,"Καρδίτσα, Τρίκαλα",100062933,ΔΗΜΟΣ ΜΕΤΕΩΡΩΝ,6,Απευθείας ανάθεση,,ΚΑΛΑΜΠΑΚΑ,42200,Δεν χρησιμοποιείται,Υπηρεσίες,Βάσει τιμής,ΟΤΑ,ΝΠΔΔ,Γενικές δημόσιες υπηρεσίες,6,Μήνες,9ΑΡΩ46ΜΜΥΗ-9Ω3,,05.035.2420301001,,,ΤΟΜΕΑΣ ΔΙΟΙΚΗΣΗΣ & ΟΙΚΟΝΟΜΙΚΩΝ -ΤΜΗΜΑ ΠΡΟΜΗΘΕΙΩΝ,Ελευθέριος Αβραμόπουλος - Δήμαρχος,1,"[""05.035.2420301001""]","[""ΓΕΩΡΓΙΟΥ ΙΩΑΝΝΗΣ""]","[{""countryKey"": ""GR"", ""countryValue"": ""Ελλάδα"", ""name"": ""ΓΕΩΡΓΙΟΥ ΙΩΑΝΝΗΣ"", ""vatNumber"": ""05.035.2420301001""}]",05.035.2420301001,ΓΕΩΡΓΙΟΥ ΙΩΑΝΝΗΣ,6012.64,4848.9,"Εκρίζωση μεγάλων δένδρων περιμέτρου κορμού έως 0,30 m ",77340000-5,Κλάδεμα δένδρων και θάμνων,Δεν εμπίπτει στο ΕΣΔ,26AWRD018921960,[]
ΣΥΜΒΑΣΗ ΜΕ Α.ΚΑΙΤΕΤΖΙΔΗ ΓΙΑ ΕΡΓΑΣΙΕΣ ΕΡΓ. & ΑΠΟΨΙΛΟΣΕΩΝ ΣΤΟΥΣ ΧΩΡΟΥΣ ΤΗΣ ΕΦΑ ΞΑΝΘΗΣ,26SYMV018922354,,,,,,2026-04-30T10:24:48.129,2026-04-30,2026-04-30,False,2026-10-31,False,,,,,188704,090283815,False,,,29700.0,,3,1,Ναι,EL,ΕΛΛΑΔΑ,100081912,ΥΠΟΥΡΓΕΙΟ ΠΟΛΙΤΙΣΜΟΥ,6,Απευθείας ανάθεση,,ΞΑΝΘΗ,67131,Δεν χρησιμοποιείται,Υπηρεσίες,Βάσει κόστους – άλλο,Κεντρική Κυβέρνηση,Κεντρική Διοίκηση,Πολιτισμός και θρησκεία,6,Μήνες,9Α0946ΝΚΟΤ-Ζ9Ο ,,,,3110901001,ΕΦΟΡΕΙΑ ΑΡΧΑΙΟΤΗΤΩΝ ΞΑΝΘΗΣ,ΜΑΡΙΑ ΧΡΥΣΑΦΗ - Αναπληρωτής Προϊστάμενος Διεύθυνσης,1,"[""078420701""]","[""ΚΑΙΤΕΤΖΙΔΗΣ Δ. ΑΛΕΞΑΝΔΡΟΣ""]","[{""countryKey"": ""GR"", ""countryValue"": ""Ελλάδα"", ""name"": ""ΚΑΙΤΕΤΖΙΔΗΣ Δ. ΑΛΕΞΑΝΔΡΟΣ"", ""vatNumber"": ""078420701""}]",078420701,ΚΑΙΤΕΤΖΙΔΗΣ Δ. ΑΛΕΞΑΝΔΡΟΣ,36828.0,29700.0,"Εργασίες καθαρισμού, ευπρεπισμού και αποψίλωσης αρχαιολογικών χώρων και μνημείων αρμοδιότητας της ΕΦΑ Ξάνθης",77312000-0,Υπηρεσίες εκκαθάρισης από αγριόχορτα,Δεν εμπίπτει στο ΕΣΔ,26AWRD018920298,[]
ΕΡΓΑΣΙΕΣ ΠΥΡΑΣΦΑΛΕΙΑΣ ΚΑΙ ΠΡΟΣΑΡΜΟΓΗΣ ΤΟΥ ΚΤΙΡΙΟΥ ΣΤΙΣ ΠΡΟΔΙΑΓΡΑΦΕΣ ΓΙΑ ΧΟΡΗΓΗΣΗ ΑΔΕΙΑΣ ΙΔΡΥΣΗΣ ΚΑΙ ,26SYMV018924293,,,,,,2026-04-30T11:44:04.099,2026-04-30,2026-04-30,False,2026-10-30,False,,,,,12324,997817113,False,,,119658.12,,6,1,Όχι,EL411,"Λέσβος, Λήμνος",100049029,ΔΗΜΟΣ ΜΥΤΙΛΗΝΗΣ,1,Ανοιχτή διαδικασία,,ΜΥΤΙΛΗΝΗ,81132,Δεν χρησιμοποιείται,Έργα,Βάσει τιμής,ΟΤΑ,ΝΠΔΔ,Γενικές δημόσιες υπηρεσίες,6,Μήνες,Ψ8ΙΖ46ΜΓΘΓ-47Ρ,,,,,ΔΙΕΥΘΥΝΣΗ ΤΕΧΝΙΚΩΝ ΥΠΗΡΕΣΙΩΝ,ΠΑΝΑΓΙΩΤΗΣ ΧΡΙΣΤΟΦΑΣ - Δήμαρχος,1,"[""141263133""]","[""ΑΝΤΩΝΙΟΣ ΠΑΥΛΗΣ ΤΟΥ ΣΤΥΛΙΑΝΟΥ""]","[{""countryKey"": ""GR"", ""countryValue"": ""Ελλάδα"", ""name"": ""ΑΝΤΩΝΙΟΣ ΠΑΥΛΗΣ ΤΟΥ ΣΤΥΛΙΑΝΟΥ"", ""vatNumber"": ""141263133""}]",141263133,ΑΝΤΩΝΙΟΣ ΠΑΥΛΗΣ ΤΟΥ ΣΤΥΛΙΑΝΟΥ,92168.4,78776.41,"ΣΥΜΒΑΣΗ ΚΑΤΑΣΚΕΥΗΣ ΤΟΥ ΕΡΓΟΥ ""ΕΡΓΑΣΙΕΣ ΠΥΡΑΣΦΑΛΕΙΑΣ ΚΑΙ ΠΡΟΣΑΡΜΟΓΗΣ ΤΟΥ ΚΤΙΡΙΟΥ ΣΤΙΣ ΠΡΟΔΙΑΓΡΑΦΕΣ ΓΙΑ ΧΟΡΗΓΗΣΗ ΑΔΕΙΑΣ ΙΔΡΥΣΗΣ ΚΑΙ ΛΕΙΤΟΥΡΓΙΑΣ Μ.Φ.Η. ΣΤΟ ΜΙΧΑΛΕΛΕΙΟ ΓΗΡΟΚΟΜΕΙΟ ΠΛΩΜΑΡΙΟΥ""",45215213-3 | 45343100-4,Κατασκευαστικές εργασίες για γηροκομεία στα οποία παρέχεται και περίθαλψη | Εργασίες πυροπροστασίας,Δεν εμπίπτει στο ΕΣΔ,26AWRD018764055,[]
Καθαρισμός –Αποψίλωση κοινόχρηστων χώρων και οικοπέδων του Δήμου Ιλίου προς πρόληψη πυρκαγιών,26SYMV018926380,,,,,,2026-04-30T13:08:26.123,2026-04-30,2026-04-30,False,2027-04-30,False,,,,,15042,090076918,False,,,29941.0,,2,1,Όχι,EL302,Δυτικός Τομέας Αθηνών,6123,ΔΗΜΟΣ ΙΛΙΟΥ,6,Απευθείας ανάθεση,,ΙΛΙΟΝ,13122,Δεν χρησιμοποιείται,Υπηρεσίες,Βάσει τιμής,ΟΤΑ,ΝΠΔΔ,Γενικές δημόσιες υπηρεσίες,12,Μήνες,9035ΩΕΒ-ΛΩΞ ,,,,065.2420989.001   ,ΔΙΕΥΘΥΝΣΗ ΟΙΚΟΝΟΜΙΚΩΝ ΥΠΗΡΕΣΙΩΝ,ΑΝΔΡΙΑΝΑ ΑΛΕΒΙΖΟΥ - Δήμαρχος,1,"[""053435746""]","[""ΛΥΣΙΣ ΠΕΡΙΒΑΛΛΟΝΤΙΚΕΣ ΑΝΑΠΤΥΞΙΑΚΕΣ ΕΦΑΡΜΟΓΕΣ _ΠΑΙΝΕΣΗΣ ΜΑΡΙΝΟΣ» ""]","[{""countryKey"": ""GR"", ""countryValue"": ""Ελλάδα"", ""name"": ""ΛΥΣΙΣ ΠΕΡΙΒΑΛΛΟΝΤΙΚΕΣ ΑΝΑΠΤΥΞΙΑΚΕΣ ΕΦΑΡΜΟΓΕΣ _ΠΑΙΝΕΣΗΣ ΜΑΡΙΝΟΣ» "", ""vatNumber"": ""053435746""}]",053435746,ΛΥΣΙΣ ΠΕΡΙΒΑΛΛΟΝΤΙΚΕΣ ΑΝΑΠΤΥΞΙΑΚΕΣ ΕΦΑΡΜΟΓΕΣ _ΠΑΙΝΕΣΗΣ ΜΑΡΙΝΟΣ» ,32897.2,26530.0,Καθαρισμός – Αποψίλωση κοινόχρηστων χώρων και οικοπέδων του Δήμου προς πρόληψη πυρκαγιών,77312000-0,Υπηρεσίες εκκαθάρισης από αγριόχορτα,Δεν εμπίπτει στο ΕΣΔ,26AWRD018852816,[]
"ΣΥΜΦΩΝΗΤΙΚΟ Για την κοπή των χόρτων, τον καθαρισμό και ευπρεπισμό του αρχαιολογικού χώρου της Πέλλας",26SYMV018926887,,,,,,2026-04-30T13:32:32.765,2026-04-30,2026-05-04,False,2026-08-31,False,,,,,190110,090283815,False,,,29800.0,,3,1,Ναι,EL524,Πέλλα,100081912,ΥΠΟΥΡΓΕΙΟ ΠΟΛΙΤΙΣΜΟΥ,6,Απευθείας ανάθεση,,ΠΕΛΛΑ,58005,Δεν χρησιμοποιείται,Υπηρεσίες,Βάσει τιμής,Κεντρική Κυβέρνηση,Κεντρική Διοίκηση,Πολιτισμός και θρησκεία,4,Μήνες,9Ε0Ζ46ΝΚΟΤ-ΒΒΨ,,,,2420989001,ΕΦΟΡΕΙΑ ΑΡΧΑΙΟΤΗΤΩΝ ΠΕΛΛΑΣ,ΓΕΩΡΓΙΟΣ ΣΤΑΛΙΔΗΣ - Αναπληρωτής Προϊστάμενος,1,"[""998693459""]","[""ΒΑΣΙΛΕΙΑΔΗΣ – ΚΙΟΚΠΑΣΟΓΛΟΥ Ο.Ε.""]","[{""countryKey"": ""GR"", ""countryValue"": ""Ελλάδα"", ""name"": ""ΒΑΣΙΛΕΙΑΔΗΣ – ΚΙΟΚΠΑΣΟΓΛΟΥ Ο.Ε."", ""vatNumber"": ""998693459""}]",998693459,ΒΑΣΙΛΕΙΑΔΗΣ – ΚΙΟΚΠΑΣΟΓΛΟΥ Ο.Ε.,36952.0,29800.0,"Αποψίλωση, καθαρισμός και ευπρεπισμός του αρχαιολογικού χώρου της Πέλλας, του αρχαιολογικού χώρου του Ανακτόρου Πέλλας, του αρχαιολογικού χώρου Λόγγου Έδεσσας και της πλατείας Βαροσίου",77312000-0,Υπηρεσίες εκκαθάρισης από αγριόχορτα,Δεν εμπίπτει στο ΕΣΔ,26AWRD018926356,[]
"Σύμβαση υπηρεσιών καθαρισμού,αποψίλωσης αρχ.χώρων αρμοδίοτητας ΕΦΑ Δράμας",26SYMV018927394,,,,,,2026-04-30T13:54:08.563,2026-04-30,2026-04-30,False,2026-10-31,False,,,,,189986,090283815,False,,,29838.71,,3,1,Ναι,EL514,Δράμα,100081912,ΥΠΟΥΡΓΕΙΟ ΠΟΛΙΤΙΣΜΟΥ,6,Απευθείας ανάθεση,,ΔΡΑΜΑ,66133,Δεν χρησιμοποιείται,Υπηρεσίες,Βάσει τιμής,Κεντρική Κυβέρνηση,Κεντρική Διοίκηση,Πολιτισμός και θρησκεία,8,Μήνες,Ψ5ΑΜ46ΝΚΟΤ-ΩΡΧ,,,,2420989001,ΕΦΟΡΕΙΑ ΑΡΧΑΙΟΤΗΤΩΝ ΔΡΑΜΑΣ,ΒΑΣΙΛΙΚΗ ΠΟΥΛΙΟΥΔΗ - Αναπληρωτής Προϊστάμενος,1,"[""050232986""]","[""ΠΑΝΤΟΥΛΗΣ ΦΩΤΙΟΣ""]","[{""countryKey"": ""GR"", ""countryValue"": ""Ελλάδα"", ""name"": ""ΠΑΝΤΟΥΛΗΣ ΦΩΤΙΟΣ"", ""vatNumber"": ""050232986""}]",050232986,ΠΑΝΤΟΥΛΗΣ ΦΩΤΙΟΣ,74000.0,59677.42,"Υπηρεσίες αποψίλωσης και διαχείρισης βλάστησης για τη μέριμνα, τη διαμόρφωση, τον ευπρεπισμό και τον καθαρισμό των αρχαιολογικών χώρων αρμοδίοτητας της ΕΦΑ Δράμας | Υπηρεσίες αποψίλωσης και διαχείρισης βλάστησης για τη μέριμνα, τη διαμόρφωση, τον ευπρεπισμό και τον καθαρισμό των αρχαιολογικών χώρων αρμοδίοτητας της ΕΦΑ Δράμας",77312000-0 | 77340000-5 | 77340000-5,Υπηρεσίες εκκαθάρισης από αγριόχορτα | Κλάδεμα δένδρων και θάμνων | Κλάδεμα δένδρων και θάμνων,Δεν εμπίπτει στο ΕΣΔ | Δεν εμπίπτει στο ΕΣΔ,26AWRD018894859,[]
ΣΥΜΦΩΝΗΤΙΚΟ ΠΑΡΟΧΗΣ ΥΠΗΡΕΣΙΩΝ για «Αποψιλώσεις - αποκλαδώσεις σε χώρους αρμοδιότητας της Εφορείας Αρ,26SYMV018927559,,,,,,2026-04-30T14:00:29.299,2026-04-30,2026-04-30,False,2026-11-30,False,,,,,189357,090283815,True,,,85546.0,,2,1,Ναι,EL303,Κεντρικός Τομέας Αθηνών,100081912,ΥΠΟΥΡΓΕΙΟ ΠΟΛΙΤΙΣΜΟΥ,1,Ανοιχτή διαδικασία,,ΑΘΗΝΑ,11742,Δεν χρησιμοποιείται,Υπηρεσίες,Βάσει τιμής,Κεντρική Κυβέρνηση,Κεντρική Διοίκηση,Πολιτισμός και θρησκεία,9,Μήνες,6ΜΠΒ46ΝΚΟΤ-ΙΣ4,,,,2420989001,ΕΦΟΡΕΙΑ ΑΡΧΑΙΟΤΗΤΩΝ ΠΟΛΗΣ ΑΘΗΝΩΝ,ΕΛΕΝΑ ΚΟΥΝΤΟΥΡΗ - Αναπληρωτής Προϊστάμενος,1,"[""998255970""]","[""ΑΝΑΠΤΥΞΙΑΚΗ ΠΡΑΣΙΝΟΥ & ΣΙΑ ΕΕ""]","[{""countryKey"": ""GR"", ""countryValue"": ""Ελλάδα"", ""name"": ""ΑΝΑΠΤΥΞΙΑΚΗ ΠΡΑΣΙΝΟΥ & ΣΙΑ ΕΕ"", ""vatNumber"": ""998255970""}]",998255970,ΑΝΑΠΤΥΞΙΑΚΗ ΠΡΑΣΙΝΟΥ & ΣΙΑ ΕΕ,106077.04,85546.0,"ΣΥΜΦΩΝΗΤΙΚΟ ΠΑΡΟΧΗΣ ΥΠΗΡΕΣΙΩΝ για «Αποψιλώσεις - αποκλαδώσεις σε χώρους αρμοδιότητας της Εφορείας Αρχαιοτήτων πόλης Αθηνών» CPV: 77210000-5 Υπηρεσίες υλοτομίας, 77312000-0 Υπηρεσίες εκκαθάρισης από αγριόχορτα, 77340000-5 Κλάδεμα δένδρων και θάμνων, 90513200-8 Υπηρεσίες διάθεσης στερεών αστικών απορριμμάτων | ΣΥΜΦΩΝΗΤΙΚΟ ΠΑΡΟΧΗΣ ΥΠΗΡΕΣΙΩΝ
για «Αποψιλώσεις - αποκλαδώσεις σε χώρους αρμοδιότητας
της Εφορείας Αρχαιοτήτων πόλης Αθηνών»
CPV: 77210000-5 Υπηρεσίες υλοτομίας, 77312000-0 Υπηρεσίες εκκαθάρισης από αγριόχορτα,
77340000-5 Κλάδεμα δένδρων και θάμνων, 90513200-8 Υπηρεσίες διάθεσης στερεών αστικών
απορριμμάτων | ΣΥΜΦΩΝΗΤΙΚΟ ΠΑΡΟΧΗΣ ΥΠΗΡΕΣΙΩΝ
για «Αποψιλώσεις - αποκλαδώσεις σε χώρους αρμοδιότητας
της Εφορείας Αρχαιοτήτων πόλης Αθηνών»
CPV: 77210000-5 Υπηρεσίες υλοτομίας, 77312000-0 Υπηρεσίες εκκαθάρισης από αγριόχορτα,
77340000-5 Κλάδεμα δένδρων και θάμνων, 90513200-8 Υπηρεσίες διάθεσης στερεών αστικών
απορριμμάτων | ΣΥΜΦΩΝΗΤΙΚΟ ΠΑΡΟΧΗΣ ΥΠΗΡΕΣΙΩΝ
για «Αποψιλώσεις - αποκλαδώσεις σε χώρους αρμοδιότητας
της Εφορείας Αρχαιοτήτων πόλης Αθηνών»
CPV: 77210000-5 Υπηρεσίες υλοτομίας, 77312000-0 Υπηρεσίες εκκαθάρισης από αγριόχορτα,
77340000-5 Κλάδεμα δένδρων και θάμνων, 90513200-8 Υπηρεσίες διάθεσης στερεών αστικών
απορριμμάτων | ΣΥΜΦΩΝΗΤΙΚΟ ΠΑΡΟΧΗΣ ΥΠΗΡΕΣΙΩΝ
για «Αποψιλώσεις - αποκλαδώσεις σε χώρους αρμοδιότητας
της Εφορείας Αρχαιοτήτων πόλης Αθηνών»
CPV: 77210000-5 Υπηρεσίες υλοτομίας, 77312000-0 Υπηρεσίες εκκαθάρισης από αγριόχορτα,
77340000-5 Κλάδεμα δένδρων και θάμνων, 90513200-8 Υπηρεσίες διάθεσης στερεών αστικών
απορριμμάτων |  ΣΥΜΦΩΝΗΤΙΚΟ ΠΑΡΟΧΗΣ ΥΠΗΡΕΣΙΩΝ
για «Αποψιλώσεις - αποκλαδώσεις σε χώρους αρμοδιότητας
της Εφορείας Αρχαιοτήτων πόλης Αθηνών»
CPV: 77210000-5 Υπηρεσίες υλοτομίας, 77312000-0 Υπηρεσίες εκκαθάρισης από αγριόχορτα,
77340000-5 Κλάδεμα δένδρων και θάμνων, 90513200-8 Υπηρεσίες διάθεσης στερεών αστικών
απορριμμάτων",77210000-5 | 77312000-0 | 77312000-0 | 77340000-5 | 90513200-8 | 77210000-5 | 77210000-5,Υπηρεσίες υλοτομίας | Υπηρεσίες εκκαθάρισης από αγριόχορτα | Υπηρεσίες εκκαθάρισης από αγριόχορτα | Κλάδεμα δένδρων και θάμνων | Υπηρεσίες διάθεσης στερεών αστικών απορριμμάτων | Υπηρεσίες υλοτομίας | Υπηρεσίες υλοτομίας,Δεν εμπίπτει στο ΕΣΔ | Δεν εμπίπτει στο ΕΣΔ | Δεν εμπίπτει στο ΕΣΔ | Δεν εμπίπτει στο ΕΣΔ | Δεν εμπίπτει στο ΕΣΔ | Δεν εμπίπτει στο ΕΣΔ,26AWRD018686693,[]
"Σύμβαση για την παροχή υπηρεσιών για την αποψίλωση, τον καθαρισμό κ τον ευπρεπισμό στην Κάρυστο 2026",26SYMV018927684,,,,,,2026-04-30T14:05:28.686,2026-04-30,2026-04-30,False,2026-05-31,False,,,,,189451 ,090283815,True,,,2250.0,,1,1,Ναι,EL64,Στερεά Ελλάδα,100081912,ΥΠΟΥΡΓΕΙΟ ΠΟΛΙΤΙΣΜΟΥ,6,Απευθείας ανάθεση,,ΧΑΛΚΙΔΑ,34100,Δεν χρησιμοποιείται,Υπηρεσίες,Βάσει τιμής,Κεντρική Κυβέρνηση,Κεντρική Διοίκηση,Πολιτισμός και θρησκεία,1,Μήνες,9ΝΠΕ46ΝΚΟΤ-ΣΧΗ,,,,2420989001,ΕΦΟΡΕΙΑ ΑΡΧΑΙΟΤΗΤΩΝ ΕΥΒΟΙΑΣ,ΔΗΜΗΤΡΙΟΣ ΧΡΙΣΤΟΔΟΥΛΟΥ - Αναπληρωτής Προϊστάμενος Διεύθυνσης,1,"[""043543909""]","[""ΣΦΥΡΙΔΗΣ Γ. ΔΗΜΗΤΡΙΟΣ ""]","[{""countryKey"": ""GR"", ""countryValue"": ""Ελλάδα"", ""name"": ""ΣΦΥΡΙΔΗΣ Γ. ΔΗΜΗΤΡΙΟΣ "", ""vatNumber"": ""043543909""}]",043543909,ΣΦΥΡΙΔΗΣ Γ. ΔΗΜΗΤΡΙΟΣ ,2790.0,2250.0,"Σύμβαση για την παροχή υπηρεσιών για την αποψίλωση, τον καθαρισμό και τον ευπρεπισμό των αρχαιολογικών χώρων και μνημείων αρμοδιότητας της ΕΦΑ Ευβοίας στη Νότια Εύβοια (Δήμος Καρύστου), οικονομικού έτους 2026",77312000-0 | 90600000-3,Υπηρεσίες εκκαθάρισης από αγριόχορτα | Υπηρεσίες καθαριότητας και εξυγίανσης σε αστικές ή αγροτικές ζώνες,Δεν εμπίπτει στο ΕΣΔ,26AWRD018891201,[]
